file_name,dialect,reference,prediction
test_barishal_0001.wav,barishal,"অরে বিশটা টাহা দিছি, অর পোলারে বিশটা টাহা দিছি। পোলার বিশ টাহা খাইয়া অর বিশ টাহা নেতে অইছে। টাহা বাও আতে লইয়া, এমন ভাবে হিরি-মিরি দিয়া ডাইন আইদ্দা ধরছে অরে চাইপ্পা। এহন, ঠিকই তো করছে, ও ছাড়েই আর ও ছুইড্ডা যাওয়ার চেষ্টা করে পারে না, ঘোরতে ঘোরতে দোনোডা পড়ছে ঢ্যাফোড়াইয়া",্টাদিসের বৃষ্িপলার বষ্টিে খাই ও র বৃষ্টিতাহা বাওয়াতে লইয়া এমনপু হিরিমিটি ডাইনিতে ধরসারে সাইদ পেয়েও ছাড়েই নারও ছুড্যে যাওয়ার চেষ্টাকারে পারেনা ঘরতে করতে তৌরুডা পাড়ছে
test_barishal_0002.wav,barishal,"গরম লাগে <> কী আছে? কই দেহি। ও পড়বে হোনেন না? ও দেইক্কা মনে অয় ই করছে। না এতে গরম লাগে তো, হাত <> দেয় নাই, ইদের সময় কিনছি না, কাইলগো ওই পোলায় হেই রাত্তিরে বাইর কইররা পড়াই দেছে <>",ওইপহনাদায়িকেমানাইের এতে গরম লাগেত হতব্দেশবাটিভবে টানি কুা রাক
test_barishal_0003.wav,barishal,"দেখি না, চোখে দেখি না, চশমা ছাড়া, খালি দেখি বইসসা রইছে। ওয়া কার কতা কইলেন যে ওই মায়রে, গরু ঘরে ফ্যান দেছে, মায়রে দেয় না ফ্যান? ওই উত্তরবঙ্গে কাইলকে নেডে দেহাইছে। হেয়া দেহায় কত, নেডের কারবার, না নেডের কারবার না বাস্তব",ওয়াকা আর কথা করলেন যেবাইরে গরুগর ্রান্তিসে মাইরে দেনাপেই উত্তরবঙ্গে কালকে নিরে দোআতেহেকেকনানারের কারনে বাস্তব
test_barishal_0004.wav,barishal,"বাস্তবেই তো, মিডিয়া গ্যাছে, হেইনের মেয়র গ্যাছে, নানান প্রশ্ন। হেয়া মনে করেন এক লোক চালাইলো হেইয়া দ্যাকলাম পাঁচ-ছয় জোনে। অনেক প্রশ্ন। পরে হ্যাষে মাফ চাইছে কয় আসলে আমার ভুল অইছে আমি মাফ চাই, আমি এরম কাম আর কোনোদিন করমু না। ওইরম কয়ই, হালারপো হালা, ওই যে দেকছি এক্কারে গায় না আড্ডি নাই, হয়, মানে মাংস নাই খালি আড্ডি",মিলিয়ে গেছে হেনের মেয়র গেছে নানান প্রশ্নও হে মনে করেন এক লোক চালাইলেও হয়ে দেখলাম পাঁ ছ়জনে অনেক প্রশ্ন পরা শেষে মাফ চাইছু কা আ আি া
test_barishal_0005.wav,barishal,"এহেইনদিয়া বউর কতায় এহিনদা টানতে টানতে আমাগো দরজা ছাড়াইয়া নিছে আর পিডায় আর কান্দে, ""ওরে বাবারে আমারে এরম টানিছ না, আমার পার ছাল যায় আমি ব্যতা পাই"", হেইয়াও তো মিডিয়া মুডিয়া কত আইছে, বাস্তবের গটনাই কিন্তু ওইয়া দেহায়, শিখার জন্য কিন্তু কাজে দেয়া না",এেহেন দিয়ে বোর কতাহিনদের টানতে টান তামাগো দরজা সারাইয়া নিছে আর পিডায়ার কান্দর বাবারে আমার েরং টানিস নামার পার ালমিডিয়ে মুডিয়ে থারযে বাস্তবের ঘটনায় কিন্তু ওই়দেহায় শিক্ষার জন্য
test_barishal_0006.wav,barishal,"<> হেরও ছয় পোলা তিন মাইয়া, সবাই বড় বড় প্রোফেশনে, ওই বাত পড়বে, শিক্ষিতরাই এই কাম বেশি করে, নাই বাত খাওয়া শ্যাষ, আমি দেকছি",হ্যারু ছয়পোলাতিন মাইয়া সবাই বড় বা করলেন শিক্ষিতরা এগিয়ে াসআমি দেখছি
test_barishal_0007.wav,barishal,"আম্নে দ্যাকপেন, আফু বাত পড়বে, আমাগো মতো দিনমজুরির রিকশা আলারা, ব্যান আলারা, বদলা-কামলারা জীবনে মা-বাফ হালাইবে না, আইগগা যতি মাহেও হেই বিছনা পোলাপানে পরিস্কার করে, তমু হালাই দে না আর যত এই দুই-একটা বড় ধরনের গটনা দেহি, এয়া বড়লোকের বিত্রে অয়, মান-সন্মান, প্যাট্টিসে বাজে মা-বাফ পরিচয়ই দেতে আরে না",ব্যাকপ্রেন াক মতুন দিনি জুড়ি রিক শেলারা ভ্যান্ডালারা বদলাখানলেরা জীবনে মাবা ফেলাইবে না আইগেজুতি মাহেওহই দিস্নে পোলা পানি পরিষ্কার করে তোমা হালাইবেন আর এই যতই দু একটা বড় ধরনের ঘটনাদেহী বড়লোকের ভিত্রে হয় মান সন্মান প্যাট টিচে পেতে না বা পরিচয় এই দেইতারেনা
test_barishal_0008.wav,barishal,"এহন অরে ঢাকা দিছে ওই বুলেট কলেজে পড়তে ও বিশাল বড় ধরনের একটা ছাত্র অইছে। এহন চাকরি পাইবে, বাংলাদেশ সরকার চাকরী দিছে দুই লাক টাহা বেতন। বিয়া করলো পটুয়াখালীর এক রূপোসী মাইয়া। কইবে ওই ফকিন্নিগো পরিচয়ই দিবি না, অর বাফে তো যাইবে একটা শার্ট গায় দিয়া",নর অরে ঢাকা দিছে বুলেট কলেজে পড়তে ও বিশল বড় ধরনের একটা ছাত্র হয়েছে চাকরি পেবে বাংলাদেশ সরকার চাকরি দিয়্ছে দুই লেখটা বেতন বিয়ে কালো ফটু খালির এক রুপু সীমাইয়া কইবৈ খুনিগো পরিচয় দেবেন র বাপে তো যাইবে এটাশাআট গায় দিয়া
test_barishal_0009.wav,barishal,"পায় এট্টু চডি পিইন্দ্যা, এয়া পরিচয় দেলে, বউর প্যাট্টিসে থাকে না, হ্যাষে কী করবে উনি ওনার বাবারেই চেনবে না। না, এইরম অয়, বিয়া করলে করবি নোয়াখাইল্লা, হাইতান্নো। হাইতান্নো, ক্যা <> বাড়ি একজোনে করছে না, হেয়ারপর বোলে বাড়িই আয় নাই",পায়টু সডি সডি ফিন্ডা পরিচয় দিলেই বোর প্যাটিসে থাকে নাহাসে কি করবে উনিওনার বাবা রইেছেনে না এরময়
test_barishal_0010.wav,barishal,"নোয়াখালী? নোয়াখালী? ওই এর, মনাইর বড় পোলা। এ আর অরা যে কী কয়, হাইতান্নো, হুইতান্নো, আস আয়, মানে আসতে আসতে মইররা যাওয়া লাগে আমাগো লগে একটা পোলা আছিলো, নাম অইলো আরিফ, বইয়া খাও, বইয়া খাও, হের জ্বর আইলে যে চিকরা-চিকরি শুরু করতো",এরাজে কিকয়সাহেব মারে আস তাস্তে মরিজবলা গাঙ্গোলাক একটা ফোলা আছিল নাউইলো আরিফ জরাইলে দেচিক্রেচিকরি শুরু করত
test_barishal_0011.wav,barishal,"তরতরি খা নাইলে বাবু মারবে, মাজে মাজে কইতাম আরিফ পানি বানান করতে পারো? কয় ফারি। কই কর দেহি। হয় আকার নয় রসসি হানি, এইত শালা, হইছে পানি বানান? হানি। হয় আকার নয় রসসি হানি। আমগো লগে অনেক ভাড়া রইছে, হেইরপর আমাগো বাড়ির আশেপাশে বেশিরভাগ নোয়াখালী, দাদায় তো গালাগালি করে",মানে মাদেকে কেমারি পানি বেনাম করতে পারে পাই পারি কারবিক পায়াকা ৯রশি হাংিালায়া
test_barishal_0012.wav,barishal,"<> তরতরি যা তয় তরতরি যা, কলে যাইয়া ধুই আয়, আমার আমরা যে ভাই, গৌরনদী আমরা যে, উই যে খোরশিদ ডাক্তার অরা কিন্তু নোয়াখাইল্লা। খোরশেদ ডাক্তার? হুম। একচুয়ালি অরা জন্মগত নোয়াখাইল্লা। কিন্তু অরা খোরশেদ ডাক্তার আমাগো এইজায়গা আইছে, এই কত মানুষ জানেন এই গৌরনদীর বুকে বাংলাদেশের প্রত্যেকটা জিলার লোক আছে গৌরনদীতে, গৌরনদীতে এমন কোনো লোক নাই, আইয়া জাগা-জোগা কিন্না",ািয ারে ডাবা কিনদু না জন্ম ঘটা ো মানুষ জানে নেই গরুণীদের বুকে বাংলাদেশের পড়তেকটা জিলের লোক আছে ন্যদিকে এইয়া জায়গাজো
test_barishal_0013.wav,barishal,"কান্টিরি কি এমন কোনো ডিষ্টিকের লোক নাই, না আছে মামা, এমন কোনো লোক নাই। মানি এই খোরশেদ ডাক্তার আইছে আমি তো ই করি না আমার মায় হেরা কইছে, একালে অর বাই আমানুল্লা",কানটিরি কেমন পুনুদৃষ্টিকের লগনেখোষের দাখতারা়সা আমিতইকরে নাআমার মা়হারাতেছ অরবাই আমানল
test_barishal_0014.wav,barishal,"হ্যারপর দেহি রডের কামে আত-পায়ে ফাডে অনেক ছেন্নি-ঠেন্নির বারি-বুরি খাইয়া, দিলাম বাদ",তারপর কেহি রডের গ্রামে আক সা়ে অনেক সময় ছনি ঠেন বাড়িুরি দিলেন বার
test_barishal_0015.wav,barishal,"শুরু কইরা, এক ইস্কুলনেসপেক্টারের মাইয়া কয় যেমন <> এদিগ আয়। কোয়াটারে তরতরি। টিএনও থাকে হেইডা, আর ওনার কোয়াটার শুরাইবে গুদুলি। হেইয়া সম্পর্ক অইছে, এমন কালা বালো দেহায় না আপারে।",্ুসপেক্টাোই়াখসেটা য়ারে ন থাকে ইটায়া রধর এবংতালাফরে
test_barishal_0016.wav,barishal,"হেইয়া দুইজনে সম্পর্ক করছে, আপার আগে চাকরি হইছে। হেই চাকরি কইরা, হেই খোরশেদ ডাক্তাররে পড়াইয়া ডাক্তার বানাইছে। এহন আর হেরে বালো লাগে না তিনডা মাইয়া। একটা মাইয়া তুই বাত খাইছো? ই বাবে পড়ে। অ্যা? আরেকটা মাইয়া জানি কি করে। খাইসছ বাত? দুইডারই বিয়া হইছে, বাত খাওয়াইছেন? একটার বিয়া অয় নাই। <> ইকটু লুডুসহান দিছি হেও খায় না।",াি এোই়বাছাটাখাইার বায়া
test_barishal_0017.wav,barishal,অ্যাহন আপনেগো লগে খায় না? হেই খোরশেদ ডাক্তার বিয়া করছে তিনডা। আর মানষে কয় <> হ ওইডুক বয়সে। খাইবে কি হেলে? হেইলে মাইয়ার চেহারা যাইবে আরও। ফাহে ফাহে খাওয়ানের চেষ্টা করতে অইবে। আর আমার এই হোম মিনিষ্টার খুপ চালু লোক। হেয় যদি আছকের বেলায় না খাবে তয় রাত্রে আর খাওয়া হবে না।,কহায়েফাহে খাওয়ানের চেষ্টা করতই বেয়ার আমারই হোমিনিস্টার খুব চালো লোক আসতে বেলায় না খাবে তার গাতরে াবোনা
test_barishal_0018.wav,barishal,"এ বু এ, উনি জানে, এ বুড়ি আয়, ডিম হেদ্ধ খায় না, অরে এইয়া ই খাওয়ান জিংক সিরাপ খাওয়ান তিনডা, জিংক সিরাপ কাইলও একটা আনছি। এক্কারে খাওয়াইন্না, আয় টি, টি, টি, টি, টি, এই লোকের সমস্যা, এই লোকেরে বারবার আমি কইছি একটা শ্যাষ অওয়ার আগে আবার একটা, না একসাথে কী খাওয়াইবে",আ জেটে ডেটে দেটেদি ান কজিদো
test_barishal_0019.wav,barishal,"মানে কোনো মানে টাইমলি, না বাত, ওই বড়ো পোলা বাত খাইতে চায় না, মানে টাইম টু টাইম। তিনমাস খাওয়াইতেন। তিনমাস কী তিনডা আইন্না খাওয়ায়, একটা আর কি একমাস যায়, তিনডা অইলো কোর্স, তিনডায় যাইবে একুশ দিন, তিনডায় কোর্স একটা খাওয়াইলে কাম অইবে না, তুমি এই সকাল দশটায়, সকাল আটটায় খাওয়াবা, আরে এই লোক, এয়ারপর মনে করো",োনা বা়াতোবাবলা আবা খেতে চান১ কেপিেয়লো ক২১ দিনসা১০কাল
test_barishal_0020.wav,barishal,"এক্কারে একটায় খাওয়াবা হেইরপরে সন্দায় খাওয়াবা, হ খালি এক্কারে বউর দোষ, এই লোক। আরে খারান মেয়া শিক্কিত কি কোম নি? টু পাস লোক, কলেজের বারান্দায় ঘোরছে, এই লোক যতি একবেলা ওষুদ মিস দেয় পরেরবেলা দুইবেলারডা একচোডে খাওয়ায়, হ এক্কালে দুইবেলা, অরে হাগ দে, হাগ দে অ্যান্টিবায়োটিক তরিত হেইয়া খাওয়াইছে। না, না, না, খবরদার",রখারানে আসকমনিটুপাসলোকলের ানান ঘ়ছে এই লোক জুটি একবলা ওষুত নিচ দেয় পড়ের বেলায় দুই বেলা ডাক দেলে এনটিবে তুরি থেকে ়ছি
test_barishal_0021.wav,barishal,"কন দেহি, কতা না জানি না মানে এইগুলি করবা না, রিঅ্যাকশন করবে। খাওয়াইয়া আমিনুইল্লারে মারছিলি না <> মুই প্রথম, মুই অইলো মনে কর চাহা, মোর বদনাম কী ?",তা ানে এুলি পরবরিহওয়াই়া আমদুলের মার্সিলিনেমিবত ্যমুহল মনেকরছেবর বাদ নাম
test_barishal_0022.wav,barishal,"একটা কৌড্ডায় কতডুক ওষুদ থাহে, কয়বেলা খাওয়াইলে কতডুক যায় ওগুলা মুই চাওয়ার লগ লগ কইয়া দেতে আরমু। এ আসলেই আপনে এই এট্টু আগে কইছেন বউরে, বউ মল্লে বালো অইতো <> ওয়া কয় কোন কতা? শান্তি না থাকলে তো এই কতা কয়ই, হেইয়া না ভাবির খাওয়ান লাগবে না মানে ঔষদটা, এহন ধরেন সকালে বেলা যে মুই খাওয়ামু হেসময় ও থাহে ঘুমাইন্না",করবে কতটুকু অশুধ থাহেই ক়বেলা খালালে কতটুকযে এগুলো ম করিাইটোব খআালনামে সকালবেলাতে হই মনির সময়ে ও থায় ঘুমেই নে
test_barishal_0023.wav,barishal,"তা আমি ক্যামতারা খাওয়ামু, জোলাডা খাওয়াইতেও আয় না, হালান, হালান, আর হেয়া এক বেলা, এক বেলা অইলে, কেডা রে? পরের বেলা <> খাওয়াইবে না। কয় এমনি নাচুনি বুড়ি আরো পাইছে ঢোলের বারি, ও সিহার তো পাইবে না, জীবনেও ভুল কইররা সিহার পায় না এইডাই মানুষের তয় এয়া আর বদনাম কতা, করমু যেকালে করমু না, বদনামের কোনো কতা না এডা, এডা বদনাম কী? একবেলা ওষুদ মিস গ্যাছে স্বাভাবিক ওডা যাউক, স্বামীগো এইয়া ই",এো াে রিয়ার াইবলের দাবি জিবনও ভুকরিশি়ের ানারাই াবদ্নবের কোনো কথা একবেলা অসুথ মিচ গেছে সাবিবলবা
test_barishal_0024.wav,barishal,"খতব্বাস। খতব্বাস না, কোনো বউ তুই মরতে কইলেই মরবে? খতব্বাস না হোনেন কোনোদিনও যাইয়া কয় না মোর স্বামী এরম, মোর স্বামী ওরম। আমনেরে আমি একটা কতা কই, এডা খতব্বাস না, কিন্তু ব্যাডারাই কয় যাইয়া, এইডা খতব্বাস না এইডা একটা এইডা এইডা শরম, পরিবর্তন অওয়ার প্রয়জোন আছে। হয়, না, না ভাবি অরে নিয়া তিনডা জিংক সিরাপ খাওয়ান",হতাপ বাসনা মকে কইলেই বরঘ ারবাসনা ো ঘনে রাবেটা তথাুএতাব বাসনা এইডা এইডার্ট সরম পরিবর্তন নেওয়ার প্রযোজন আ
test_barishal_0025.wav,barishal,"এ দিদি হোনেন, আমনে এই কতাডা কন না, মাইয়ায় না খাইলে আমনে খাইবেন, শাজাহান ডাক্তার যে ওষুদটা খাওয়ায় না পোলাপান রে? ওনার কিন্তু ওই যে গুড়ি গুড়ি ট্যাবলেটটা দেয় সাদা, এই ট্যাবলেটটা বাচ্চাগো জেন্যে কঠিন উপগারী জিনিস, আগে তেরো টাকা, এই লোক, বেশি লাগে না, মনে করেন তিনদিন খাওয়ানের পর যেই রোগটার লইগগা আনি বালো অইয়া গ্যালে ওইডা আর খাওয়ায় না, এতো কইছি যে এই ওষুদ হালাবি না",নাইয়ে নাখাইল াজানডারতার দেও শিক্ষক খাওয়ায়না প্লাপান্ডে ওনার কুন তৈরিতে গুড়ি গুড়ির ট্যাবলেটা দে় খাদায় ট্যাবলেটা বাচ্চাকজিনে করঠিনু ফুগেরে জিনিস এ লোক এ লৌমনে করেন তিন দিন খানের পর যে রোকতাল্লা গ্ানি ভালোইগালে ওইদের খায়না এত কৈশিজা়ি ওশুধ নালাভিনে
test_barishal_0026.wav,barishal,"এই ওষুদ হালাবি না এইয়া মোডে বুজান যায় না, আর হোমিপ্যাতিতে, যে বোতল মনে করেন আমনেরে মুই দেহাইতারমু, আমনের মাতা নষ্ট অইয়া যাইবে যে গুড়া-গাড়ার ওষুদ আইন্না এইরম হালাই দেয় আইন্না। ওই অ্যাতে মোগো ওই গরে, ওইয়া খাইতে দুর্বল করে আর? এই যে কইছি না যেন ওষদ",এবশর থালামিনিয়ামারে ষানদে যে বোতল মনে করে বনেমিদায়তি মানি মাথা নষ্ট হ়যেদিতে দুরকারারে ওষূতেনর হালাইতেন এই আকা় ভলই গাড়িবলকর এদিকে আসানাত ওষত
test_barishal_0027.wav,barishal,"এই এক ফির এই কাম করছে মোর পোলারে, মোর মাতা, মুই মনে কর মাতায় আত দিছি যে পোলা যে বাইচ্চা আছে এহনো। দুই ফির, এক ফির মিস গ্যাছে, হেই দুই ফিরেরডা একচোডে খাওয়াই দেছে, খাওয়াইছে। ওইরম কইরো না",এই আক্রী রইকাম পরঠামো কোলারে মা তায় নূমনেতার মাতায়া বিসিজি খোলাযে বাইসিয়েছেদুই ফিরেফির মিচগেছে দুই ঠিরি ড্াছুরে
test_barishal_0028.wav,barishal,"না হেয়া খাওয়াই, এ বদনাম করিস না। হ খালি আছে ভাইয়া বদনাম করে <> খাবার দিছি, আবার, কতা কইও না, কতা কইও না, এইডার আগের টিরিপ যে একটা জিংক সিরাপ, কয়ডা আনছিলাম? একটা না দুইডা? কী?",লোইে বথ াকাে িতিবির্যে তদিন সিরিব করডা ছিলে
test_barishal_0029.wav,barishal,"এই হেন্নাগো আরেকবার আনলাম না? এট্টা আনছি তয় কী কইছিলাম? যে এডা খাওয়ানের শেষ অওয়ার একদিন আগে আমারে কবি যে শ্যাষ হেলে আরো তিন ফাইল আনমু। এ ঐশি ম্যাগ করছে দেহি, জামা-কাফুড় কয়ডা লই আয়। আমারে কস নাই আর আমি খেয়াল কইররা আনিও নাই। আবার কাইলকে আনমু, এই যা তরতরি, তরতরি আর কয়",াকিকুই ছিলেন যে ঘনের শাষ রাইদিলিগা আনার কবি বিনিশ্বাস র তিনিআার বার কালফুন া
test_barishal_0030.wav,barishal,"খামু না <> বিষ্টি আইবে, হারাদিন কাম করে, অর চে আমার মাইয়া বালো, সোংসারি করে মোর মাইয়ায়, আড়ি-পাতিল মাজে, জামা ধোয়, বরিশাল গেছিলি কাইল? ভালো চাদইর, এ লইয়া বাড়ি যা, কী অইছে?",বিসটিইরে হরাদিন কামপরে ওয়র্সামার মাইয়ে ভালো সংসারিােবাে ামাপে এইার
test_barishal_0031.wav,barishal,"খাওয়াইবেন কী জানেন? ওতো ছোটো, শেফালি ফুলের পাতা, তিনডা পাতা লইবেন, হেইতে বালো অইয়া যাইবে, যেডুক রস বাইরায়, তিতা খাইতে তিতা লাগলে এট্টু চিনি মিশাইবেন, চিনি মিছরি আছে না? শেফালি ফুলের পাতা খাওয়ামু, এই এক কেজি মিছরি আনছি সাড়-তিনশো টাহায়, দুলাল মিছরি ইন্ডিয়ান, এ ওই দেহি মোগো ওইহেনে আছে, উই উই, হেডিও তো খায়, মোগো ওইহেনে আছে, মুই তো এট্টা <> ওয়া দেহি রাস্তায় অবাব নাই",তিনি মিসিরিয়া ছানা এজমেসিরিয়ানটি সাড় ৩িন০ টালু মিসিরি ইন্ডিয়ানহইতইবুিংটাটাে পরা দিরা
test_barishal_0032.wav,barishal,"একপদের গাছ লাগাইন্না, পোলাপান <> বালাপাতা, বালাপাতার রস, কী পাতা? বালাপাতা। ও চুপ করো। আছে বালাপাতাও আছে। ওর না চুপ করতে ক, এ বালাপাতা মুই চিনি না লই আয় দেহি, ওই ওই তুই কিনবি কী? তোর",চরাু
test_barishal_0033.wav,barishal,"এ <> বালো না, না আমি যেডা কই এডা সত্যি কতা, শেফালি ফুলের পাতা কিরমিও, এ বেডা এই কয়ডা নে <> তাড়তাড়ি আয়, যা বিষ্টি নামবেয়ানে যা লইয়া আউক, খামু আনে, বা খাইয়া থাউক, নাবি না খাবি না কী করবি?",র রানাইা াউাো থাবে নাকি কবি
test_barishal_0034.wav,barishal,"নরম, তিনডা, এট্টু মিছরি দিয়া, ধুইয়া লইয়েন, আল আছে কিন্তু আল। ধুইয়া এট্টু বাটিতে লইয়া এট্টু ই করবেন, কই এয়া তিতাও লাগে না মিডাও লাগে না, খাওয়াইবেন দ্যাকপেন সর্দি-ঠর্দি সব যাইবে, ওইয়া তিতা ওইয়া খাইতে চাইবে না তো, কী কাটছে, না ছাডা দেবে ওয়া তিতা, ওইয়া এহন খাওয়াইয়েন না, এয়া দেহি শেফালি ফুল। ছাডা দেবে না, এট্টু চিনি দিয়া গলার মদ্দে দিয়া দেবে। অর জামা কই?",বিশ্বিদ্যালয়ালাগেন ২ইটু বাটিতে লযই ১টউই করেিাও লাগাি ডে়া লােনাইবেন দেন সিকিয়া া
test_barishal_0035.wav,barishal,"এহন যাইয়া কী করবে? রানবে? না রাইন্দা আইছে? কী রানবে আয়, পোলা কই? পোলা গ্যাছে। এহন বাড়ি গ্যালে রাগ অয়। কী? অ্যা? ওই যে মাইনষের বদনাম করে, রাগ কার লগে? হ, এই ব্যাডাগো মুই বালো ঠেহি না, কার লগে? ক্যা বাড়ি বইয়া",১ে কাজেরআনদেয এনাইলগা
test_barishal_0036.wav,barishal,"কার লগে? হয়, যে বউর বদনাম যাইয়া আরেকবাড়ি যাইয়া কয়, হ এইযে <> এই দেহো লোহা, হয় লইয়া যান। বদনাম না দিদি, কত বড় অশান্তির মদ্দে যে মুই আছি, হ, খালি মোর সৃষ্টিকর্তারে ছাড়া কেউরে বুজাইতে পারমু না, খালি এহ চাডামি। চাডাম না, শয়তান, হেতো চঞ্চল",কাল লাগেবর োি কতবারে অশান্তির মিতিজিমই আইং চরা তাদামনাতা
test_barishal_0037.wav,barishal,"চাডাম না, আমনে জানেনই না, এট্টু সরল-সোজা, কীসের চ্যাডের সরল-সোজা? না এট্টু বেশি অতো চালাক না। হোনেন এইয়ার মদ্দে কী করছে। তোর লাহান চালাক অইলে হেলে অইতে ঠিকমতো। কতাডা হোনেন, হ চালাকের লগে চালাকই লাগবে। তয় ভ্যাদা মাইনষের <> এইয়ার মদ্দে করছে কী হোনেন, যারা নিচমুই মাতা দিয়া বের অয় অরা শয়তান অয়, এ কতাডা খেয়াল কইরেন, যদি আনার দোষ অয় কইয়েন বোলে তোর দোষ, ও মোরে হটাৎ কইররা কয় কী",াে জানেনিনিইিশের চাটের সরলসোজা নটিবেথাচালাচলাকে চালা ফেলে দো দামাইে যাইএ কতাটা খেয়াল করিে যদি আমার দোষায় কইয়েন লেষও মরে
test_barishal_0038.wav,barishal,"কয়, কী কতা কইলা? কয় কতগুন, কয় কতগুন, কী এই যে ছযাতের কতাডা কয় না? এক বচ্ছরের মদ্দে দেহি যে দুইডা থাবর দি নাহি অরে, একটা লাডিইড্ডা পিডান দি নাহি <> ওই লোক",য কতগুণ তগুণ কিাটাকয় না এক বছরের মধ্ি্যেই দিদিদে খাবে দিনিয়রলাডওই লোক
test_barishal_0039.wav,barishal,"এহন কয় কী কয় একটা গরু পালমু। দিদি খেয়াল কইরেন, গরু পালতে অইলে, নিজেগো খাডনি বেশি না? খাডনি বেশি না? এই যে আমনে দেহি কাইল সন্দাকালে যাইয়া গাই'র বোজা কাডলেন কী দরকার আছিল? রতনদার উফার ঠেইল্লা হালাই থুইতেন। কাডলেন ক্যা? তয় মুই কইছি কী ও তো মোর লগে কাম করে, অর ধান পাকছে ও গ্যাছে ধান কাটতে",নকাকি কয়েকটা গরুপালন তইলে নিজেরো ঘাডনিবেশিনে হাগনি বেশি না এজে আমনেদিকের সন্ধ্যাকালাতে়ি গাটবোজা কাটলেন কিদের করা ছিল রতন তার পা ঠেলি হালা তিতেন ােগিেশ টিলি প্রতমল্লাকে কাম করে র া পাকছে ও গাছে ধান কারতে
test_barishal_0040.wav,barishal,"এহন মুই পড়ছি একলা, লোক বিছড়াই কোনো হানে লোক পাই না। গাছের কামে লোক অ্যাবেল অ্যাবেল একজোন দুই জোন পাওন যায় না জ্বালা আছে। গুরুপ পাজ্জন ছয়জোনে কাম করে, দুইজন মুই পামু কই? সবাই গাছের কাম করতে পারে না, বোজ্জেন এইরম একটা সমস্যা এই কামে, এহন আমি তো বায়রা কামে গ্যালে, এই তো হাসান বাই হেন্নাগো আমার অনেক রিকোয়েস্ট করছে বাই মোরে এট্টা সপ্তা কাম কইররা দে, তুই আজিরা যা চাও দিমু",রি লোকবিশরিকুনানের ক গাছার কামের লক্ষিণ তু এাবেলা বেলে একজন দুইজন পাওন জানা লা আছে পাঁচজন সাজানে কাম করে দুই জন মিপামখই ই গছেন বাকা সামস্যায় কামের আামিত বায়রা কামে গেলে এই তো হাসান বা ইয়েদনাগু আমার অনেক রিক়শ করছে বাইমোরে একটা সাতা কা
test_barishal_0041.wav,barishal,"মুই তো এহন পারি না। তা হ্যাষে অরে কইলাম কী যেন গরু যদি পালোস তয় কষ্ট করতে অইবে কিন্তু বাই হেরপর আমার কাজে ঠেন্না দিবি হেইয়া পারবি না, কয় যাও করমু না, পারমু, তয় ও বেলায় ওর ধান দাইতে মুই কইছি কী উত্তর পাড়ায় তিন <> কুডা কিনছি, মইল্লা ঘুরাই থুইছে",মৃত্যুহন পারি না তাহাসে অরেক কইলেম কিজেন গর যুধি পালো স্কষ্ট কর তৈইবে কিন্তু াই রাআমাত়দে ঘেলনাদেবি হইয়ে পারবিনি কয়দা করম ওগেলোর ধান্দাইতে মুক্তশুকে উত্তরপাড়ায় তিনজুষ্ট কুডো কিন্ছি মইলযে ঘুরেই থেছে
test_barishal_0042.wav,barishal,"হেই কুডাগুন দিবি। মনে করেন কাঁচিইদ্দা টাইন্না আডি বানছি মুই, রাস্তার লোক দিয়া জাগাইছি, হেইয়া নিয়া ক্ষ্যাতে হালাইছি, হেই কুডাডি একলা একলা লাড়ছি, হেই রদ্দুরের মদ্দে একটা মিনিট ছাওয়ায় বইতারি না, হেইয়া ঘুরাই-ঠুরাই হুগাইছি, বিয়াইল্লাক্যালে হেইয়া আবার একলা একলা কাচাইছি",হই কুডোগুন্দুটি মনে কারণ কাছিদতে টাইনে আডিবেন্চিমুল রাস্তার লোক দিয়ে জাযগায়হেরয়ে নিযজে খ্যাতে হাহ কুটোটি একলাকলা লাডশি রদুরের মধ্যে একটামিড ছাওয়া় বইত্রিন হই ঘুরে ঠুডরে হুবেছি বিইলেকেলা আহিয়াবার এক লাখ লাখ কাছের
test_barishal_0043.wav,barishal,"হেইয়া আডি বানছি ও খালি দড়িডা ধইররা টান দিয়া এট্টু জাগাই দেছে, এইডুক কাম করছে হেই কাম কইররা যেই সমস্ত ব্যবহার মোর লগে করছে, হেই ব্যবহার করা লইয়া গ্যাঞ্জাম বাজ্জে বিশালাকার মোর লগে। ও মনে করেন মোরে কয়, কয় জাউররা ডারে কইছি, কুডা কেনতে মানা করছি, খুর কিন্না গরু পালতাম এই কুডা হুগামু ক্যা, এইয়া যেই কইছে না মোর তো মিটার গ্যাছে গরম অইয়া দিছি একটা চটকানা লাগাইয়া",ই আডিবেন্সি ও খালী ধরিটি ট্রানজিট জায়াযিে এই ডুক কামকরছে হেই কাম করিয়া যেই সমস্ত ব্যবহার মূল্লা করছে হেই ব্যবহার করালই গ্ঞেনজাম বাে বিশও মনে কার নডরে কয় দারিরডার কইসী কুডোখিনতে মানা করছে কু়কির্নি গরুকল তান ই কুডো হুকুম পেইয়েছে কইছি না মরতম মিটের গেছে গর মেয়ে দিছি এটা সটখান লাই়ে
test_barishal_0044.wav,barishal,"হেইয়া তো মনে করেন চেয়ারম্যানের বাড়ি তরিত বিচার গ্যাছে, পরিষদের তরিত তো গ্যাছে। অর বাফের বাড়ি যাইয়া ঠ্যাং টানা দিয়া, হেদিগদা ওদিগ গ্যাছে, ওহেইনদা ওহানে গ্যাছে, চেয়ারম্যানে মোরে মনে করেন ফোন দিয়া নেছে পরিষদে। আমনে কী মনে করছেন? বোজেন? ওইয়া দেহায় ওইরম কিছু বোজে না, বিশ্ব শয়তান",হইয়াতে মনে করেন চেয়ারম্যানের বাড়ি তু়িত বিচের গেছে পরিষদের তরিত তৌকে আছে র বাফের বাড়ি তেই ঠযাংটা না দিয়া হেদিক দিগ্গেসুহিন্দু হনে গেছে হেনে চেয়ারম্যানে মরে মনে করেন দিে নিচে আমনা কি মনে করেছে বজেন দা হাইরুম কিছু বধে না বিশ্ব সয়তান
test_barishal_0045.wav,barishal,"হেইয়ার পর মনে করেন হোনেন, কাম করছে, এই, এহন আমার মাতা গ্যাছে গরম অইয়া, মোর আতে কুডার খুরও দেওয়া লাগে। যে এইডুক কাম এইয়া সহ্য অইলো না, এইয়াত্তেই এইয়া করছোস, ও কুডা বেইচ্চা হালাইস তুই, তয় গরু কেনলে কী হরবি? ওয়া গরু কেনা লাগবে না, বেইচ্চাই হালামু, বেইচ্চাও হালামু আর মোর এই গাছ কয়ডা কাচাইন্না অইয়া গ্যালে মুই ঢাকা চইল্লা যামু, মুইও তো প্রতিদিনই ঘাস কাডি, এ বাড়ি সোংসারী আর করমু না",ইয়র পরে মনেকাধনে ামার মাথা গাছে গরমযে তইিটগা মেইয়ে সর্জুলে নেযইতেই এইয়ে করতগর করলেখিবেশিলামোয়ারাই মডরেই গাছকাটা কাঁথা নেই গেলোড়
test_barishal_0046.wav,barishal,"এই ধান, সোংসারীও করবে আর, ধানও দাইয়া আইছে, আমনে মনে করেন এই যে মুই গাছের কাম করি মোর এট্টু মোন চায় না জিরাইতে? মেরুদন্ড ফাক অইয়া যায় প্রত্যেক দিন মোর ওষুদ খাওয়া লাগে ব্যতার ওষুদ গা ব্যতার, হেইয়া খাইয়া এতো কষ্ট কইররা সোংসারী কইররা খাওয়ামু, পেন্দামু সব করমু এট্টু উন্নিশ-বিশ অইলে মনে করেন হে সময় আর",াংশারীয় কার গ মনামনের কারণ একজনেই গাআতেরখাম করি মোরটু মোন সানা দিরাইতে মেরুডন্ডও পাক হইয়ে যা় পড়তে দিন মরে অশুদ থয় লাে বোবেতা খাইয়া খাইয়াে এত কষ্ট কেরি সংসার করিয়া খামু ফেনদামও সকর মুখ ইটুউ৯িশ বিষইলে মনে করেন সই সময়ের
test_barishal_0047.wav,barishal,"সহ্য করতারেনা, আমনের বাফের বাড়ি কী <> কী আমনেগো বাফের বাড়ি, ল্যারের পার্টি, ওই অইলো ঝামা আইড্ডা ক্যালা চেনেন, হেই ঝামা আইড্ডা ক্যালার গাছ, আডি বেশি হেয়া কামড় দিলে যদি কেউ ভুলে খাইয়াও হালায় হেলে গোয়া চেড়তে চেড়তে যায়, না না ঝামা আইড্ডার আডি কামড়াইয়া খাওয়া যায় না",হ্য কি লেয়ারের পারটি ওইলোমাই ডেকালা সেন জামার ডেকালার যাজ আড়িবেশিহা কামড় দিলে যদি ঘুলেতেও ভাইও হালা গোয়া ফেড়তে ছে
test_barishal_0048.wav,barishal,"আচ্ছা আমনেরে এট্টা কতা কই দিদি, ধানও দাইছি, তয় কী অইছে? আমনে এট্টা জিনিস বোজেন, এহন বাজলে করা লাগবে না? কোনো মানুষ কী চায় যে বউরে এট্টা দুন্নাম মানুষের দারে কউক? আমরা কী অসচেতন লোক? হেরপর কওয়া লাগে তয় দুঃখের চোডে কওয়া লাগে, এই কামগুলান করে মানুষে? গরু পাললে সোংসারী",আমদানী এ টাকা তা ক় দিলি আমাি কটা দিনি দি় ছে কোনও মানুষ কি চায় যে দৌরু একটা ঘুন্যা মানুষেরআমরা কি অস্বাত্তছেন লোক হর ক়ালাগেকে দুঃখ ছুটে খোওয়া া এই কামগুলন করে মানুষে
test_barishal_0049.wav,barishal,"এই যে অর বাবায় মরার পরও তো, এহন মনে করেন আমি চিন্তা করছি যে, হ্যাষে তো, ধরেন এই কাম-কাইজ কইররা খাইয়া লইয়া বালো আছি কিন্তু কাম অইবে কী? এট্টা সমস্যায় পড়লেও, এই মাইয়াডা অইছে সত্তুর আজার টাহা গ্যাছে মোর বরিশাল হালাই আইছি, উনি দ্যাহে নাই? কত জামেলার মদ্দে মুই পড়ছিলাম",ই এমন মনে কারণ আমিচমিতে করছি যে দরা নেই কামকাজ করিয়া খাইউলি ভালো আছি কিন্তু কামই বে একটাসমস্যা ফালে ওই মাইয়েটা ওছে ৭০ হাজর টাকা গাছেম্বর বরিশাল হালা ইসিবন্ধরা ডেহা নাই কত জামেলার মধ্যে মিফর ছিলেম
test_barishal_0050.wav,barishal,"এহেইনদা হেই রাত্তিরে এম্বুলেন্স বাড়া নেয় মোর দারইদ্দা আষ্ট আজাড় টাহা, কয় গ্যালে যান না গ্যালে বাদ দ্যান। এহন ঠেহাইন্না, তয় হেই ঝড় তুফানের মদ্দেইদ্দা, কয় কী একটা বিপদ-আপদ পড়লে, হেই ঝড়-তুফান ডেঙ্গাইয়া এতো কিছু কইররা হেইয়া মনে করেন কোনো গোনা না থাহে মানুষের বিতরইদ্দা হেলে অয় কী। ও এইডা বোজে না যে মোর বেডা যে হারাদিন এই গাছের কামডা করে",ইহিনদেহই রাত্রি অ্যাম্বুলেন্স বা়ানায় মধ্যে দেয় আস্টা দেখা কে আলে যান নাগালে বাদ দেন ঠেহাইনেয়া ই ঝর্তুফানের মতুদে একটা বিপদে কদে ঘর্তুফান্ডাঙ্গাইয়ে এত কিছু করা হাইয়ে মনে করণ কোনো দুতে টা ঘোণা না থাক াুওএইডেবোজে নাজেমর বেড়াজে হারাত্দিনেই গাছার কামড়া করে
test_barishal_0051.wav,barishal,"গরুর মতোন খাডে তয় এ বেডারও তো এট্টা জীবন, ওই পাঁচ দিনের, দশ দিনের মাতায় যদি একদিন জিরাই না? বইয়া থাহি না? হেন্নাগো দিনে মোর মনে করেন র‍্যাস পয়সার নাহান কচকচ-কচকচ করতে থাহে হারাদিন। হেইয়া তো মুই মনে করেন বালো ঠেহি না, একটা রেস্ট আছে না? সপ্তাহে একদিন রেস্ট",গরুর মাতুন খাডে তা এ বেড়ার চটা জীবন মূল পাঁচ দিনের দশ দিনের মাথা যুতি একদিন ঝিরেইনে বইয়ে থাইনে হেদনাকউদ্দিনে মৌরই মনে করে র্যসপাশে লায়ন কস্ কস্ কস কস করে হাইয়ে ত মুই মনে করেন ভাল ঠেই নে়
test_barishal_0052.wav,barishal,"সরকারি চাকরি ফ্যানের নিচে খালি, আরে এহন গরু পালাইতারবে না, ছোডো মাইয়া, ছোডো না? আরটু বড় অইলে হেইরপর, গরু পালতে কী? ও পালতারবে না, গরু পালতে কী? ওই, হেইই ধরতারছে, ও মানুষ, পালতে যারা পারে হোনেন, এট্টা কতা জানবেন যারা পারে হ্যারা নয়তে নয়দিক পারে আর যারা না পারে নব্বইতে নয়ও পারে না",আরেরন গরুপাড়াইপালতে জারা পারে হোনেন একটা কথা জানবেন যারা পারে হেরা নয় তে নয দিক ফেরে যারা না পারে নব্বই তে নয় দিকও ফারে
test_barishal_0053.wav,barishal,"পারে নয়তে না পারে নব্বইতেও, বোজ্জেন? মোগো গরু কইতারবে দেহি মোগ গরে দুইজন পুরুষ, হ্যারা কোনডু সময় যায়? মোরাই যাওয়া লাগে, এ এহন হোনেন এহন আসল কতায় আহি, সাড়ে চাইর আজার টাহায় কুডা কিনছি মাত্র সাড়ে চাইর আজার টাহায়, মুই তিন দিন খাটছি, তিনদিনে মনে করেন ছয় বদলার কাম করছি একলা",ব বড় করিচার বেদিলমুখ করে দুইন ে াও এহন হলে না এহন আশল কাতায়হি সার ছে়েজা ঠাকুডোদিঞ্চি মাত্র সা় সারিজা ঠায়মু তিন দিন খাড়ছি তিন দিনে মনে কারমি ৬যবাদলার কাম করছি আকা
test_barishal_0054.wav,barishal,"আম্নে বোজেন এট্টা সেকেন্ড খাড়াইতারি না, এই কুডা গুলা একলা টাইন্না নামাইন্না আর হেইয়া ঘাডা, হেইয়া ঘুরাইন্না, চেহারা কালা অইয়া গ্যাছে মোর কাউয়ার পাকনার লাহান তিন- চাইরডা দিন, আর কুডার কামে কষ্ট আছে, কষ্ট আছে, হেই কুডা আইন্না এহন থুইছি, মাইনষে মাইনষে কয় গাঁজাখুড়ি, হেই কুডা আইন্না থুইছি মোর, ক্যা লোসকান অইছে? পোনারো আজার টাহা ব্যাচতারমু এহন এট্টা খুড়, যে খুড় মুই দিছি",আমনি বতনে একটা সেকেনড খাড়াইতে নেই কুটোগুলেন একলা কান্ডে নামান্নিয়ার হেইয়ে গাডা হাইয়ে ঘুরে নিয়া চেহারা কালা হইয়ে গেছে কাউয়ে পাখনা লান তি সাগে তিনি াই কুডায়নে হন খুশি হাই কুটাইনে থুঁইশ মর ক্াঁ লস্থানাইছে পনারা জাটা ব্যস্তার মহান ়ট ঠাকুর যে কুর মই দিশি
test_barishal_0055.wav,barishal,"ক্যা, তয় মোরা কী হরছি না? চালান গ্যাল্লে খাটছি, লোসখানডা কীসের? তয় লোসখানডা কীসের?<> যদি এহন, এহন, কষ্ট না অইলে কিছু অয়? কষ্টের জেন্নে যদি ঠ্যাং নাচাইয়া বইয়া থাকতাম এহন ও তো অর ধান দাইছে মুই দশ দিন বইয়া থাকলে মোর কী অইতো? মুই কী না খাইয়া মরতাম? এই যে পোলাডা <> থাকতাম না খাইয়া? মোরা ধান দাইছি",তালান গেলে খার্ি তাই লোস খান্ডা খিসে দুদি আহন এহন রকষ্টরজিনে যদি ঠ্য়াং না চাইয়ে বইয়ে থাকতা ম াহান ও তো আর ধান্তাইছে মুহি দশদিন ব়ে থাকলে মর কিত মুখি না খাই মরতাম থাকতাম না খাইয়া
test_barishal_0056.wav,barishal,"হেরপরও হেন্নাগোর একজোনের আবার একটা আবার ঠ্যামা কিনছি এক আজার টাহা নিয়া দিয়া দিছি, হররার মোড ছয়ডা আডি অইছে এক আজার টাহায় কুডা। তয় মোর লোসখান আছে? হেডাতো মুই বুজি, তয় ওয় ব্যাচছেন, গরু পাললে পাললাম না পাল্লে বেইচ্চা দিলাম, ওডা টাকা দিয়া নেতে অইবে যে নেউক। সোংসারী করলে কষ্ট করতে অইবে উবয়েরই একজোনের পর ডন্না দিয়া থুইলে জীবনে সোংসারে উন্নতি কইররা চোহে দেহা লাগবে না, এই",এর পরও হেদনাগরে একজন আরা বারেটা ঠাইমা কিঞ্চি একাজা টা় নিয়ে দিয়ে থিচি অরারমোড ৬য়ডাডি হইছে ১াজার ঠারকুডে তেমর লোসখান আছে এটা েমবি বুঝি যে গরু পলে পারলাম না পালে বেচতে দিলে মোটা টাকা দিয়ে নি তইভি জেনের সংসারিকালে কষ্ট কার তৈবুগয়ের একজনার পার ঢান্ডা দিয়ে তুলে জীবনেওর সংসারে উন্নতিকি নি তই
test_barishal_0057.wav,barishal,"এক্কালে, এক্কালে ভাইঙ্গা হালামু, মোরা কী, মোরা এহন যদি, খালি বেশি না ওনাগো রিপইন্নার লাহান অইতাম, এইতো রিপইন্না কিন্তু অনেক কষ্ট কইররা চলে হেয়ারপরও বাজারে গ্যালে মনে অয় যেন ওরে বাবা লাখোপতির পোলা, চা পাসসাত জোনারে সাটটা অডার দিয়া দে, এতা বোজবে না যে আসলেও কী মোর",দি খালিবে শি ডু নাগরি পিন্ডাল হাইনুইতাম এইত রিপুনি কিন্তু অনেক কষ্ট করিে চলে হ্যাঁর পরও বাজারে গেলে মনোহরের বাবা লাখু ভত্তির ঘরে ফুলাচাপাসাজনার সাটা ্ঝে ন আসলো কি মরু
test_barishal_0058.wav,barishal,"<> তয় হেইরম যদি ডাটামি করতাম তয় খয়রাত কইররাও মোর বাত জোটতো না। হোনে না, সেন্টার জির জির, এ এইয়া বালো বুজি, ওয়া ঠোট লড়লেও বোজে",ই হেরুম যদি ডাটামি করতাম খরাত করিবে ওমর বাধ যরত না নেনা সেন্টার ঝিরজিনোটলালেওযে
test_barishal_0059.wav,barishal,"হ হ, কী অয়? এমনে থাহে কই জিরজির? না আমনে হোনেন, বোজেন আমি কিন্তু, আমারে দ্যাহেন এইরম, ডেলি ডেলি দুই দারে দান্না মোর ওইরম দুই দিক চলে মোর, একদিক চলে না মোর, এমন দিন গ্যাছে",মা আমনে হনেন বোঝেন আমি কিন্তু আমার দেহে নেরও বেলেডের দুই দারে দান্না মর রৈরম দুই দিক চলেনোর একদিক চলেনা মোর কাটবেদ এমন দিন গেছে
test_barishal_0060.wav,barishal,"অনেক পোলাফানের লগে চলছি, এই পোলা নেশা হইতে শুরু কইররা এমন কোনো তাউরাশই নাই যেন মুই পোলা করি নাই আর এহন সব ছাইররা বালো অইয়া সোংসারী করি। মনে করেন আমি যহন পোলাফানের লগে চলছি দৈনিক পোঞ্চাশ টাহার একশো টাহার গাজা লাগত আমার, তামাক ছাড়া আমার জীবন চলত না",অনক কোলাফানে লাগে চলছি এই পোলা নেশা হইতে শুরু করিয় এমন কোনো তাউর সিনেই জেন মুইপোলা করিনিই আরআন সব সারীকে ভালোই সংসারি করি মনে করেন আমি যখন ফোলাফানে লাগে চলছি দৈনিক ৫০ টাহার ১০ টার গাজা লাগবা আমার তাআমাচ্ছা় আমার জীবন চলত না
test_barishal_0061.wav,barishal,"আর এ দশটা সিকারেট খাইলে এহন হেই দশটা সিকারেটের দাম দ্যাশশো টাহা। তয় একদিন আমি মনে করেন নিজে নিজে চিন্তা করছি বিয়ার পরে, ওইসময়ও খাই। এহন একদিন চিন্তা করলাম যহন আমার পরথোম পোলাডা অইল এট্টা জিনিস চিন্তা করলাম যে দৈনিক মুই দশটা সিকারেট খাই, দশটা সিকারেটের দাম দ্যাশশো",র এক ১০টা সিকাউরেট খালি আখং হাই দ০টা সিক্রেটের দাম দ্য়শওটা তাই একদিন আমি মনে কারণ এক নিজে নিজে চিন্তে করছি বিের পরে ওই সময়েও কিন্তু খাই এ্হন একদিন চিন্তাকলাম যখন আমার প্রথম পোলাডা হলু এটা ছিনি চিন্তে গেলাম যে দৈনিক নু ১০টা িসিকরেটের দাম দ্যশ
test_barishal_0062.wav,barishal,"এই দ্যাশশো টাহা যদি মোর ফ্যামিলিতে বাঁচে মোর কাঁচামালের বাজার অইয়া যায়, মুই ল্যাড়-ম্যাড় আর খামু না। এই ছাইড়ড়া দিছি।এই ছাইড়ড়া দিছি। এই যে বিড়ি-সিকারেটের মদ্দে যদি কোনো মানুষ কইতারে যে নেশা আছে অর লগে আমার চ্যালেঞ্জ অইবে, অরে দেহাইতে অইবে যে কোন জাগায় নেশা। <> আমি মনে করেন একটানা",দশো টাহা জুদিমোর ফ্যামেলিতে বাসেমোর কাঁসামালের বাজার র়িযাম়ইলারার খামএই শারীয় দিশই এই যে বিরি সিকরেটের মধ্যে যদি কোনও মানুষ কইতেরিতের নেশা আছে অল্লাগ আমার চযালেঞ্ছ অর্ধাহাইতই বিত চৌন্তাকার নেশা আমি মনে করেন অ্যাকটনা
test_barishal_0063.wav,barishal,"পঁচিশ বছর হিসেবে অইবে, পঁচিশ বছরের উপরে আমি বিড়ি খাইছি, হেইয়ার পর আমি হটাৎ একদিন ছাইড়ড়াই দিছি। হেই হইতে আর আইজ পর্যন্ত এট্টা বিড়িতে আমি টান দি নাই, খালি কইছি আইজগো হইতে খামু না এই শ্যাষ হেই আইজই, আর খাই নাই",২৫ বছর হিসেব্যাপী প্রতি বছর রুপ্র়োগ আমিদি রিখেছি রবর আমি হঠাৎ এক দিনের কা ছগে দিছি হই হইতে রাইজ পর্যন্ত এটাদিরিতে আমি টাডেই খালী কইসি আয়সক হইতে কামনা়এশ্যার আইসিআর হাইনি
test_barishal_0064.wav,barishal,"আর আমার লাহান আমি যেরম হটাৎ ছাইড়ড়া দিছি এরম কেউ পারেও না, এহেকজোন দেহি পান খাওয়া ছাড়ান দেলে দাঁত-থাত এইরম ফুইল্লা যায়, হেডা অয়, হেইপর বিড়ি ছাড়ান দিলে ফুইল্লা যায়। এ হোনেন এই কিছু দিন আগে আমি মনে করেন পনারো বিশ দিন হইতে দাঁতের মদ্দে খালি, আমি বাজারে গ্যালে এমন কোনো দিন নাই পাঁচটা পান কিন্না না খাইছি",আল্লাহয় নামিকহঠাৎ ছাড়ি দিছি এরুম কেউ পারেও একজতানতে প্রান খাওয়া থাড়ান দিলে ডাকথাতারে ফুলে যায় বার বেড়ি ছারান দিলে ফুলে যায় এই কিছুদিন আগে ি োতের াজারে গেলে এমন কোনো দিন নেই পাঁচটা পান খিনে না
test_barishal_0065.wav,barishal,"এহন আবার দুই-তিন দিন খাই না, ঠিক অইয়া গ্যাছে <> এ বিষ্টি আইবে ঠাকু <> যেকোনো মানুষ হোক, নেশাডাই তো খারাপ",এমন আবার বিধিদিদিখাইনাএবেসতিাবের থাকুকোনো মানুষওক
test_barishal_0066.wav,barishal,"নেশা আছে অনেকেই করে, এদিক আয় বাবু তুই, ছাড়তে পারে না, এই যে চা, সূর্য ওডার লগে লগে এক কাপ চা, এ হোনেন, খাইলে হারাদিন বালো না খাইলে হারাদিনই মাতা ব্যতা। এ চার গল্পডা কন না, আমি আমার সিরিয়াস চার নেশা, যহন বিয়া-শাদি করি নাই রাত্তির একটার সময় গেছি মা বেতাল দেহি ঠেহি চা না খাইলে তো গুম আইতে আছে না",াসূর্যও ডালাগলা গেল াি র বড়া আমি ই আমি আমার সিরিয়াস ছান নেশা যখন বিয়েশাদি করিনি রাত্রির একটা সময় কিছিনা বেতালদি ঠেই চা না খাই দেতে ঘুমই পেয়েছি
test_barishal_0067.wav,barishal,"এই একটার সময় মায় উইড্ডা চা বানাই দেছে আর এই যে এহন লক্কী আনছি, অরে সরস্বতী পাশে থুইয়া পুজা দেওয়া লাগে অগো পায় এহনগোর যুগের বউগো। অরে যদি দশটার সময় কই না যেন হ্যা এট্টু চা বানা বাল্লাগে না, কয় এহন আর চা গেলা লাগবে না বাত খাইয়া গুমাও",একটা সময় মাইুটি চাঁ বানাকষিয়ানসিরসরস্বতি পাশে থেয়ে ফুঁজে দেওয়া লাগে পায় এহনগর যুগের বৌবপরে যদি দশটার সময় কইনে জেনে হাঁর টু চা বানা ভাল লাগে না ্যহনার চা গেলা লাগবে না বাথাই ঘুমাও
test_barishal_0068.wav,barishal,"এই যে কইছি যে সরস্বতীগো পায় পুজা দেওয়া লাগে কতা, রাইত একটার সময় কইছি হেইসময় মায় উইড্ডা চা বানাই খাওয়াইছে হেইয়া মাজে মাজে বাবি যে হ্যারা বা কী আর এইয়ারা বা কী। এহন মায়রে খাওন দ্যান? খাওন দিমু কইদ্দা?",কছিযে সরসত্িকোপায় ফুজুর দেয়াল কথা রাইতে একটা সময় করছি এই সময় মাইিডে সাবানাই খয়ছে হেই় মাঝেনাজে ভাবি যে হেরাবা কি আর এই এরাভাকে নেক আন্ডা না আন্দমু কৈতে
test_barishal_0069.wav,barishal,"খাওন পেলেট, পেলেট আবার বউর আতে থাহে না। বউ যদি না দেয় তো মোরা দিমু কেমন দারা? ক্যা আমনেরা দিলে বউরা কী করতারে, ও কতা কইয়েন না। হ। দ্যাকছো? এতো বড়ো তাবিজের পোলডা বানবে এতো বড়ো, বালিশের তলে ঢুকাইবে দুইডা, নাড়ে খাওয়াইবে একদাইরদা",বেলেটাবার বৌরতে থায় না বহজুদিন আদামের আবীনে বৌরকিকাু একস এত বড় তাবিসের পূল্না মানবে এত বড় বালিশের তলে ঢুকুইবে দুইটা নারি ঝাওয়াইবে আকদেশ দেয়া
test_barishal_0070.wav,barishal,"মাতার দারে থুইবে একদাইরদা, এই পোলায় বুক্তবুগি, কীর লইগগা? হ্যার মা আছে এহনো? বুক্তবুগি অইয়া দ্যাকছে। তয় মা আছে না? হে খায় কাগো লগে? খায় হ্যাগো শক্তি আছে, এমনে দ্যান না পাল্লে কিছু মাজে মাজে? দেই পাল্লে কিছু দেই, বাজলে <> বাজলে কী? যদি আমনে দ্যান বউ বইয়া রয়? বউ চাইয়া থাহে? চাইয়া থাহে? জ্বালা আছে, চাইয়া থাকপে দেইক্কাই তো খাওয়াইতে অইবে",মাথার দ্বারে থিক একদের দেয়ালাইদেন না পাল্লা কিছু মাজামাি আপনা দেন বৌবইয়ায়ে দেখ
test_barishal_0071.wav,barishal,"এইয়া যদি সহ্য না করতারে। তাইলে হেরম সমস্যা না। <> পরিস্থিতিতে বাজলে তো খাওয়াইতেই অইবে। না পরিস্থিতি ওবাররোল করতে অইবে হেইজন্য। পাল্লে তো বালো। পাল্লেই তো বালো, পারা লাগবে",হই যদি সয্জ না কার থারে তাে হেরম ঘামুখেপরিস্থিতিতে বআাজালেত খাব়াই না পরিস্থিতি ও বারুল রপালেো
test_barishal_0072.wav,barishal,"অর কানে এহেইনদা ঢুকাইয়া ওহেইনদা বাইর কইরা দিবি। নট অ্যালাউট। মায়রে খাওয়াইতে হেইরম যদি অয় তয় তো বালোই। এহন আর হ্যাগো লগে থাহে না হ্যারা আলাদা থাহে। আমনেগো লগে যে কতাগুলা কইলাম, মানুষ এইরম অইতে পারি, সাদা কাগজে লেখিত দিমু এইয়ার এট্টা কতা যদি কেউ ঘুরাইয়া হালাইতারে যে না অর এই এট্টা কতা মিত্তা",র কানে হিন্দে ডক্ষিন্তে বাইন অযালাউট াওয়াইতেইরং যদি অয় ত তো াতে কত্া করা কইলা আমি মনে করেন মানুষ এই রমাইতে পারি সাদাকাকুটু লেখিতদিমে র একটা কথা যদিকেউ ঘুরেই হেলাই তেড়েছে না য়ারেই একটাকাতামি ইচ্যা
test_barishal_0073.wav,barishal,"দেকছি, এডা নিজের চোক্কে বাস্তব পোরমানে দেকছি এই জিনিসগুলা ঘডে সোংসারে, নিজে দেকছি সোংসারে ঘডে। অ্যারা, অ্যারা সামনা সামনি না পারলেও পিছ দিয়া বহুত কিছু করতারে",দেখছি এরা নিজের চোখে বাস্তব পরমাণে দেখছি এই জিনিসগুলো গাডি নিজে দেখছি সংসারের ঘডে সামনাসামনে নেপালু কিদিয়া িজ দিয়ে বহু কিছু করতা
test_barishal_0074.wav,barishal,"হয় অইছে বউরে, আর বউর নামে বদনাম কয় না। বদনাম কইলাম কই? লক্ষী বানাইলো, সরস্বতী বানাইলো, লক্ষী বানাইলে, সরস্বতী বানাইলে <> এ মনু এ খোসাডা",বৌলার বরবদনম কয় না ক্িনারে সরাসতিবেলাইলে ে খোশনেদ
test_barishal_0075.wav,barishal,"খাইছে বাড়ি এয়া কওন যায়? কেডা খাইছে? বাড়ি আইয়াই তো খায়। হেইয়া? এই দ্যাক এই পাতা তো চিড়বি এই দারে যে এইরম, এইয়া এয়াতে ঠান্ডা জ্বরে জম্মের উপোগার। <> না বালাপাতা, বালাপাতা আর উই অইছে শেফালী ফুলের গাছ। উই যে ফুল গাছ। আচ্ছা এই বালাপাতার কাজ কী? ঠান্ডার, কাশ, কাশের জন্য। তয় লইয়া যাই, এইয়া এট্টু ছেছাইয়া এট্টু চিনি-টিনি দিয়া খাওয়াই দিমু। ছেছা লাগে না, এট্টু বাটিতে লইয়া, বাটিতে কচলাইলেই নরম",তে ারইয়াকার েনুলগাহাটবাগারে কাল
test_barishal_0076.wav,barishal,আর <> একবেলা যদি মনে না থাহে <> এই <>,একবেলা যদি মনে নাখাইও
test_barishal_0077.wav,barishal,"বালাপাতা অনেক জায়গায় নাই, বাসক পাতা আছে না? খিদা লাগে না? বাসক পাতা, এই বেয়ানে খায় না, বাত খায় না",এবেয়ানা কা়না বাধ হয়না
test_barishal_0078.wav,barishal,"মজলে কিন্তু মোরা মাইক্কা খামু <> এয়া করছে কী তুমি বোজো? উল্ডা ধরছো দেহি, মোবাইল। ধরি উল্ডা একই রহম কতা",ধ়ি উল্ডে বলে
test_barishal_0079.wav,barishal,"হয় হয়, কী কী কয় আবি-জাবি! এই আকরি-বাকরি <> এ আকরি-বাকরি <> চাই দেহো মোবাইলডা গরম কইরা হালাইছে, মোবাইল গরম কইরা হালাইছে",এই আকিমেকি এই আকরিবাকি কাইদা মোবাইলে গরম কিরে আ়ছে োল গর করি ন
test_barishal_0080.wav,barishal,"তন্ময় সোম, জীবন হালদার <> ও বাবা <>",ন্মাসজীবন হালদার
test_barishal_0081.wav,barishal,"হ, কাজ করলে, কষ্ট অইলো বিয়ায়, কষ্ট করতেই অয়, না কষ্ট অইলো কয় বিয়ায়, এহন হগোলডির কষ্ট সহ্য অয়? ওয়া যার সহ্য অয়, সহ্য অয় না, সহ্য অরও অয়, কষ্ট অইছে জিগা? হেইরপর আবার ঠান্ডার কালে বাওয়াইয়া, হেই বউর কতা <> হেইয়া বোজে না, ও কয় হেইয়া, আর তো সন্দা যেকালে <> ওই আছরের আজান দেলে হ্যাগো কান",িকেছেনতে হুদিইলআছরা আজান দিলেহগু
test_barishal_0082.wav,barishal,"ওই একটার আজান দিবি, হ ওই পাঁচটার আজান দেয় হেইসময় <> এ হোনেন তহন এই গাছের কাম, গরম গরম, এই গাছের কামে মুই বিশ বছছর তরিত জড়াইন্না, বিশ বছছর, তয়, এই বিশ বছছরের মদ্দে ধরেন একটানা করছি দশ বছছর, এ ওঠ এহেইনদা, আর দশ বছছর করছি ফাহে ফাহে",৫াহ ওই গাছের কামইগাছেকামে মই ২০ বছর ২০বছরের মধ্যে ধারেন একনা করছে আা ১০ বছর পরছি ফাই
test_barishal_0083.wav,barishal,"এক্কালে দিমু কোলো জম্মের দেওয়া, তো যহন এই কাম বোজদাম না, এহেইনদা গৌরনদী মোল্লা বাড়ি যাইতাম হেস সময় সাটটা বাজে বেইল, বাড়িদ্দা ল্যাম ধরাইয়া তারপর বাত খাইয়া বাইর অইতাম ঘরেইদ্দা, তয়, খাইতারতাম না এতো কয়ডা বাত খাইতাম হেইরপর আবার পরোটা পোটোইলদা লইয়া যাইতাম গৌরনদীতে",যখন এই পাবর্দা না ইনিদে দুর্নীতি মূল্যবাড়ী যাইতে ম সাক্ষাবাদবেবাড়িদে ল্যামরবায়ে তাপর াল সু়ে বাই রিতেহাইতের ানাতকরা া োবার পরতটেলদে লইয়ে যিচ্ছ
test_barishal_0084.wav,barishal,"নিয়া মনে করেন কাম, কামের দারে লোক, হেইনে লোকের বা হ্যারা গুমায় নাক টাইন্না, বিশ বছর খেলা <> কতা না, মনে করেন আটটা-নয়টা র আগে হ্যারা আইবে না হেরপরও মুই যাইয়া বইয়া থাকতাম সাটটা বাজে, যাইয়া কুড়াল-মুড়াল ধারাইতাম বাইর কইররা, ধারাইয়া হেইরপর কোডা কোপাইন্না শুরু কইররা দিতাম",নিয়ে মনে করেন কাম কামের দারে হেনের লোকবাখারা গুমায় নুআ মনে করে নাটতা ৯টার আগে হারাআইবে নার মুলগির বই থাকলামতাইয়া বুরলমুড়োল ধাঁডরাইরা মনে শুরু করিে দিলেন
test_barishal_0085.wav,barishal,"হেইরপর? হেইয়া কইররা মনে করেন কাম শিকছি। এতো সোজা কাম। এই যে আমনেরা যে কন চিকরাও ক্যা, মোল্লা বাড়ি রইছে দেহি কতদূর। হেইহানে যাইতাম, মোল্লা বাড়ি মিয়া, দুইন্না দারি, এই পয়সার আট, রামশিল বাজার হেতো দূরও কাম করছি না, বিশ বছর ধইররা করে",হাইয়া করিয়া হেইয়ের পরে মনে করে কামসিছি এত সোজা কাম নেরত কণ চিত্রের পেনে যাইতে মাউল্লাওবারিমিয়া এই প়াশেলা ট্রানশিল বাজার হ্যত দূরের চআঙ্কশিত
test_barishal_0086.wav,barishal,"তিন মাস একটানা গত বছছর, থাইক্কা কাম করছি বিশাল বাগান কেনছে, বারো লাক টাহায়, ভাঙছে? ভাঙ্গে নাই। <> তয় মনে করেন উপরে ওডলে, উপরে ওডলে নিচে যে থাকপে অর পর অনেক কিছু বালো-মোন্দো ডিপেন করে, ও, ও অইছে এক চক্কুয়ালা মাইয়ার লাহাইন, ও একদিক তাকায়, আশেপাশে তাকায় কোম",তি মার্চ া য আকে গাম করছি বিশাল বাগান দেনি১২ লামনে করে নৌপারোডলে উপরে উডঠলে মিছিলতে থাকবে অরপার অনেক কিছু ভালো বন্দু ডিফেন্ড করে ও ওছে এ০করুয ়ালামাইের লাইন কয়েকদিখ টাকায় িতা
test_barishal_0087.wav,barishal,"এমন সময় উপরে যে ব্যাডা <> এট্টা ভুল কইররা হালায় দড়ি গাছি, চা দাও, ভুল কইররা হালাইলে, এ এইডা কর, ওইডা কর এইরম কইয়া কইয়া দিবি, ভুল কইররা হালাইলে হেই সময় সমস্যা বাজে, এক্সিডেন্ট অইয়া যাওয়া লাগে, তয় ও <> করে, ও বইয়া খইরায়, না খইরাউক ওয়া মোরাও খইরাইছি",সময় জাড়া উপারেলাগলা েকেমেলা ধরিয়েছ লুলকারকে হালাইলে এই সময় সমস্যাবা দেছিইয়া নাহইরেইরাও অমরাও খৈরিছি
test_barishal_0088.wav,barishal,"খইরাইতে অইবে আবার উপরে চোক রাহা লাগবে যে কি করে, আবার দ্যাকতেও অইবে। হেকালে কয়শো টাহা দিছে ডেলি? মোরা কাম করছি, হেইয়ারপর ওই যে ও হেইয়ারপর আবার, কওয়া লাগে। ওই দ্যাহেন না মুই কইছি যে এ ব্যাডা এয়ারে কয় কোন কাম উপরে ডালাইলে তোর ওই খইরাইন্নাডা আগে না",তৈইটাবার উপরে চোখকরা হােগের পরগর পদানামুপচিদেএাকা ুনাম রেডালাইলে
test_barishal_0089.wav,barishal,"ও কোন রোম্বা খইরাইবে, ও তিন গোন্টা খইরাইবে আর মুই নাইম্মা আদা গোন্টা কোপামু, একটা বাজে হেয়া হুনি নাই মুই কানে? হেই আদা গোন্টায় যা ছাছমু হেইয়া ও তিন গোন্টায়ও পারবে না। তুই চা খাস? আইজ খাবি এইহেনে বয়, তুই খাইলে দিমু, চিল্লাস ক্যা?",ুমাও ওমিন্জ ঘরিবা মিয়না আবাগনতা সামু এইও তিন ঘন্টা া খাবিোইিদিনে
test_barishal_0090.wav,barishal,"চার বান্ডের অবাব নাই, এই নে, ভগোবানের আস্তিক লাগে না, অ্যাতো হানি খাবি না দাড়া বানাইছিলাম হেইয়া আরেকবার, <> গাছের মাতায় ওডে ব্যাবাক পারে",তার বাজের অবাকনায়বানের আতনি খাবিনে ামাসা হাকরমাকা়রেবা
test_barishal_0091.wav,barishal,"চেড়তে চেড়তে আগা বাইরাইয়া যায়। গত বছছর যহন এতো গাছ এই যে লেবারি করলাম এই গাছ, বড় বড় গাছ, যত বড় গাছ অউক <> হেই গাছে ওটছো?",গত বছর যএত এগাছ এইজে নেনিবেরি কালামই গাছ ত বড়কাছো
test_barishal_0092.wav,barishal,"ওরে আর, ওয়া তো যেকালে পারছো হেইকালে গাছে ওটছো <> কাম করা ভালো, এহন এই যে কিনছি এয়ারও কারন আছে, হ চলান-মলান লইয়া",আাবালোকিন্সি এর া
test_barishal_0093.wav,barishal,"মোর এট্টা ইসাব, কী? চা আর খামু না অনেক খাইছি। বোজ্জো? গাছের কাম যত দিকদা বাইরাইয়া অন্য কিছু করার চিন্তা আছে। হুম? এই জগতেইত্তা বাইরাইয়া অন্য কিছু করার চিন্তা আছে। হ, হ, অতোডু সময় কইরা-ঠইরা কিছু জোগাইতারলে হেইপর আর, এই জেন্যে এই গাছ কিনছি এহন ধরেন বেইচ্চা-বুইচ্চা, বেইচ্চা-বুইচ্চা জোগার কইরা জোগাড় করতে, আর ওই টাহা লাব, ওই লাবের টাহাইদ্দা",ারকাগ অনেকিছাতে াইেগতে বাইরি অন্য কিছু ত বিশুমাস করে কিছুগাসক্যান্সিে আন্দোলন বেিপিরদ্যজাে
test_barishal_0094.wav,barishal,"হিসাব <> রইছে? না। <> না ছোডো-মোডো এট্টা দোকান-পাট দিয়া বইলেও অইবে <> এই গাছের কামে, বিদেশ, এহন বিদেশ গ্যালে",া দোকানপাট দিয়ে বইমইলর এক বিদেশ গেলাই
test_barishal_0095.wav,barishal,"বউ, পোলা আরে হে সোংসার যাইবে ছযাড়া-ব্যাড়া দিয়া। ছযাড়া-ব্যাড়া বউ, পোলা মানুষ অইতো না। আমার বউ চালু না, চালু অইলে যাইতাম। হেইতো কই আমি তো দেইক্কাই বুজ্জি ছযাড়া-ব্যাড়া কইছি কী খালি খালি? ছযাড়া-ব্যাড়া তাছাড়া বউ পোলা, মনে কিছু কইরেন না বাই, মাইয়া-পোলা মানুষ অইবে না। অয় কই আমিও আমনের লাহাইন",ল়ার়াপাকভাে বছজের নাবাইাহয়া বুল আান িামি
test_barishal_0096.wav,barishal,"য্যারে যা কমু এক্কালে সামনা-সামনি, গুছাইয়া যে, গুছাইয়া যে এট্টা খাইবে হেয়ার ক্যাপাসিটি কম, হেয়া পারে না। গুছাইয়া। কোম না? বাজারেইদ্দা পাঁচ কেজি আম নিমু, পাঁচ কেজি, হেই পাঁচ কেজি আম যদি মুই না কই মুইখদা যেহা মোরে দুইডা আম কাইড্ডা দে তয় আর দেবে না, পচপে, হালাই দেবে, আ",াইআরা হারিয়ে বাজারিতে পাচিলে আমনিুকে৫নিজিয়াম যদি মুই না কই মুখ দিয়ে যেহা মরে দুই ডাম খাইতে াই
test_barishal_0097.wav,barishal,"হেডু বিবেক অয় না যে বেডা হারাদিন কাম কইররা আইছে তয় দেই, হেইডু বিবেক নাই, এই অইলো সমস্যা। এহন আইছে এহন দুইডা আম কাইড্ডা দেই, এট্টু কতা কই, দুইডা আম কাইড্ডা দেই খাউক পরে বাত খাইবে আনে। এই মনে করেন এই পানি জাতীয় খাওনডা মোর আতে এই খাওনডা আতে লইয়া কইলাম এই যে হারাদিন কাম করছি না? মোর কোনো দুঃখ নাই, ঘরে গ্যালে মোর তাউল্লার বিত্রে রক্ত উইড্ডা যায়। ওরম করলে রক্ত ওডবে, কোনোদিকদা খাপ খায় না <> মারো মারো",হডু বিবেকনাজ বেরাদে কাকুরিদেই এইল সমস্যা াে ই োমকেদে দেখা পরেমনের কারণেই এই পানির যাতিও খাওন ডামও রাতেই এই খাওন্ডা আতমে বের়ে ইোিনাম করছিনে মো োন দুঃেলে মোট কালযুর ভিতরে রক্তড়াঅন দিক দেখা ১ারবারও
test_barishal_0098.wav,barishal,"সঞ্জয়দা, কাম কইরা আইবে না এইরম এইরম তার, স্বামী কী করলো না করলো, আর অইলো মনে করেন মুই টুনি কাইড্ডা থুইয়া দিছি, কইছি এই পোলা রাইত বারোটা, রাইত বারোটা তরিত পিডাইয়া দরকার অয় বই পড়াবি, হেয়া বইই পড়াইবে না, যদি সাড়ে আটটা-নয়টার মদ্দেও বাড়ি যাই, যাইয়া দেকমু সব গুমায়",আইুম ইল মনে করেন মইটুনিকে ধুয়ে দিছি কৈতিলা পোলা াত১া২টায় আমই ১ারটার তরিত পিাড়ে ১ার ৯টার মধ্যে দুটি বাড়ি যেই াইস
test_barishal_0099.wav,barishal,"<> বড় অশান্তির মদ্দে আছি, মোরও যে স্বপ্ন ছিলোজীবনে হেয়া, হ হেয়ারপর, কয় বোলে পাঁচ কেজি আম আনি বা দশ কেজি আম আনি, কাইড্ডা স্বামীরে না দিলে খাইবে কেমন দারা হে?",িল জীবনেপ্রবল ৫কেজিয়ামান দ০কি জামানকাগযে া াং
test_barishal_0100.wav,barishal,"মোর আত লম্বা, এই ইদের দিন, তয় খাইবে কেমন দারা, হ্যার যেয়া পছন্দ, এক্কালীন ঠিয়া পাঁচশো, এক-আজার ঠিয়া, হেয়া রাইন্দা দেবে না পোলা মাইয়ারে দিবি, স্বামীরে দিবি নিজে খাবি। ইদের দিন পাঁচটা ব্যাল কিনছি, এ বছছর ইদ গ্যাছে কিন্তু আট বার দিন, আট বার দিন পড়ছে ইদ, শনিবার? শনিবার। বিয়ালে বাজারে গেছি পাঁচটা ব্যাল আনছি, পাঁচটা ব্যালের দুইডা ব্যাল হালাই দিছে",ঈদের দিন রেজা পছন্দ কঈদের দিন পাসটা বেলকেঞ্ছি এবা সরীদ গেছে কিন্তু মুগু িাবিয়ালে বাজারে গেছি ৫াচটা বেলাঞ্জে পাসটাবেলের ২ডে দল হালা়
test_barishal_0101.wav,barishal,"পচাইয়া একবারে, দুইডা ব্যালের দাম তিনশো টাহা, দুইডা ব্যাল ওইয়া বানা হেইয়া খা, তিনশো টাহা দুইডা ব্যালের দাম হেইয়া হালাই দেছে <> এই যদি ইসাব কইররা না খায়, ব্যাল দিছে তয় কইকি এহন, আরে আমি কইছিও দুই দিন যে শরবত বানা, খাই। হ, এই রোউদিদ্দা যায় আহে",একতিটা পরেনাঘাট মি আমি কইশিও দুই দিনজিন ার্বুতবানা
test_chittagong_0001.wav,chittagong,"বাড়িত তো হেইরহম হইতদি, ইতে আইলে ন মাতিয়ারে ফারে না তই? গ্যায়া গরিয়ারে? অ <> তারফরো আঁর লাই এক্কানা বেয়াককুনে গ্যায়া গরেদে। অ। তই, এয়া আইবু <> তোঁয়ারাত্তে ন জানলা দি হন হেউ দেহিলি মাতন ফরের, এক্কানা বেরাই দরন ফরের, হারণ",২িতেইরহম দিইটাইলে নো মাতি়ের ফারানা তোই এখইরিা অনেকে দেহিলি মাতন বরা বেড়ায় দরম পড়ার াণ
test_chittagong_0002.wav,chittagong,গ্রামর মানুষ অল এইললে। মারেম্মা। ইন চায় দে ইতারা। হারণ ইন মাতি আইসসি দি এহন ন মাতিলেও নিজরতুঅ হারাফ লায়। <> ন মাতিলি। তারফরো আঁর উইবার লয়ও এনে এতিক্কিন হইজ্জা ঝগড়া <> আঁর লয় কি এঁডে? আঁর লাই তো বেককুনে ফরান দি ফেলায়।,রমানুষালেলেমার মানু মারা় াআরনে মােয়ছি দেহ্ন াতিল নিজুত্তর হারাপলান ওগো
test_chittagong_0003.wav,chittagong,"আঁর সাজিদে মাতেদে টাতেদে, ইবেরে তো বেয়াকগুনে চিনে আর চেহারা-সুরতও বাফর গেয়া দে ইয়্যান যে। উইতারে কেউ ন চিনে তো, ইবেরে কেউ দেহিলে আঁর ওয়ারে দেহিলে তই। অবা ইবারে তো গাইল দি দে, আঁই খইদে তুই মাইনষেরে সালাম টালাম দির ন ফারস? তই এনা ফুছত লইবু, খন ইবে? না না আঁর বড় দুনোউয়ারে এডে খোনোকেউ চিনেনা ভালা গরিয়েরে? আঁর গুরোউয়া সাজিদ্দযার ডইল্লা তো",সাদিদা মাতাদাটাঁতা দেয় বযরতা পিয়াখুনে আছে রা তহুইবের কেউ নাসিনেত েরকেহ দেহিলা আনোয়ার দেহিতেবার কেয়াদেতো কাইল দিতি হাতে মোে তালাম টলাম দি েতালব বেছ
test_chittagong_0004.wav,chittagong,"ইতে এই মাতা আর ওই মাতা গ্যায়া গরেদে, কেওরেত্তুন যাই ফান হাই আয়গই, কেওরেত্তুন ইয়ান হাই আয়গই। <> ন মাতিলে মাইনষে চিনেনা অবা তই? ইতে যায়গুই দে আঁর তে ইতিরে লই আঁর তে সমস্যা ন অয়তো।",াতা াতা১া১তা াইকেুনিযা হাইয়াতেলে মাছি সিনেমাবিতিছিলরাতা সমস্া
test_chittagong_0005.wav,chittagong,"<> স্কুলুত তোঁয়ার, আঁর তে, অফিস টাইমত্তুন এহন তো আঁই তো এব্বেরে ন বই। এই সকালে এক্কানা গরি যাইয়েরে বইলি বই। তারফর বিতুরে যাই গই, এন্ডে যাইয়েরে ক্লাশ থাকে, ক্লাশে ক্লাশে যাইর গই। আই আই ফজরত আইয়েরে ফইলা দি ইতারাত ডুকির, অফিস রুমত মাইদ্দে গলা টানিয়ারে সাইব। ন দেহিদি ইনদি আঁই",থঅফিস রবিসবমুটুন এহন্তা আাটার দেয় না বইয়ে সকালে কানাগরিতা ইয়রে বইলি বই তা িকতারাই এনকলাস াআযাইয়েরে হইলে দিছারা ঢুকিরঅফিত্র কলাই
test_chittagong_0006.wav,chittagong,"তো এহন আগে তো আটটা বাজে যাইতামগো বরাবর, তো এহন যাইদদে সোয়া আটটা, আটটা বিশে। এনডিললা গরি দেরি গরিয়েরে বাইর অই। ভালা অইয়ে। তো এহন গিয়া গরে, আয় আয় ওরে আরে নদেখিলে ""আফা কই?"" ""আফা কই?"", তোই এহন ওইবা বলে, প্রিয়াংকা বলে হইয়েদে,"" উনি একটু অসুস্থ, সেই জন্য আসে নাই""।",৮তেহার ২৮া ৮টা মিশাইলে ডেিত১আইযাইযের আরান দেিলি আফাআই এহানু ব্যবলয় ইতি প্রিয়াঙ্কা ভালো হই যা হাতুনিএক প্রস্তাচের জন
test_chittagong_0007.wav,chittagong,"তো ইয়ান হইয়ে, তো আরে হদে, ""কি আফা, আপনার বলে কি অসুখ হইছে যে?""। আই হইদদে একটু অসুখ, এন হইদে, তই আই আসিয়রে গেয়িগই, আই তো ইতিরে ফঅল বানাইয়িদে, আরে হদদে, ধুরু উবা, আজিয়া হদে অনে কিললাই ইয়ততুন উইটটন হদে হইন নফারি হদে, এককানা হদে আইয়রে বইয়ুন সাই হদে, আর ডাকোতদি বই অইলে থাইককন হদে, আই জোয়াব দেতে দেতে হদে কুল নফাইর হদে।",ি আপনার বলকি অসু পরিস্মিতি কাহান্ডি একটুোকআদিতির পলবানাইতে আরা অদ্যধল বেহদন কিলেই কিছুন ইট্টনা ান আলাদা আইয়েল পর্যন্ত হত আন্ডাগটে গএলিতেআ অব্যাতা হবে ফুল
test_chittagong_0008.wav,chittagong,"আই হদে, বই অ বই অ, আই হইদে, তোয়ারে বোয়াইদি তো <> এতললাই তুই আস্তে আস্তে তোয়ারেও <> ফঅল বানাইবো অনে, আই হইদে, ইতারারলাই সুন্দর গরি হতা হইলে সমস্যা। বাবা",আ তোমার বয়াই দিতে হাতািয়ার তাক্সা তোনারফচার আ সুন্দরগর হতালি ম
test_chittagong_0009.wav,chittagong,"বউত গিয়া গইজজে বাজি গারডিয়ান অরে, আফা অনে আছনদেই, বা এতো কনসিডার গইততান দেই, গিয়া গইততানদেই এতললাই, <> তো শেষ কেন? মেহেরু কে ডেইলি দিচছ না? কি? <>",া ন সিজারগেড চামদা়িয়াোবার মেয়রুনের দু াকানও মেরুকে ডেলিতিট্তান
test_chittagong_0010.wav,chittagong,"অ <> ছাব্বিশ তারিখ <> তুমি দেখোনা, স্লিপ আছে তো ওকানে, হ্যালো, এ দিয়ি <> তো?",সাি ারসুমিলিস গেয়াদাঘানাছলিেম
test_chittagong_0011.wav,chittagong,"<> ডেইলি হওয়ার দরে বাইঝতো লাইগগো, হিসাব গরো, তুই হিসাব গরো না, এন্ডে হনে কি হর নে! গুরাইয়া হাই ফেলার নে হনো স, না না ওবা <> খালা আছেদেই, আই তো এনডিললা নদি তদি ইদানিঙ।",তেতেলেহু র তরবাইসধারে ঘুইিতাবকার অফুষ্ঠ করন নেকে অনেকের ানাুরোেহনত নানা ওয়া দুরেরা খালায় আসবে হালাআছেনজিটিইং
test_chittagong_0012.wav,chittagong,"হারণ সানজুর আব্বু আগে অফিসুত্তুন ডিম, ইয়া গইত্তো ইতারারে টিফিন হিসাবে। এহন ত ইয়ুনও ন আনে ত <> ডিমর দাম বাড়ি গিয়ি দে এরি। ডিমর দাম বাড়ি গেইয়ে অ বইন, একজে এইল্লা ন ফাইর। তারফরে দ্বিতীয় হতা অইলো দে গ্যায়া ন অর, ওই দরহার অয় দে",ান্দুলা বলাগা অনিচুস্তন দিন গেয়ায্তিতাএযতদীমতামবাড়ের লিমুগদামবাড়িকেভিন একতাএেছনাবাকতারাতেতি হত হলেও তাকে আরওজোর হয় দায়
test_chittagong_0013.wav,chittagong,"ডিম শান্তর আব্বুরে আগে তিননো দিতাম এহন দুউয়ো। এই সাজিদ্যে খইয়্যেদে আরো খয়দে দুউয়োও নইদ্দযো, ওকগো দও ডিম ডেইলি। তো দুউয়ো তো দেওন ফরিবু ইবার শরীল অনুযায়ী ইবারে দেওন ন ফরিবু না <> ওষুধ যেতদিন চলে। ইয়ে তো নমাস অই যাইগেইয়্যে আরও তিন মাস আছে। তিন মাস খষ্ট গরি খাবান ফরিবু দে এরি",শান্তরাবরা আগে তিন নতী চামাহান দুসাইটযহৃতা আরোু দুরত দম্পরি বিবযস্তরিলাঙ্ামা সহীবেিাত মাস ফাসকা বেরে হবা অ
test_chittagong_0014.wav,chittagong,"দাম বাড়ি গেইয়্যে দে আরি। আইচ্ছা ঠিক আছে <> আফা রাহি তাইলে, দোয়া গইরগু। আইচ্ছা ঠিক আছে। আইচ্ছা আস্লামুয়ালাইকুম। ওয়ালাইকুম হ্যালো! হ্যালো?",া কবে রাহিতা লিদ আবু
test_chittagong_0015.wav,chittagong,"আসসালামু আলাইকুম। ওয়ালাইকুম আসসালাম, ওডি ক্যান আছস? কী হবর তোর? কোনো খবরপাতি নাই দে তোর তে! গম আছি, গম আছি। তুই ভালো আছস? আছি ওডি, ভালা আছি। খোনোরখম আছি দে এরি। নাস্তা গইরজুস? অ গইরজি, তুই গইরগুস না?",লাইকুমারামরি কেন সত্তি হব তুর গণহবর পাঁতিনের দেতুতরা গমাসি গমাসৃতি ভালো আপি়রি বাবাছি কিনার বং আসদেরই অজ্িত গলবিসনা
test_chittagong_0016.wav,chittagong,"অ। খোনোরখম কা? ওডি, ন খইস ও বইন। জ্বালার শেষ নাই এডে। কিওর জ্বালা? ও বইন, খরদে না এডে? দুনিয়ার জ্বালা বেয়াকগিন এই এডে। যে গরম ফরের ও বইন! ঘুম <> যাইতও ন ফারির ক্যান",রহংকা অরিলুহজবন জ্ালা সেশনেয়ারা কিউগলা বেন হদ্ানা এড়া দুনিয়ার জালাবা কিনেয়ের‍্য যে গরম পরেরবইন গুমত ক্যান্সাই তনবাদীরকে
test_chittagong_0017.wav,chittagong,"আইচ্ছা। তোরার খবরপাতি নাই কা? খইরদি আঁরার অবস্থাও এইল্লা। কি গরমে ঝুলইর খতক্ষণ, আবার ফুয়াইর, আবার ঘামইর। ওডি, দিনে ফাঁচবার গোসল গইরলেও ন অর ওডি। হুম, নাস্তা গইরজুস? ঘামাইর যে আরও দশবার গরি ফান।",হবাবাতিনেকাডে আরালা অবস্থা উলেথার কি গরমে জুলই হতকষণ আবার ফুয়াইদ আবার গামর অরেক দিনের ফাকবসগুটে ল নরি
test_chittagong_0018.wav,chittagong,"অ গইরজি, তুই গইরগুস না? অ গইরজি। তো ফরালেখা- টেখার কি অবস্থা তোর? ওডি ফরালেখার খতা খরদে না? এই ফরালেখা গইরগুম যেত্তে ভাবি এত্তে মনত আকাশ-ফাতাল ইয়্যিন ভাবতে অরদে এরি। আর ফরালেখা খরতুন আঁর?",ণা হবজি ত ফারহাকাকি অবস্থাতুর অরে কলা হতা হদানে ফরাহাগল বুন যাত্ছে ব্যবি এতেমতাকাশ ফাতা লিংবা দেয়া বেড়িয়া রলা হা হত না
test_chittagong_0019.wav,chittagong,"আঁই ফরালেখা গইরতাম বইলে খইদে আজিয়ে গম গরি ফইরগুম। গম গরি ফইরগুম মানে গম গরি ফইরগুম। বই ইবে খুলিলি আর ফইরতু মনে ন খয়। মনে খয়দে আরও খতক্ষণ মোবাইল টিবি। এ মোবাইল গো আঁর জীবন নান শেষ গরি দিয়্যিল, ত্যানাফাডা বানাই ফালাইয়্যে। ওডি আর ন খইস মোবাইলর খতা।",আর পলা হাগত্যাম বলে হইতে আয়বিযএ গঙ্গরেফৈবুম ঙ্গরী বেগ্যমানে দঙ্গরী হৈবুম বই বখুলিলে আত্ মর্ন হ মনোহদা আলো হতাহ মোবাইলটি এ মগলগ্জী অন্যা়ন সেঞ্জ পরিধি াজ মুবাইলের তা
test_chittagong_0020.wav,chittagong,"শেষ! শেষ! শেষ! তই তোর ফরালেখা ক্যান চলে? আঁর ফরালেখা ন খইস, আঁর একূল-ওকূল ওকূল খোনোকিছুই নাই। ক্যায়া? এইযে আঁর পয়েন্ট খম আইসসে তো খোনোমিক্কে নাম-টাম ন আইয়্যের, ট্যানশনত আছি। ওডি, খরদে না! আঁরও ইক্কেত ওডি।",যলহকালআতআলহানু সালেকুলকলোকহনো কিছুই নাই ০ পয়েন্ট হও মিচিত অনুমিকে নামলা নোয়ারিটানশতঅফি রেঅদারএকরি
test_chittagong_0021.wav,chittagong,"এডে আঁর মা ওকগো ওডি চিল্লাচিল্লি লই থাহে, ফইত্যদিন খান এক্কান ঝালাপালা গরি ফালার। কী আর খইবি? ফইত্যদিন খয়দে ফরালেখা গইরগুস দে না? মরার ফরালেখা গইরগুস দে। আরও গম গরি মোবাইল টিপ গই। মোবাইল ইবা লই বউত জ্বালাত আছি। তই মোবাইল টিবর কা? তুই আইজো ছোডো নয় নি?",গড়িছিলেতিদের লেতা় ভরতিন ে হল হাগর িজন মরা বলাগর গুজা আরগুম গরিম মোগালটিকগু মোবাইলের বেলে বর জামোবাইলটি বরকা তেজ সুডানো নেই
test_chittagong_0022.wav,chittagong,"অয়ো ওডি, আরেক্কান খস দে না তুই? হুম। মোবাইল ইবে লইলে খইদি ফাঁচ মিনিট টিবি রাখি দিয়্যুম। এডে ফাঁচ ঘন্টায়ও রাইখতে মনে ন খয় মোবাইল ইবে। ইয়্যেনই ওডি। বউত নেশা-নেশা। অয়ো ওডি, মোবাইল ইবেত কী মরা আছে খনে জানে। তই এতোদিন চিটাগংত কী কী গইরগুস, খসুনা।",আটা হকদনা তই মোগলেবেলে হৈদে পাকুরেকি রা়ি সারা পাগর্ডায়াল একটম ইয়েনেহডি বোধ নেশা নেশা অরঅরে মোবাইলের একটি মলাত হবমে টাুনেন্ সিটা হচকি কিগুরগুচনা
test_chittagong_0023.wav,chittagong,"চিটাগংত কী কী গইরগি খর দে না? চিটাগংত গেলাম, এডে ঘুরিলাম-ঘারিলাম, বেয়াকগুনেরে লইয়েরে ফুচকা-টুচকা খাইতাম গেলাম, ফুচকা-টুচকা খাই আইয়্যেরে বইন, আর ন খইস ও বইন যেন অবস্থা অই গেইয়্যেগই। বেশি গরম ফইরযে তো",সিরাঙতখিগিগর্গে হদানা সিরাঙত গেলাম এরগুরিলঙ্গারেলাম বেকুনু রকু কযক কাহরাম গালাম হুসকযক্ত হায় আয়ো বই ন হয়ত যে অবতবেশি গণঅভেজ্জিত
test_chittagong_0024.wav,chittagong,"এনে খাই আইয়্যেরে অবস্থা টাইট। এরতুন, আবার এডে আবার ডাক্তারের খাছে গেলাম। ওষুধপাতি খাইলাম, বউত কষ্ট গরি ইয়া গরি দি। আঁর মা ওকগো আঁরে অসুখের মইদ্দে মাইরতে মাইরতে ও বইন ফিট ইবে বুন্দাবুন্দা বানাই ফালাইয়্যে।",র স্থা ত্যক এতুন আবারা াবা ডাক্তাহাতো গেলাম অশিক ষাতে হার াম বোধ কষ্ট করি আগৈআমগব বই নারা অশুগুন নিজিমেচিমের চেউই ফিদিরবুনাবনা অানহলি
test_chittagong_0025.wav,chittagong,হ্যাঁ বেশি ভালা অইয়্যে এব্বেরে। গরমের ভিতুরে ইন্দি মইরতু যর কা? ওডি মনে খইয়্যে দে এক্কান ফুচকা খাইতাম যাই। এডে ফুচকা খাইয়েরে ক্যান বারোটা বাজি গিয়্যে ওডি। আঁর মার মাইরও খওন ফইরজে ওয়ারে। ভাইয়ের তে বলে কী খানের সমইস্যা অইয়্যে? অ্যাঁ।,৬একার গর্মপত্রের মুত্যুদরকা অরে মলোহডরিতে কানাভুক্তা হয়তং দেয়ার ভূক্ত হয় ক্যাম্বারাগর আম্ার মযর হম্ব য়ার বেত বলে কি হারওসমস্হই
test_chittagong_0026.wav,chittagong,"ভাইয়ারতে বলে খানত কী অইয়্যে, ডাক্তারেরা খাছে লই গেইয়্যিল? অয়ো ওডি। অ। তো <> তারা বেয়াকগুনে কিরের? আছে ওডি, ইতারাও খোনোরখম। ইতারাও আঁর ডইল্লা এরি, গোডাদিন মোবাইল ইবা লই লই বই থাহে দে এরি।",বেইতেবল হানত কিউ ডেবিন অরতকমাইশুনে তারা বেগ্ঞুণে কি কিরের আসরই তারা হনরহম এ চালাও আ্দেলের গুড়াদি মুঘলি েলেল বইটা হা়বেরি
test_chittagong_0027.wav,chittagong,"ইতের মা ওকগো ফইত্যদিন ফ্যান্নের ফ্যান্নের গরিবো। ইতেরে বলে বিয়া দি ফালাইবু খর ইয়ে। অ আইচ্ছে, এনে বিয়া দি ফেলন দরখার এহনের এইগুনেরে। অ না? খ। কি বিয়া দি ফালারদে ওডি? আইজো গুরা মাইয়াফোয়া।",মগ্গতিনহেন নেনে় গরিবইত্র বলে বিদিতে লেহর ়িঅবা হক টেবিরেধিবলাক দায়রেই ু়মে
test_chittagong_0028.wav,chittagong,বয়সর আগে ফাকি যাইলেগই বিয়া দি ফেলন ন ফরিবু না? ওমা! তই তুই গরিফালাসুনো ওকগো বিয়ে। ওমা! আঁর আইজো বিয়ার বয়স অইয়্যে না? ওমারে মা! বিয়ে বয়স ন অইলেও তো তুই ফাকি গেইয়্যস। ফাকিয়েরে তো ঝুলা অই গেইয়্যসগই,বয়ষা আগে ফাগে জেল খুব নিেবিপর্ণ করবনা তৈত গরিফেলা ওমারে যৌ বর বিয়ের পয়ে সরি না ওমারে মা বিয়ের বয়স নেইলে তো তু ফাগিেইাগেরাতো দুরোির্ধ
test_chittagong_0029.wav,chittagong,তোরে এ না বিয়া দি ফেলন দরখার। অ্যাঁ বিয়ে লাগে নাকি? গুরো <> ওকগোরে কি খর! ওডি ন খ ইয়্যিন। <> ওকগোরে ইতির মা ওকগো ফইত্যদিন। ইয়া ওডি ইতির মোবাইল উদ্দো লই ফালাইয়্যে।,িেধি েলন়াজেনেবরে কি হর হরিনহর মানসর্নি়গরেতিমাগ্য ওতিন ইয়াওরিহি মুবার দুলাে
test_chittagong_0030.wav,chittagong,"হুম, কিরিবু সামনে ফরিক্কা নয় নি? অ মোবাইল উইদ্দো লই ফালাইয়্যে। ইতের মা খয়দে তুই মোবাইল রাখিলে ফইরতি ন। অ। আঁর মা ইতির ইয়্যান আঁরে একশোবার উরদি ডাখেদে, ইবে খইবু দে <> ডইল্লে মাইয়াফোয়ার মোবাইল লই ফালাইয়্যে আর তোর তুন কী",সামনেমোবাদআলিম িলেমা অদেক মুবাল দা হালি করতি আারআমাইতি নিয়ে আরা ১০৫দাহাদিব হৌদে মাইখেনিড্দেলেমে গোল মোবাইলে এেলে আতু ুখি
test_chittagong_0031.wav,chittagong,"তুইও দি ফালা মোবাইল, বুইজ্জোস না ওডি? তই ন দওস? ওডি দিয়্যিলাম। মোবাইল ইবে আছাড় মাইরগে তই গোশশায় ওডি। ভাংগি গিয়্যে আবার ঠিকঠাক গরাই আইন্নি বউত চেষ্টা গরি। তোরেও এতো <> দিয়্যে দে খনে? অ্যাঁ?",নদি অরিদিলা মুগালিব আসানমির গিত য়রি মাইগের আওয়া তিতা গাড়ােনতস্টেবিল
test_chittagong_0032.wav,chittagong,"হ্যালো? অ্যাঁ ওডি। তই তোর কী খবর? তোর মা ইয়ে ক্যান আছে? আছে আছে, গম আছে। আঁর আম্মু তারা তো ঘুরের। খডে ঘুরের দে? খালিয়ে খালার এডে গিয়্যে বলে, আঁর খালামনির এডে।",ি হতরকুলকিহাওয়মারিকেনাচে আছে আেগম আছে আলাম তারাতমক গুরে হ়গুড়োতে হালি হালারানডেগ ে
test_chittagong_0033.wav,chittagong,"অয় না? অ, এহন ঘরোতআই গেইয়্যেগই বলে। এহন কিরের খনে জানে। ও! নাবিদ্দে ওকগোর লাই বুলি খোনোমিক্কে যাইত ও ন ফারের। ক্যায়া? ইতেরে সুতা কিরমিয়ে দিয়্যের দে না? অ ফানলার, খোনোমিক্কে ন যায় ট যায়। এইল্লে ফোয়া ধুরো এরিম্মে মেয়ে মিক্কে ফোয়াউনরে আঁর তে এব্বেরে ঘিন লায়।",হাঙগরগা়গেুবলালাবিগোলাইবলের অনুমিখি বেকানোে ত িতুকিমি দিয়দান অবাল্া নমিকের নওবাই দা রিমেনির ইনটিে মিছু পনর তামুলয়
test_chittagong_0034.wav,chittagong,"ইতেও ফোয়াইয়া উগগো আসে এব্বেরে, আরা বেয়াদবর তের বেয়াদব। ইতারে হন মিক্কে যাইতাম হইলি, ইতার লাই বুলি হন মিক্কে যাইতও ন ফারি। আঁর মা উগগো হয় দে, ইতে ন যাইলে আঁইও ন যাইয়ুম। ঠিকাসে তোর লাই উগগো আমিষ মিক্কে লই আইসসুম অনে আঁই, ক্যান?",টিকায়ক গাছারাব আরাবি়াদ১৩াবি া পতের হনি মিকে দেকা মটা লিবিল হনিমুখে ফেইতানো হয় আা গহা দিতে ন বেলাই়ানাজি টেকাছেতুল্লা় গা মিশিনি কেল এসীম নায়িকা
test_chittagong_0035.wav,chittagong,"লই আইস অ বইন, গম অইবু এক্কানা। অ। তুর সময়ও হাডিবু। অ। ওডি আঁর বাই ইবারে লই হন মিক্কে যাইতও ন ফারি। ইতের লেই বুলি এব্বেরে আঁর মা উদ্দ যনি উদ্দ ক্যানসেল গরি দে। আঁরা বেড়াইতু যাইবার হতা আসিল, ইয়ানও যাইতু ন দে আঁর মা গো।",মোবরকাতুসময় হারিব ওরে আব্বাড়ি বে় লয় হনিমগে বেজনা য়াড়ি টে লিবিলে ব্রাহ্মাওদ জনএর দ্য ক্যান্সের গ়ের ফোলাবারতেতেবে হতাআছে ইনদাগ
test_chittagong_0036.wav,chittagong,"<> ফরিক্কাত ফাস গরিবি না ফেল গরিবি? ওডি, আঁর মা হদ্দে আঁরে, ফরিক্কাত বালা উগগো ফয়েন্ট ফাইলি আইফোন লই দিবু। এঁডে আইফোন ন, আইফোনর ট্যাং ও লই দিতুনু অ বইন। ক্যায়া? আঁই টু ফয়েন্ট ফাইনিও সন্দেহ বইন।",পইকাতা হবিনে খেল উডবি অরিআাহতারে পরিকেত বালজ্ঞ ফোন করি লাইবনদি এন ন প্যাঙ্গলউপন পায় নিয়র সন্দ্য হ
test_chittagong_0037.wav,chittagong,"ক্যায়া ক্যায়া? তোরা লেহাফরা গইরগুস, কোচিং গইরগুস দে নয় না দুরাদুরি? অয়ো ওডি ইয়্যিন কী কোচিং গইরগি দে, গেইয়্যি আর আইসছি দে আরি। হুম ভালা। ওডি এডে কি ফরালেখা অয় না? এডে ইক্কে সাতে এদ্দুর ইক্কে সাতে টাইম বেয়াকগুন যায়গুই।",কয়া কেয়তুরালে হাফরাফুস কসিঙ্গহজমানের দূরাদুরে অ়রিংকি কোচিংেরগৃদি গেয়ের শিদের ওডেআরে কি ফগলা হনা এর ইচ্তেফাআতে এদের ইকতেফাতে থযাম্বেক বৈবু
test_chittagong_0038.wav,chittagong,"কি ফরালেখা! সাই সাই এইগিনত চলের ন? অয়ো ওডি। ও। ইয়্যিন সাই <> এবার আঁর ডাগেদি বইসসে যে ইবা আঁর আর <> ইবে আঁর তুন সাইতু সায়। আঁই চিন্তা গইরগিলাম দে আঁই ইবার তুন সাই সাই লিখখুম, বুইজ্জোস না? অ। এডে ইতে আঁর তুন সাই সাই লেহের।",সায়ালিহ ৯এবার আন্ডাবধে তি ১২১২ ১৯১৩ ামখি২ াু় ং ানাইবোতে আত থাফাহর
test_chittagong_0039.wav,chittagong,"কিত্তাম খর দে। আঁর ডাগেদি ফরের দে বেয়াকগিন ডামিস, জুরোমুরো ইয়্যিন বেয়াকগিন আঁর ডাগেদি। কি আর গরিবি বইন? খোয়াল আরকি। অয়ো বইন। আঁই চিন্তা গইরগিলাম দে ওডি ফরালেখা রমজান মাসত ফরালেখা অয় না? অ।",কিত্ মদে আড্ডাওদে পরাদ্দ একিন দামির জুড়ম্ুরই দেখেন আদাগদি কিয়ারগরবি বৈধয়ালাকি ব আসে বলন্র পরাহারি রঞজনমাসে থলা হা না
test_chittagong_0040.wav,chittagong,ইয়্যেন আরি। ফরিক্কা এক্কান দি রাইকখি। কি আর গরিবি! ফরিক্কা ইয়্যেন দিতাম <> ইতির চুল ইয়্যিনও আরি ফালাইতু। চুল তুই ফারিলেও এইল্লা খাম নাই বুইজ্জোস না? মুখর খোনো সোজা খতা বেয়াকগিন।,কান্দিরেি কিয়আরগমি করিকিন্দিতা বিজিরিতের আ়ুনভিতে ফেছে মানা ি ছুমি না আই সুল টুফালিলইল্লাদা ু না মুখ হতােগিল
test_chittagong_0041.wav,chittagong,"ওডি, চুল ইয়ুনও হাডি ফেলাইতু মনে হর। ইতারে যাইয়ারে ফাইতেম এনা, আঁই সেসি ফেলাইতাম, ইড দি। ও আইচ্চে, তুর জামাই টামাই বালা আসে না? ওডি আঁর জামাইর হতা হদ্দে না, আঁই বিয়া গইজ্জি না এইজু? ইবা জামাই মানি লর না ন লয় এঁডে হইত্তারিনি?",ি না ঢুলেতু মনো হয়তাদারি ফাইতালেনা ফেস্টিভেলাইতেইদি হইচছে কিকবামাইটামে ভালাচোনা আবে আজ আমা ো আইবি জ মানি লন্নান্য য়াড হত্যারিনি
test_chittagong_0042.wav,chittagong,"ইয়ান এরি, কি আর গরিবো, হছেনা! আর মা উগগা এনে আরে লই ফেননের ফেননের গরে, এহন এদিন আর বাইয়া,আর মোবাইল ইবা চেক গইজজে, বুইজঝুছনে! তো নফায় কিছু, আই তো ইন বেকগিন মিউট টিউট গরি রাইকখি, বেয়াকগিন গিয়া গরি রাইকখি, বুইজঝুছনে?",আগহবে আমাগোয়ানা আরলোনেনের গড়া বে আমলি িদ্যিনতই ন হয় ুটি বযাকিং নিউটিউট গরে ে বোকিন গাগরেখি
test_chittagong_0043.wav,chittagong,"অ। এড়ে কি ফারদে! তুই তো, বেশি চালাক। ইতে যেততে ধরিবো হইয়ে, আই বেকগিন গিয়া টিয়া গরি, অফ গরি দি, বুইজঝুছনে? ইতারে ফোন গরি হইদি, উগগা মেসেজ ও যেন নদে। দেইকখুছ হইনলা চালাক? <>",ফিতিবাইটে ছএতে যাচ্ে দরি বহইয়া অজ্ঞরিনা তেরফুঙ্রে হৈদ গুমেকো ছলে থালা দুরাত সময় ফালা আগা
test_chittagong_0044.wav,chittagong,"উগগা নরমাল <> মোবাইল লনর সময় মাইর হন ফইরতো। কি গরিবি! যুগ যেনডিললা এরি। এহন আরতুন গুরা-গুরা এগুন বুড়া অই নযার গই নে! অনদি নাবিলানি উগগা নদেহর নে! অই, আর নহইস সাই, <> ইতি আরতুন বড়, ফাগিয়েরে ঝুরা অই গিয়ই।",নরমাল পাঠিম্য বল্লবের সম মায় সম্পত্ত মিু ব্রেন্িলের এখন আতঙগুরো গরই ও ন াতন প্রয়নাতার কোনো অন্ডি আবিলে নিউবেন হনা অইয হ়ছে কোন ব্যক্তি আতন বড় ভাগেরুডর
test_chittagong_0045.wav,chittagong,"এড়ে আই কিললাই থাইককুম, আই ইতির বড় নয়নি! অ। তোই! দিন হাল কেন চলের? দিন হাল অড়ি এনডিললা চলেরদে এরি। ফইততু দিন গাইল হাই হাই, ভাষন উনি উনি, উন, ভাষন ইন উনন ফরে। <> ফানলার!",তরল ডিংখাল ক্যান্সলের বিনহালডে ন্ডারলকলেদেশ বোথিং গার হাহে বাঅনবাসনিন উনামফলে বদিনেকান আরগা দজ্ঞা
test_chittagong_0046.wav,chittagong,অ। শেখ হাসিনার খাছে আর দেখা গইরতু যওন ফইরতু ন। অয়ো ওডি। আঁর মা ইবে থাহিলে অইবু। ফইত্যেক কান চিনে। এইদিন্নে বেড়াইতাম যাইতাম খইদে ও বইন। ন ফারে দে আঁরে মারি ফালাইতু। আর খোনোমিক্কে বেড়াইতাম যাইতাম খইলে ওডি বুইজ্জোস না নাম লইলে এরি,শেখ হআাসেনা হাসাদ ধারগত্ সম্পতিন অই়রিং মাবে তা় রেও এর দিনে বেড়াতাম যাতাম মদেওবনহারা মাঢেলে ১ থনমিকে বেড়াদমদে হলের বিজিস্ন আমল
test_chittagong_0047.wav,chittagong,গোডাদিন ঘরের খাম বেয়াকগিন ক্যান আঁরতে গরন ফরে। ইয়্যিন বলে বেড়াইতো যাইবার গেয়া। খাম শিখি লইলে <> খাম গইরলে তই বেড়াইত যাইতাম দিয়্যুম দে। ইয়্যিন ইয়্যিন গর তই বেড়াইতে লই যাইয়্যুম দে নয় লই যাইতাম ন। ইয়্যিন খোনো খতা না? এই সা এইগিন ফাম মারেরদে বুইজ্জুস না? খাম গরিলে অইলদি,ামরাকিংকেন তগনপরা গোঙবলা বযারাদেবে গিয়া হামশিগিল ওর বাধা ল আঙুলে তো বে়াুমার ইনিংগ তবেড়াথমপানাএগিন থাম্মার দেবজিনা হামুরলেউধি
test_chittagong_0048.wav,chittagong,"ওরো বাড়িত খষ্ট ন অইবু বুইজ্জুস? ওরো বাড়িত অইলদে খতা উনন ফইরতু ন। অয় না? ওডি তুই তো বেয়াকগিন জানস তই তুই বিয়া ওকগো গরি ফালাগইসুনো। ওডি কিওর বিয়া! ওরো বাড়ির জ্বালা-মালা ইয়্যিন তো বেয়াকগিন বুঝি গেইয়্যস তুই। আঁই এহনো কিছু ন বুঝিলাম দে আরি। ঘরর সামান্য, উন উন",ওরবা খষ্ট নৌভবুজ্যুওর বাইকুলদে হনপতর রিতচরিত াকের নাম প্রতি বিয়গো গ়ি হালাব কোন পদে কিউর ভেও়র বাড়ের দ্ালামালাইন া বুঝগেইগর
test_chittagong_0049.wav,chittagong,ঘরোত হালকা খাম গরিবার লাই অইলদি বউত গাইল খাইতে খাইতে হয়রান অই যওনগই ফরে। ওরো বাড়িত ওডি এডে এতিক্কিন খাম টেঁয়া দি কিল্লাই গইরতাম? টেঁয়া দি বিয়া দিয়েরে এডে খামাইতাম যাইতাম না? অ। তই তোর জামাই ক্যান আছে? জামাইর কী খবর? মানি লইবু না? ক্যান মনে অর তোর তে? ওডি কি আর খইয়্যুম?,হালকা হাম গরিবের লাইয়কদের বোটগা ঘহাইতা হেইতরণ জঙ্গু ফরে ওরু বাড়িতে যায়ন রৈদেকিন হামটেঁয়াদ খিলে গুতাম টিঁয়াদি বিয়ে দিলেন হাকা জাকে হব ডই া
test_chittagong_0050.wav,chittagong,"জামাই-টামাই আঁর খাছে কোনোকিছু নাই। আপাতত আঁই এহন ওকগো এখলা মানুষ, বুইজ্জুস? এহনো ওকগো এখলা মানুষ। ছাড়ি দিয়্যুস যে ইয়্যেন খসুনা। তোরা ওডি খত ছাড়িবি, খত গরিবি। ইয়্যিন তোরার দ্বারা সম্ভব এরি",জামাইটামায়া হাজ হুনে কিছু নেই আফাতর আফাতা এখন অজ্ঞ হালা মানুষবুধ্য নাগ্রাহনা ন সারিদির দিয়ে হ তোরারে হতভারিবে হত গরিবি চোরাদ্দালা সম্ভব হেরি
test_chittagong_0051.wav,chittagong,"<> খোন মরা লতাত বাজি গেইয়্যি। কী খইয়্যুম? খোয়াল আরকি খোয়াল। যেইবারে ছাড়ি ইবার খাছে আবার ঘুরিফিরি যওন ফরে। অয়ো ওডি। তোর তে আবার যাইতুও, যওস ও কিল্লাই আইয়্যুসও কিল্লাই তোরার ঠসা-মসা ইয়্যেন আঁই কিছু ন বুঝি। ওডি ন বুঝস না? <>",হন মরা মরালাতাক বাধু কি হরিম হুয়ালাকে হুয়ার দে বেরা সাি এবার হাসাগুনিচলি চমর ুত জফ খিলা আইয়োসে তেলে তুরাত্তে অসাময়িঅরিনগুলসনা আদেওর আগের স্থেরটা হইবিদায়না
test_chittagong_0052.wav,chittagong,আঁই যিয়্যান খইয়্যি ইয়্যান তো উনি চলা যাইতো। আইয়্যেদে এক্কানা মাতিত্যারিবু। মাতিলি জানে চুল ইয়্যিন আঁরি ফালাইয়্যুম যে। তুই তো ভাই কি খইয়্যুম ওই হায়েনা নাকি ডাইনি খয়দে এইগিন খইলেও তোরে সারা যাইবু।,চলা াআতিথৃতাভাই কি হ়ুম ওই হায়ানা না কি ডাইনি হইবে এগে নড়েও তুরে সারাজইব
test_chittagong_0053.wav,chittagong,"ও বইন ইয়্যিনও হার মানিবু আঁর খাছে, ও বইন। <> নাই দে। হা। হ। তো বিয়ে-টিয়ে গরিলে দাওয়াত-টাওয়াত দিস, বুইজ্জুস না? ইয়া চিন্তা গরির দি এরি, আঁর মারে খওন ফরিবু ইয়্যিন। খইয়েরে ঠিক গরি ফালাইয়্যুম। এ বইনরে। ইতের মা ইবে, ইতের মা ইবে ন আইয়্যের দে ওডি",ত দিয়েটিএ গরিরা দট্টদএরমিয়া িয়ািনগরিদেরএই আার হমবরিবিন এই বৈনুরা ইতে মাইবে ইতেম মা়ব নুই
test_chittagong_0054.wav,chittagong,"ইতের আইজু প্ল্যান নীতি অক এ না, আরও তিন-চাইর বছর লাইবু। আরও তিন-চাইর বছর? অয়ো। আঁর মা এতোদিন আঁরে বওয়াই রাখিবু না? বওয়াই থাহিবি দে আরি খোনোমতে ম্যানেজ-ট্যানেজ গরিয়ারে",্লেআ২কিনস মাতুজিনর বলা এং বুয়া় তাহিবিদিরি হনমত ম্যানুষ্টনে গরিয়ে
test_chittagong_0055.wav,chittagong,"অ। এহতেরলাই তো বই থাইক্কি। দুনিয়ার শেখ হাসিনার ভাষণ, দুনিয়ার ঘ্যানরঘ্যানর বেয়াকগিন উনিয়ারে ও বইন খাম খাজ গরিয়েরে বই থাইক্কি দে ন দেহর না? অ। কী আর গরিবি খ। ইতে খয়দে আঁই বলে গম, ঘরের খাম বেয়াকগিন গরিয়ারে আঁর মারে ইমপ্রেস গইরতাম।",এটলেত বৈতকি দুনিয়ের চেকটাকুনের বাঁ জন্দু নিয়েবেন নেকে নেবেকিনিযেরবন হা ম গ়িয়ারও বৈতিকিধিন ম হনা এতা হ আয়াবলাগম হাগড়া হাম বাকিং গরিয়া ামারিন প্রেসবেত
test_chittagong_0056.wav,chittagong,"ইয়্যিন খোনো খতা না ওডি? গোডাদিন খাম গরতে গরতে, ডেক্সি মাজদে মাজদে খালা অই যাইরগইর। এনে গরম ফরের দে সাংঘাতিক এডে আরও বেশ খাল অই যাইরগইর। অ। তোর মা খতা উনিলে এনে ক্যান অইবু খ সাই। কী? তোর আম্মু",ানডিঘরা হামগতবাত্তা বেশি মসবাংাসবাহালগিন এ্নগঅং্বে াঙ্গারা া তুরমা হতাধুনিলে কেন বান হফাই
test_chittagong_0057.wav,chittagong,"তোর আম্মু যদি খতা এইগিন উনে ক্যান অইবু খ সাই। চুল ইয়্যিন আঁরি দিবে দে এরি। ঠিক আছে তাইলে তুই এহন রাখ, তোর মাই আইসছি তোর পাশে দি সাই থাক। অয় না? অয়, রাখ, রাখ, রাখ। বাইবাই। ভালা থাহিস। অ্যাঁ?",ত্রমজু হতায় ঘেন না কেনবহসাই র টেগাো চলতি যহর রাকতুম মাইনের শিতুর পাশদে চাইতাকরাগলাগা া ব্াবাইস
test_chittagong_0058.wav,chittagong,"হ্যালো? হ্যালো! ক্যান আছস? এইত্ত ভালা আছি, তুই ক্যান আছস? এইত্ত ভালা, কিররদে এহন? আঁই এহন বই আছি। তুই কিরর? আঁইও বই আছি।",্এইতভালা আছি এতভালাকিরোপ ব্েহআ়ইয়াছি় বইয়াি
test_chittagong_0059.wav,chittagong,"তো কলেজর খবর কি? কলেজর বাই সেকেন্ড মেরিটত ও আর নাম ন আইয়ে, এহন কি গইজজুম বুঝিত নফারির। তো আর <> তুর কি অবস্থা? আই আছি।",কলেজের হবর টবর কি কলেবারবাই সেকেন্মেটতার নাম নইহনকেজুনতাঅস্থা আয় আফিক
test_chittagong_0060.wav,chittagong,"ন জানি কিরগুম এইজো, তো আর হন প্ল্যান ট্যান নাই? তোর সিটি কলজত্তুন রিলিস পেপার লইয়ুস না? অ্যা? রিলিজ পেপার লইয়ুস? না। সিটি কলজত্তুন কিল্লাই?",নবানী কিরপ্ল্ানটেন নাই তরদিটিগলতন রিলিসাদিল্লিস পোপার লৈউস নাসিডি করযত্কিনলাইফ
test_chittagong_0061.wav,chittagong,"তুই সিটি কলেজ দিলি যেনা ফানলার, না কি কমার্স কলেজ দিয়ুস দে? না না <> কি কলেজ নাকি দিলি? সিটি কলেজ দিলাম। সিটি কলেজ অর তুন রিলিজ পেপার ন লবি? লন ফরে? অই। রিলিজ পেপার লইলে এনা তুই অন্য কলেজর মইদ্যে যদি <>",লফ সিরিজে না ফাল্লা় নাকে সমাকহলে তানে দিলে সিটিকলোিবলের িলিসকনলবে লম্পরেিস্তাবা ল িপলাজনমধদল যে
test_chittagong_0062.wav,chittagong,"অই কি হয়! ভর্তি অইত ফারিবি। এন্ডে তো হোনো রিলিজ পেপার ন দি! ইতারাততুন লন ফরিবোদে, নইলে তুই কলেজত মইদ্যে ভর্তি অইত ন ফারিবি তো। অ! আই তো এহন ডাহা, কেন গইরগুম?",রতেপারিবি এ তোহল রিসাভার নৌদী এছাড়া য রম্বরি বোজে নলেই একটু কলাজে মধ্যম প্রত্তে উচ্ষিনকারিবিত হয়টাহান্ডা হাট ক্যাঙ্গুগুং
test_chittagong_0063.wav,chittagong,"তুই, ডাহাততুন হততে আইবি? ন-জানি। কিয়া! এড়ে কি মরিবার লাই গিয়সদে না? তো, এনে হোনো অপসন নাই? এনে অপসন নে, আই ন জানি, হয়েক জনর লাই হতা হইয়িদে, ইতারা হইয়েদে, রিলিজ পেপার লন ফরিবো, আর দাদা ও হইয়েদে রিলিজ পেপার লন ফরিবো।",যাি দেয়ার এক মহিবালে গিরজনতো অ্যানাগুনব সন্যাই লা অকসম্যা় আইনজারএম হয় গরঙ্গ হতা হয়েলে তার হ়িযে জিদুস্পাপর নম্বরব আর আর দাদাও য়েদের লিকতাব লম্বরিব
test_chittagong_0064.wav,chittagong,"রিলিজ পেপার লইলে মানে অন্য কলেজর মইদ্যে ট্রাই গরন ফরে, এহন হনে হইবো, কি গরিবো! এগিন তো বিয়াকগিন আর দাদা এনা গরিবো, অ আইচছা, অহন তো আই এন জায়গাত ফইজজি, কি গইরগুম, আই তো ন-জানি। তুই ডাহাততুন হততে আইবি ইয়ান হ আগে।",রিতবল্লিমানে অন্য গলজমাদে ট্রায়গরম বরে এখন নধু ঘিরি বলেন তো বেগেনা দাদাযা অয়সে অ্যান্পারঅযান্জাগাড বেগডাকিরগুমাইতোনাগাহাত হত্যাবি
test_chittagong_0065.wav,chittagong,"আই তো আইসছি দে মাত্র তিনদিন, আরও হদিন ন লাগিবো নে! বিয়া শেষ নয় অই? আই বিয়ারলাই নয়তো, কিয়া? তুই হইয়ুসদে ননে, উগগা বিয়া আছে, বিয়া হাইবি? বিয়া আছে, বিয়া নহাইর। কিয়া? এনে এতক্ষন কি গইরতাম আইসছি দে?",আইের শিবি মাত্র তিনদিন আরো হওয়দিন্না লাগিবনা বিএসএফ না় ৮টবিএলে নয়তো জনগ বিএসএফ ইয়াহাবিন বিএসএ বিয়এ নহাই এনতুকুগডামে শিবি
test_chittagong_0066.wav,chittagong,"অ, হাইয়ছনে কিছু? অ, হাইতো, তুই হাইয়ুছ? অ,হাই। বৃষ্টি তৃষ্টি ফরেন না? বৃষ্টি আইয়রে যার, এনে মেঘলা গরি আছে। অউ",হায়ুস না কিছু ফ হাইত তিহাইওশ্িৃষ্টি কলেন না বিস্টায়েরা জার অ্যানাম ্গলা করিয আছে ও
test_chittagong_0067.wav,chittagong,"তুই বেড়ি, বাড়িত থাকিলে, তুরে বাড়িত আইসতো হইতাম। তুই তো, ন আইয়ছ ও! আই কিললাই আইসসুম! আগে তুই আয়! তারফর আই যাইয়ুম। তুরে ইদর সময় আইসতো হইলাম,তুই তো ন আইয়ছ। এ! হন নাই, বাউন নাই এনে যাইতো হইলে, আই যাইয়ুম গই ন!",তাখি নিবারতইতন আইসোআইকিলেচি আগে ফিরা তাফানরুম তরদসময় স্াম হল েহরা বালা লা়জা়
test_chittagong_0068.wav,chittagong,"আই ন হই? ইয়ান ন হইর, অড়ি। তোইলে, এককান হাজ গর, তুই ডাহাততুন আইলে, হুম, আরার বাসাত আইছনে! আরত গুরা দুয়া আছেদে, দুনুয়ারে উদদো লইয়রে, উগগা তুই লবি, উগগা আই লইয়ুম, লইয়রে তুরার বাসাত চলি আইসসুম।",আইনোহর ইয়লোহযডি পেলে একা হাকগধ দাহাতুরে আয়াবাসা এশনা আয়ক ুরাদুয়াসু দুনোয়ালা উদ্দবলেরও গালে হগা তুলেন তা ত
test_chittagong_0069.wav,chittagong,"ওমা ইবে তুই আঁরে আগে ন হবিনি? এই ইয়ান অইব, এহন তুই ঢাকাত্তুন আইলি আঁরার গরত আইস, উগগো তুই লবি, আর উগগো আঁই লইয়ুম, আঁই আঁর মারে হইয়ুম। আইচ্চা আইচ্চা। ত এহন হন্ডে ভত্তি অবি?",ওমার ইবপিারা কেন হবেনি ইানরভো এখন সুধ হাত আইলে আরাগর তায় সুগত্ লোগে আর গা় লই ময় মার হতাহাখণ্ডনাকেবি
test_chittagong_0070.wav,chittagong,"এগিন লই আঁই কিচচু ন জানি। হালিয়া আ, ফরুঅ, মেরিট লিস্টর রেজাল দিয়ি, আঁরে দাদা হালিয়া হর। আঁই হালিয়া উন্নি দি। আঁই হালিয়া উনি ফুরা একদম চুপ অই গেই গই। অ। ত এহন কিরিবি হইত দি?",চিমাজানি হালিয়ে আ পরুয়া মেরিটলিফ্টর রেজাল দিয়ে আলে দাদাহালি়হর হাল গনি জা হালিলপুরা হেইতাহাকি নিবে হটবি
test_chittagong_0071.wav,chittagong,"সাইয়ে না বাই, এহন ন অইলে ডিগ্রি <> আবেদন গরন ফরিবু দে আরি। অনার্সত ন আইব হন মিক্কে? ক্যানে আইবু, অনার্সত! যদি অনার্সত, মানি সরকারি ফরম ইবার মইদ্যে গরিবু হইলে, আইসতু ন, ডিগ্রি সারা।",ন গারির ডিগ্রিগলাই আবলঙ্গন পরিবোধনী অনাসক নরবোহন থিকে কনগুনাসল যুদি আনসমান সকার ফলমধ গয়ে উহলে একজনও ডিগ্রি তারা
test_chittagong_0072.wav,chittagong,"আর পাবলিকর মইদ্দে অইলে অয় ত বিজিসি ট্রাস্টত অইত ফারে। <> হরচ বেশি ফানলায়। ইয়ুন ত এক্কানা অইবু, কিন্তু এঁডে ফরালেকার মান বাই বেশি বালা। অ, ইয়েন এরি।",পাবলিগমা দ দেয়ারত বিচর্চ তাইত্তারে পরারথিত বেলে হরশ ে০ ন্তনরিদার ফয়ালাগার মামলাযর় বিছুভালাইা
test_chittagong_0073.wav,chittagong,"চৈতি দি আছিল, তারফরে আরও মানে আঁরার ফরিচিত এন কি আঁর মামাতো বইন, মামাতো বইন দুনোউয়া এডে ফইরজি দে ইতারা ফইরজন্ত <> গেইয়্যেগই। <> বউত ভালা কিন্তু ফরালেখার লাই টেঁয়া এক্কান বেশি লয়। বেসরকারি তো ওডি অনার্সত লই ফালাইবু কিন্তু টেঁয়া এ না খতা। সরকারিতও টেঁয়া লইবু বলে",িলতাগআরওমনার পরিচিত আইনকের মামাতব মতাবোনার এ হধি চাই তাবুধনদা হলত ডিজিটাল বোট ধরায় কি্তু ফয়লেনি১ে ছিল বেসরকারি দলডি অনাসুল লোফারাবুকিন তুটিয় না হতযাশারকারি তোটিালব
test_chittagong_0074.wav,chittagong,"ইয়্যান তো লইবু কিন্তু সরকারির তুন বেসরকারিত এক্কান বেশি ন লইবু না? হ, ইয়্যেন এরি। ওই উন উন, আঁরার দুনোজন ন আইলি আঁরা দুনোজনে বিজিসি ট্রাস্টের মইদ্দে ভর্তি অই যাইয়্যুম গই, ক্যান? আঁর আম্মুরে খতা খই সাইয়্যুম আঁই আগে।",কযান্তল্ল় বোগিব দুশগারট বেসিবা়িট েখানে বেছব হলাহাফালাবর ন আরা দন নলি রা ল বি জতাসেমন্তপতআরাভলে হতাশ়ে শা়ীউমায়ে
test_chittagong_0075.wav,chittagong,"ঠিক আছে হইস <> দুনুজনে ভর্তি অই যাইয়ুমগই। আর উন, ইয়া তুই সাইকোলজি লই ফরিবিনে? না অড়ি <> ফরিবি? সাই নি! যদি ফরস, তইলে আইও সাইকোলজি লয় ট্রাই গইরজুম, দুনুজন এক ইয়ার মইদ্যে আই যাইয়ুম।",ষণা া ২ওন সাইকোলজিলোইট ছরিবেনি মরবিজ্ঞা তাইনিদু বড় তা়লা আয়া সাইকলোজেলে সাযরগম ২১ ধ এে
test_chittagong_0076.wav,chittagong,"ফইজজুম। সাই, বেসরকারি লইয়োরে টেনসন নাই, সরকারি লইয়োরে, সরকারির মইদ্যে তো ফাইতাম ন। সরকারির মইদ্যে অইলে তো তুই সাইন্স অরলাই ফরিবি, আই আরসর সাবজেক্ট লই ফইজজুম! সরকারিতো মনে অয় বিজ্ঞান আছেতো।",ই বেসরকারি রোডে টেনশন না সল কায়ে লয়লে সরকারির মত কারতনসরকারের মধ দৈলিত তুই সাই সল্ল়ের করিবে আরা়দা আসেরপাজলে সরকারিত মনবিজঞান
test_chittagong_0077.wav,chittagong,"ইয়ান ন হইর! বিজ্ঞানর মইদ্যে আরস ফরিত ফাইজজুম নে! <> ন ফাইজজুম ফানলার। অ। ইয়ান হইদদে। তুরার সাইন্সর আলাদা, আরার আরসর আলাদা, আইচছা, আই গেইলে তো ভালা <>",বিগার মধ্য আয়ক হইতে তু সা আলাসকালগেলত ভারাগিন্দুদের দবাসগার মত ফম বরে
test_chittagong_0078.wav,chittagong,"তই সাইকোলজি লই ফরিবি দেনা! সাইকোলজি লই ফরিলে, আই আর তুই ফরিত ফাইজজুম। সাই সাই, কি দিত ফারি। নিজে ভাবি চিন্তি নসাই আই। তুরার ঘরর মইদ্যে বড় বাই বোন নাই?",সালো জুল ফরিয়ে গেনা ১ জুলোই ফরিলে আ়ািেসাইসাইকিরইত্যাবাবিকসিনতি নসায়াং তোরা ঘুগার মত বড় বাইবোনাই
test_chittagong_0079.wav,chittagong,"বাই বোন আছেদে বেকগুন তো আরতুন ও বড় বড় ইতারা, অনার্স লই ফরে হন্ডে হন্ডে, ইতারারে জিগাইয়রে সাই ছেনা, <> ইতারা বেসরকারিত কেউ নফরে, এতরলাই হারে দইরগুম নজানি।",সেজা বকবিনতো আছবড়বরে তারা অনাসলৈ পড়ে সন্দ্যহন্ডায় বিজঞায়েরাযাইো সাইনগিতার ব্যসাকা ছিউ না পড়ে লেলাই হারদের ঘুমা
test_chittagong_0080.wav,chittagong,"তোও, মানে এককানা পরামর্শ গরি সাইছ নে, আই আর দাদার অঙ্গে হইয়ুম। আইচছা। আন্টিতারা কেন আছে? আন্টিতারা ভালা আছে, বাই যে গরম ফরের, অবস্থা কাহিল অয় যারগই।",তমানে একানা য়া পরামর্শ করি শাইছনা আয়া দাদার রঙ্গাহরুম আন্জিবারাবালা বাইদে গরম ফ়া এান স্থাহালইল গু
test_chittagong_0081.wav,chittagong,"কম্পিউটার শিখতাম যাইদে, এড়েততুন আইয়রে, আর এন অবস্থা অই যাগইদে, মাথাউয়া তুলিত ন-ফারি। ওইযে হিট স্ট্রোকর মতো অই যাগই যে বাই, অই। যে গরম ফরের, গরমে, প্রচুর গরম বাই, প্রচুর। আইও এন্ডিললা গরমর জালায় হোনোমিককা গুইরতাম যাইত নফারির।",কম্পিউটার শিত্তামরা জিয়ারতভা়রা দা়নে ান হস্তহ জাবে জানান মাথাও তুলিন্ন হারি ধারার জাহিটেসট ক্ষমতা জাগুাইরমে কুচু ড়মা় পচুর আই এন গড়মোগাল এখন থেকে গুত্তাম জানিনা পারি
test_chittagong_0082.wav,chittagong,"হুম, তোঁয়ার জামাই ক্যান আছে? <> তুই তো নাই। অ ইয়্যেন এরি। এহন আঁই নাই দে এহতেরলাই বেয়াকগুনে বেড়াইতু আইয়্যের দে যেত্তে <> কেউ ন যায়। তুই কি একলা গিয়্যস যে ঢাহাত?",কলগকোএহন আইনা যাতেল বেগুনের বেড়াত আইেতেতাতরামতে কেনোগারকলাবিাভাত
test_chittagong_0083.wav,chittagong,আঁর ওকগো ফুফির লয় আইসছিলাম দে। ও! আঁই তো মনে গইরজি আন্টি তারা উইদ্দো গিয়্যে। না আম্মু তারা ন আইয়্যে। তোর জামাই ক্যান আছে? ভালা আছে।,গোফুক পুবিল্লেই সিলামদনতমনরোখে আদেতারওতো গিয়ে নাই জামাইকানাবালাদে
test_chittagong_0084.wav,chittagong,"বেশি ভালা আছে না? অয় বেশি ভালা আছে। ইয়ে গাইল হাইয়্যুম যে জানস না তুই? কিল্লাই? মেসেজত খইয়্যুম অনে। আইচ্ছা খইস, খইস। তোঁয়ারার দিনকাল ক্যান চলের?",েশিানাআরবেনুরারা ারয়া গাজানা ত িলাইফমেহতরাদিনসালক্যান চলের
test_chittagong_0085.wav,chittagong,"ওডি, তুই কম্পিউটারর মধ্যে খত্তে ভর্তি অইবি? ধুরো কিওর কম্পিউটার, ঘরোতকম্পিউটার নাই ভর্তি অই কিরগুম? ক্যায়া? ওই <> আঁরা যিয়্যানত শিখি। হুম। এইয়্যানর মধ্যে অইলদি তুই ফরিক্কে দওন ফরেও মানে গরিততারিবি, তুই যতক্ষণ ইচ্ছা ততক্ষণ গরিততারিবি",কম্পিউটার মধ্যে হরে হত দেরকিউর টাগড কম্পিউটার লাইক বোতে় কি কওইপিথিবংসার জানছিকি এহ দলজির তৈরি পরিকাদংফরভনি গ়িত্তা রেবেতু যতক্ষণ কে কথভম করি ছারেবি
test_chittagong_0086.wav,chittagong,"অয় ইয়্যান ভুলি যাইলে গই? শিখনর ফরে এহতেরলাই আরে না এইরখম কিছু অইতু ন, আঁরে ওই আঁই যে ইতারার <> স্কুলত ফইরতাম। হুম। এডে ওকগো <> মাইয়া আছিল, আইচ্ছা তুইও চিনিলে চিনিত ফারিবি। ইতে <> স্কুলত আছিলো, বেশি মোডা গরি মাইয়া ইবে",অরয়ান্ন বুলিদেলেঘু সিগনোর পরাট আর না এরকমচলতু ন আরারই আনচেতার সলস্কুর পত্যা এরগা পলিমায় আছে অতু়ল েনলে ফ্লিতাইবিত খোলারা হ় সর তাকলে বিশি মটাঘু়ি মাইা
test_chittagong_0087.wav,chittagong,"এস আলমর তুন? না আগে <> ফইরতো নি, ফরিবার ফরে আঁরা যেত্তে ক্লাস এইটর মইদ্দে এস আলম স্কুলত গেইলাম গই। হুম। এত্তে ইতিও আঁরার অংগে ক্লাস এইটর মইদ্দে এই এস আলম স্কুলত আই গেইয়্যে। তো ইতি অইলদি ফরিক্কা দি ফালাইয়্যে, ফরিক্কার মইদ্দে ইতি",এতু নাআগেখোলেন সুতুনে ফোর করা হ় আনা চাতা চাসেরের মধ্যে আছেন লোটবিলাঙ্গুই এাই চি় আরারঙার চাক এদের মধ্যে আছেন চআগিয়ে তোএটেউলজিবল ফৈক্ষাতিছা ফটামদিতে
test_chittagong_0088.wav,chittagong,ফেইল অইয়্যে মানে ফেইল আসছে ইতির। হুম। তারফরে ইতি অইলদি মানে কম্পিউটার শিখের। মানে কম্পিউটার ফরিক্কা দি ফালাইবার ফরেও ইতির ফার্স্ট বার ফেইল আইসসে সেকেন্ড বারের মইদ্দে ফাশ আইসসে তাও ইতি শিখের। তোরার মানে মানা নাই এন কি তুই যদি ফরিক্কা ফরে শিখস তোরে এব্বেরে ফ্রী শিখন ফরিবু দে,েইটির বাল ভরেই তলছি এবনে কম্পিউটার শিগার ন কম্পিউটার ফরিকা নির ফেলা পর তে ফালব্রা ফেলেসটি সেকেনডবার মধ্যে পা়াতা দশি দটসিক সোলার মানে মানা ন এংকে ানিতুশদুরু ফরকা ফরশি বস তোরা বেরা ফিরিছি ওম্বরে ুলে
test_chittagong_0089.wav,chittagong,"তই টেঁয়াটুঁয়া কিছু লইতু ন, তুই যাই যাইয়েরে একঘন্টা একঘন্টা গরি শিখি ফালাইস তই কম্পিউটারের চর্চা ইবে থাকি যাইবোগুই। ও! তোর তুন তাইলে কম্পিউটার আছে ঘরত, ন? আঁর তুন কম্পিউটার আছে কিন্তু কম্পিউটার ইয়্যিন ভাই বান্ধি রাইকখি ওই বাসার মইদ্দে ওই বাবু ইয়্যিন আছে যে",জায়ায়রা একঘণ্টা ১ ঘণ্টা গরি চিকুতালে তো কম্পিউটার ত্ব থাকি দেয়ব টুপফালা কম্পিউটার আতগর্দন াটু কম্পিউটার আস্থায় কিন্তু কম্পিউটার ইনভার বাদেরে কিওর বাসামধ বাবুিন াসুজে
test_chittagong_0090.wav,chittagong,"ইতারাঅল ইয়ুত যাইয়েরে কম্পিউটারর ইনদি হাত দের, উনদি হাত দের। এহন, ব্যাবসা <> কারেন্ট লই থাকে। অ। কারেন্ট লই থাকে এতাল্লাই ন ফারির। অ আইচ্চা। তো এহন, অনার্সর সেকেন্ড মেরিটত ন আইয়্যে নাম অ্যানে?",াইরা কম্পিউটারে ইন্তিহাকদার উন্দিহাত এখন ব্যবসামাধে কারালয় থাকে ় থাকেতাে নাি অাসো সাকেনমেড সনই না ম্যানা
test_chittagong_0091.wav,chittagong,"না বাই, ন আইয়্যি। আঁরও তো ন আইয়্যি। কেউই ন আইয়্যি আঁরার কলেজর মাইফোয়া অক্কলর? এহন কিরগুম হনে জানে, বহুত টেনশনত আসি। <> তারার অঙে হতা হ না?",আরত নইকেউর নই আরাকলরমের লরকিরুমন ভাচানা
test_chittagong_0092.wav,chittagong,"সুমাইয়া অক্কলর লাই। বুজি নাই। কি? আঁই ন বুজি। হইজি সুমাইয়া আক্তার অক্কল অঙে হতা অয় না? সুমাইয়া তারার লয় হতা এইল্লে ন অয়। হালিয়া সুমাইয়া রে হবার কল দি, হনমতে কল ন দরের। ম্যাসেইজও দিলাম,ম্যাসেইজও সাইত দি ন সায়।",িইবি দৈদে সুমারকতাকসলংে া হুমায়তাল্লাহ হথাইলে ন় আলী সুমায়ূর হবার কর্লে মনোমতে কল নদলের মেতেহে দিলাম মেসুবিশাউদ্দিন অশার
test_chittagong_0093.wav,chittagong,"নাই ফানলায় অনলাইনত। অ। আঁই এক্কিনি টেনশত আসি তো, হনমিক্কে নাম ন আইয়েতো।হুম। এতাল্লাই। তই হনমিক্কে নাম ন আইয়্যি? ন বুজি। হুম, গুচ্ছ, সিইউ, ডিইউ।",আইসোটেন শন দসুতে হনমীকে নাম নয়তোচৌরিকনমিকে নাম নই গুচসিইউডিউ
test_chittagong_0094.wav,chittagong,"এতাল্লাই, আর কলেজত অনার্সত টেনশনত আসে বেগগুনে। পার্থ তারার অঙে বাই, পার্থর ইয়াত আইসসি তো, ওই চিটং কলেজর মইদ্যে আইসসি। পার্থ? অয়। <> ইতে তো <> টেন আউট অফ টেন ফাইয়্যি।",র কলেজেও তনাচর টেনসং াফাতধারা রঙার বাই পাতরিয়ািত ঐই চিটঙ্গলাদের মধ্যে সিং াটথিতচ্যানাটেট্যানই
test_chittagong_0095.wav,chittagong,<> হুম। ইতে চিটং কলেজর মইদ্যে চলি আইস্যি। স্বাগত অইলযি হন <> ন আইয়্যি। ইতে বলে পাইবেটত বত্তি অইবো। পয়েন্ট হত আইস্যে ইতের? হার তুন? সরি। হত তমত আইস্যে সিইউত? ন বুজি।,ত গলমন চলেশি সবাগতল যেহনতর্যশনয়ই এতেবলা কারবেত গুত্তু পয়েন্ শীতের পসরিখ হটগামত সিসিইউ নি
test_chittagong_0096.wav,chittagong,"সিইউত? হতো তমত আইস্যি দে? সিইউত ন তো। চিটাং কলেজ হইত দি। আইচ্চা চিটাং কলেজত? অয়। ইতে সেকেন্ড মেরিটর মইদ্যে চলি আইস্যি। এহন আঁরা কিরজুম দে, আঁই তো টেনশনত আসি।",িউচহতম হতে ছিলে ফলিউদমত চিটাঙ্গল সকজি এেসিটাং কলেজও েকন্মরাডম সেকেন্ডম্রারিন্ডের মধ্যে চলে আছি নরা কিু দটানতাফি
test_chittagong_0097.wav,chittagong,"আঁই এন্ডে নাচির। বাই, মাতার মইদ্যে কিন্তু উইবা রাখিস, হন মিক্কে যদি ন আইয়্যি, <> আঁরা বিজিসি ট্রাস্টত মইদ্যে আবেদন গইজ্জুম। এয়ার মইদ্যে আইলি আঁরা দুনজন একঅঙে ফইজ্জুম, ক্যান?",ই মাতামতে কিন্তুই বে়াহি ন় ডিকিরা আরবে আরবে রাষ্ট্রমন্ত্রী এ়াগর্য আলগবযুগ এহমদাইলা আনাদুনদা একং্ক হজি
test_chittagong_0098.wav,chittagong,"হুম, ইয়ুন মাতাত রাখিবি। ন ফারিলে ডিগ্রি লই অইলেও ফরি ফেলাইয়ুম দে এরি। অয়, আর তো কিসু গরার নাই। আর তো কিসু গরিবার নাই। যে পয়েন্ট ফাই আঁরা। তয়, তোরতুন তো আঁরগো আরো বেশি বাজে অইয়্যি।",না আার মাতাত রাখিবি না ফারিলের দিক নিলএল করি ফেলা ইংে ে পয়েন্ট পায়ে আরাতুনা গরও িা
test_chittagong_0099.wav,chittagong,"তুই তো অডি আর্টসত আসস দে, তারফরো তোরগো সমস্যা নাই, এহন আঁই সাইন্সত থাকিয়ারে আঁর লাই পয়েন্ট ইবা বহুত হম ন নি? সাই নি কি অইত পারে। এবারে ভাববিলাম সাইন্সত বহুত হম ফাইয়্যি। এতাল্লেনা আঁই আরো",দডে আস্তাসুজ্ধ তাকরো তুঘ সমস্যা নাই হনা খাইনতো তাহের আলব পাঞ্চিবে বোথামনি সাইনেকিউ এবারের বাবফিরাম সাইন্সুদবোধ সম্পাই়
test_chittagong_0100.wav,chittagong,"সিটি কলেজত দিলাম দে, ন অইলে ফাস্ট মেরিটত, আরেহ বাই, আরেহ বাই সুন না, ওই যে বেগিন্নর মইদ্যে বেশি বালো ন অইলেও মোটামুটি বালো অইয়্যি। কিন্তু, ইংলিশর মইদ্যে বাই, মানে, হারাপ অইয়্যি, এয়া আঁই ন বুজির ইংলিশর মইদ্যে ক্যানে হারাপ অইয়্যি??",া ে পামর বাই আরবাসুন্না ওসজেব বেগরিয়ের মধ্যের মানে মোটা বেশি তালণ আলোর মত ে ভালি কিবিংইংলিশের মধ্যে বামনে ফারবরিাইন অবধি মধ্যে কেরা হব
test_chittagong_0101.wav,chittagong,"আঁর ইংলিশত টার্গেট গজ্জিলাম এবারে 'এ-প্লাস' আইবু। 'এ-প্লাস' তো দূরত তাক, 'এ' ও ন আইয়্যি, 'এ-মাইনাস' আইয়ারে বই তাইক্যি। আঁইও বাই ওইরইমমে ভাববিলম, এহন আঁর তে আইস্যে দে অইল দে 'সি'। তো আঁই মনে গইজ্জি অয়তো ইংলিশর মইদ্যে হন ভুল ইয়া টিয়া অইয়্যি।",রইংরেজি কাদেরে গেলামো সাইবো এ প্লাসফুক দূরতাক এয় নয়ই এ মযানেসাইরে বৈতেকি ত আমি আয়বাযিাবিলারাতোআসি তর মনু্যহত ইনিসমূলক় বুরিয়াতিই
test_chittagong_0102.wav,chittagong,"আবার কেন গইজজেদে, <> দেহিদদে সেভেনত সেইম, নাম্বার নলরে চরে, ও আইচছা। তগগই, কি আর গরগুম, কুয়ালত যিয়ান আছে ইয়ান লইততাই চইততাই সামমদি আই যাইবোগই।",চরজিবা় খুনীয় ঘরমধ দি খনিগ্র রানামবার ন লহরে েতগুখি আল গোরবম হুয়ালোক দে নাফিয়ান লোচপে সুতে এরা সাম্য দায়দৈবগু
test_chittagong_0103.wav,chittagong,ন? অয়। তোর দাদা নাই? আছে তো। অফিসত ন-যায়? গিয়ে। আইচছা অইয়ে তইলে। অই অড়ি! হ।,দারামাইআ অফিসদমজাই গিয়ে চ় তলেকদি
test_chittagong_0104.wav,chittagong,"আরে তো মা ডাহে। তরে? অয়। আইচছা ঠিক আছে, রাহি তইলে। রাখ তইলে। বাই বাই, টা টা। ভালা তাহিস। তই যাইলে, হতা অইবো তইলে কেন? আইচছা। টাটা।",চেট্িগাছও বাহিত এলে বাইবাই কাটাই বাতাহাতাএোটেলে হতলবুতলিছেন আইক্সাসে
test_chittagong_0105.wav,chittagong,"আসসালামু আলাইকুম। ওয়া আলাইকুম সালাম। কেন আছো? আলহামদুলিল্লাহ, তুই কেন আছস? আলহামদুলিল্লাহ গম আছি। তুর আম্মুতারা বেকগুন কেন আছে?",াইকুেনআলমাতি কযানাতুরামতারে বেগম কাছা়
test_chittagong_0106.wav,chittagong,"আলহামদুলিল্লাহ গম আছে। আইচছা, আই তুরে হই, ওইদিন অইলদি, ফুয়া ইবা হতা নহয়নে, তো অইয়ে কি, এন্ডে অইলদি <> আফুর হতা যেততে আর আম্মু তুইললি! তো মানুষ ইবা সান্তা আফুরে এদিন সাইতো চাইল, আই হর আইনতো গেইলাম দে!",ে আরতুরে হই ওই ঐদিনলদি ছুয়াইবী হতাল ন হয় না তইকি ঙিসানজু আপুর হতগত ারাতো মানসী বেশানজাফুর রেজিন সাইত্ো সাই লায় হরেন তামেলামদা
test_chittagong_0107.wav,chittagong,"কিন্তু হর আনিদদে এদিন আরতুন এক ঘন্টা রাতিয়া বঅই তাহন ফইরগে, হর ইবারলাই, কারেন্ট নআচছিলদে, এগিন ইস্ত্রি গরন ফরিবো। তো আই এক ঘন্টা বই থাইককিলাম দে, এই সময়ত হদদে, অনে মেফুয়ার ছবি দেহাইতো, তই আর মোবাইলত চার্জ নআচছিলদে,আই ঘরত রাহি গেইলাম।",কিন্তু হরতরন হরারদিন নাতেন এক ঘণ্টা উলধেন আ তিয়ে বই তাহাম পলবি হরিবেলার কারণ াসিদির স্ত্রী গরম পলিব তা এক ঘণ্টা বৈতে তিলাম্দের সময় হদাও নে মেো সবিদে হযদা তা মোবাল শাসনাসূল্া আগোয়ার আহেগেলা
test_chittagong_0108.wav,chittagong,"ইন লই অড়ি, বউত হতা হইয়ে আর আম্মারে, কি বলে, ব্যাংকার আছে, বিদেইশশা আছে, আরওকগা, বারিকর বলি কেলা অয়দে! বারিকর বলিকেলা লই ওইলদি হই, এন্ডে বলে উগগা নাতি আছে বারিকর। ইবা হতা ও হইয়ে।",বোধ হতহ আরাম কি বলে ব্যাংকারআউসের বিদেশে আছে আরগ বাড়িকে বলে কালা দেয় বা়িকল বলিকালালয়েরবি আযঅ্যান্ডবলগম নাকি আছে াডি এবা হতাহি
test_chittagong_0109.wav,chittagong,"তো, আই হইদদে মাইয়াফুয়া সুন্দর আছে, সুল টুল লম্বা। আই ও সুন্দর সুন্দর গরি উস্কাই দির। <> হালামনি হইয়েদে উগগা ভালা ফুয়া সা ফাইলে দেহাই দিত। তই এহন আরে ছবির হতা হইয়েদে, নাঈমর হাছে অড়ি আর আইডির পাসওয়ার্ড আছে।",আহিদি মে গসুন্ধ রাস সুলট লম্বা ষনাগরোস কাদির আতবাতরজাঘা খালামুতাত হইরভাযবানা রো ছবি হতাশ হইযা নাইনাইমৌদে াআইড
test_chittagong_0110.wav,chittagong,"নাঈম আফুরে রিকুয়েস্ট ফাটাইলদে, তই আফুরে হইলামদে, নাঈমর আইডি কিয়ললাই একসেপ্ট গইজজে, এততে হইজজা চলের, তো, এন্ডে আফু কিরগে, ইয়ানদি আফু হদদে, আফু সরি, আফুরে ইয়ান হইবার সময়, নাইম কি গইরগে, সুন্দর গরিওরে গিয়া গরি দিয়ে।",াফুর রিকোস পাটাইলদা় আক্রহরন্দ নাইংাএআফু কিলকে ইয়ান আবহাবের আত রই আফুরেইয়ে হোবেষবা নায়কে কিছুন্ ুলিয়ে
test_chittagong_0111.wav,chittagong,"ম্যাসেইজ ইবা আনসেন্ট গরি দি। তো আঁই কিরগি, আফুরে হই দি, নাঈমর আইডি ইবা অইলদে, আনফ্রেন্ড গরি দন, নয়তো ব্লক মারি দন। ইয়ান হই আঁই তাড়াতাড়ি কিরগি? ম্যাসেজ-ট্যাসেজ উদ্দ ডিলেট কনবার্সেশন মাইজ্যি।",মেসি াংাতাঘের গাল আহদাখো আগনে হচ্ছে আ ইতের গ্যাবজিে নাইউমনাইর আইডিবলযায় আলফ্রান গোলদন নতো ব্লক মাইদেনিন হয়ে আতাতা রেখের গে মেসপে সদ দিকাজ করণ বা
test_chittagong_0112.wav,chittagong,"একজেক্ট কনবার্সেশনর সবি-টবি যা আসে, বেগগিন ইক্কাত্তুন দিয়ে দে এরি। এতাল্লাই। আইচ্চে। এহন আফুরে সবির হতা হই, আফুর তে বলে এমবি-টেমবি নাই, এতাল্লাই সমস্যাত ফরি গেইগুই দে। অ। চিটাংঅত গরম হইল্লে?",মা শুন ছবিটোবি জাহাছে ব্যাজ্ঞানিকেএন আপরে ছবে হতা হয় আপতমলা় িটেিেয়াতা সংসটযাঙগ সিডাং গরম ফলে
test_chittagong_0113.wav,chittagong,"<> ইচ্চা মত ফরের অতিরিক্ত। অ এঁন্ডেও ওডি গরমে ফাডাই ফেলার। যে গরম। তুই এয়া হার রুমত হতা হদ্দে? হঁডে হতা হদ্দে? আইরিন আফুর এঁন্ডে, দোলনাত চড়ি চড়িয়ারে।",ভরঝালা নিখিমদ ভযর অধিক্ত অ্ান্ডোড গরমে ফাটাইফালার যে গরমপি হার মধদাহ ব্যহতে হবে আজিনা কুরানে দুল্নাদ দিয়ার
test_chittagong_0114.wav,chittagong,"অ। তো, এত কিসু কিয়ুর? ইন কিল্লাই অদ্দে এয়া? ইন কিল্লাই অর অনে আঁই তোরে ফরে ফেসবুকত মইদ্যে <> গরিয়ারে হইয়ুম। হন সমস্যা অইবু না ওয়া আঁরার <> শোনা যাদ্দে? দুরু না, কিল্লাই সমস্যা অদ্দে?",িসিগিউ েডিনিটিলব্ব্যরা ইংকিল ল নাইতোর ফর ফেসবেজসমে খোনচে কোনব আরাকন বড়ভাবে দন না কিনলে সমশব্দে
test_chittagong_0115.wav,chittagong,"কিসু অইতো ন। মাইশা তারা, মাইশা কিরের? মাইশা ইতারর গরত। ইতির তো হন হবর-টবর নাই। ইতি বের-টের ন অয়? হুম? ইতি গরততুন বের-টের ন অয়? অয় তো। অয় তো। এহন গিয়ি দে। হতক্কন আগে এনে ক্লাস <>",মাইখা তারা মাইসা খিরেকিছুত হুন হবর্তাবন া ইতি ব্যট নয় ইটেগর তবেটার ন় ঙ ে
test_chittagong_0116.wav,chittagong,"<> আবার বিকালে আইসছে। ইতি তো ফানলার, মোবাইল আইজো নদে ভাইয়া তারা ন? না না নদিবো। নদিবো? <> ইন্টারর ফরে। হইয়ে? রিফাত বাইয়ে কি উগগা হারনে হইয়ে, ইতিরলাই আরলাই বুঝা-ফড়া আছে।",বেলজলায় ফিরে আবাবিকালসী এটি তহফাল্লার মুবারটুবালে ধুন অধে পে় তাড়ানো মাদিনদীবহইদে চোগ্ঞাহান রেতির লাল বুধা
test_chittagong_0117.wav,chittagong,"ইন্টারে ফরে, এহন ন হইয়ো। ফরিক্কার ফরে তইলে। <> বুজা-ফরা আসে হইয়েদে। ইতি আরো অইলদি আঁর মোবাইলততুন কল গরিবেল্লাই ফল অই যারগু, কিসু অইলে মাসকান দি আঁই বাজি ন যাইয়ুম? ইতিরে আঁই এত বুজা বুজাইর, তারফরো ইতি হতা ন উনে।",পরীক্ষা পরে তলে ধাইতি আরোঅলদি আর মোবালোত্তন কল গরে বেল্লা় পর্লো জার গুকি চইলে মাসকান ডে র বা জিনবাইু মিটে আয় তো বুঝা বুধে তা হইতে হন
test_chittagong_0118.wav,chittagong,"হুম। মাথাত অলদি স্কুরুপ ডিলা উগগো ফানলার ইতির। আইচ্চে। ইতারে আঁই হত বুজা বুজাই, ইতে আঁরে আরো হয়, ""আঁই ইতির এঁডেততুন আইস্যি ফইজ্জন্ত এহন এক বারো ন ডুকি""। ইতে এঁন্ডে ছটফট ন গরেরর আইডিত ডুকিত ন ফারের দে?",মাপাতলদের শ্রুব্ধির লক ভল্াহিতি এতের আংত বুঝাবুঝাইতে আরে আর হয়াইতরাড তেহনা এসে মত একবার নৌডুকে এতে আলো খা ঠটনগরের আগেধুকিন্ডাপাক দায়
test_chittagong_0119.wav,chittagong,"না না। তোরে ন হয়? আঁর আইডি দি ডুইকতো সাইয়ে নি হালিয়ে নি ফড়ুয়ো, ডিস্টাব গরে। ও, নাম্বার না কি উগগো, ন হইস, ইবে পাসওয়ার্ড না নাম্বার হউন্নো বুল গরিয়ে বুইজ্জুস না? নাম্বার বুল অই গিয়ে, নইলে পাসওয়ার্ড বুল অইগিয়ে।",াআদুথাইনি হারিনা পর ও নাম্বানা কে গম্পতপলহসিরে পাকেলা খন্ডবূলগা নামবাবাকে নলে পাজা গুরবে
test_chittagong_0120.wav,chittagong,"ইতি একশ বার মাইরগি। লাস্ট <> আইয়ারে হদ্দে, আঁই নাম্বার বুলই গেইদি। ওডি, এক্কান হতা হই? তুই মোবাইল ন দিস হইত দি। যদি, রিফাত ভাই দেহে সমস্যা অইবু। হুম? রিফাত বাই ইন দেহিলে সমস্যা অইবু, এতাল্লাই হইত দি। অ।",াফাদায়া হবায়া় একটা হতাহয় তুই মোবাই নদ সদি জদি িভাবে দাহা ংিভাবেরন ডেহিলা সম্মক সোবাতাল ি
test_chittagong_0121.wav,chittagong,"রিফাত ভাইয়া এতদে তুর আর আরে লইয়রে হতা হইতে দুইবার ও ন-ভাবিবো, অ, ঠিক হইয়ুসতো। আর রিফাত বাইতারা যে ডেইনজারাস। <> চা নাস্তা ন দস? চা নাস্তা তো গইরগে,",িরা তুরার আধালোয়ের হটা হইতে ২ুইবা২ নাআডাস বেতারাবার যে ড্যান্জারাসাতানা্ত গৈর্গি
test_chittagong_0122.wav,chittagong,"বৃষ্টি ফরের? এহন <> তোরে বেকগুনে হদদে, আজিয়া ছ দিন অই গেইয়েগই, আর আম্মু হালিয়া বেরাইতো যাইবো আর নানারও বারিত, আর মামা আইবোদে বিদেশরতুন, আরা ফরিক্ষা আছেদেই ন যাইর।",বৃষ্টি দৃষ্টি পরের এহন া দুনিয়োগই আলামহােবযআনাওার ামা মবুবে অলাপরিক্ষাছেলেনযে
test_chittagong_0123.wav,chittagong,"উফরে, আরতুন ও মনে হদদে ডাহা যাইতামগু, <> ইন্টার ফরিক্ষার ফরে আই যাইস। অ। তোই! এদিন অড়ি আইসছিদে ট্রেইনত গরি <> রাহিফা জালাইতে ফঅল বানাই ফেলাইয়ে।",দহাজুনডিা পরীক্ষা করে আএদিন রটেক এশ্িদের কেহনত করে রাহিপা জালাইতে ালা
test_chittagong_0124.wav,chittagong,"এএন ছটফট গইরগে, হতক্ষন আফু, হতক্ষন <>। আর ফুফিতারা কেন গরের? ফেন ফেন নঅগরে? চাইরজন একুততরে সিট ন তাহে হদিগগিন সামনা সামনি? ফুফির সিট ফইজজে এন্ডে।",হতনা র পুকিতারার চিতসর্গিদলদা নিকে ছ একজন একত্তরে সিড্নতাহা হদেগিল সামনাসামনে পুবিসিস্রি ব্যাক দেয়
test_chittagong_0125.wav,chittagong,"এন্ডে উগগা ফেমিলি ফইজজে, তিনজন, মা, মাইয়াফুয়া, বাপ। তিনোজনে মিলিয়েরে ফুফি উদদো আরা চাইরজন ন নে! তই হতা হইতে হইতে দিন গিয়েগই ফুরা ট্রেইনত, হতক্ষন ফুফি ঠেং লম্বা গরি।",যফ্যামিলি বর্গি তিনজন মিোানজনা মিলিয়ারা ডাখুবি়দথার জন্য নে হতাহয়তা হয়তাদি েগু পুর আচ্ছেহতকণখুক ট্াগ লম্বাগু
test_chittagong_0126.wav,chittagong,খতক্ষণ <> যদি মানুষ ন থাহে। আইচ্ছে। ভালাই লাইগগি। কিন্ত ঐযে ট্রেন লোকাল ট্রেন তো এসি আছে কিন্তু এডে মানুষ কিছুক্ষণ পরপর স্টেশনত নামের এনে দেরি অইয়্যে দে,কন বয়সীুর যদি মানুস নবাহায় বাকেন্তরে মুকার্জনের পর অফিয আসে কিন্তু নে মানুষ কিুপণপর্বরা স্টেশনা না মেরা লে বেগই দেখ
test_chittagong_0127.wav,chittagong,"খয়টায় <> আইচ্ছা ইয়া সকালে। তিন, সাড়ে বারোটা বাজে গাড়িত চইরগি, সাড়ে আটটা বাজে অইলদি নাইমমি এয়ারপোর্ট স্টেশনত। ঠিক আছে, ঠিক আছে। তোরা আঁরা যে রেলে গেইলাম এ রেলে গরি গেইয়্যস যে ফানলার। মহানগর এক্সপ্রেস?",তিন তলরা বাসতাবতা দায়ুত্তের গে সারাতাবাদেমে তামহানগর একপ্রেস
test_chittagong_0128.wav,chittagong,"তোরা হ'টা বাজে নাইমমুস দে অ্যানে? আটটা, সাড়ে আটটা। না আঁরা <> দেরি গরি আইন্যি। তোরা হ'টা বাজে গাড়িত উইটটুস? ইন তো মনত ন ফরের। <> আঁরা মনে অয় তাড়াতাড়ি, দুইটা অইবু ফানলায়, একটা দুইটা উগগা অইবু।",৮া৭া া রা দানামর তা বিডাওয়ালা একটাগ
test_chittagong_0129.wav,chittagong,"অ। একটা দুইটা? হুম। মহানগর ফানলার, দুইটা অইবু বলি মনে অর। হনে হইবু, উদোউদি মনত ন ফরের, তাকগুই বাদ দে। আইচ্চা, রাইত অই গিয়ি গই, <> ওহ, তোরার রিক্সাত হন হন গিয়ি তই? হ্যাঁ?",একদুটামহানগর পাল্লা কিটাবু বল মনোর েরিচুপঙ্
test_chittagong_0130.wav,chittagong,"<> মানে স্টেশনততুন হনে রিসিব গইরগে। রিফাতে। রিফাতে? রুমি আফুও আসে। রুমি আফু আরো অইলদি, হত দে আঁর এঁন্ডে আই জা। আঁই তারফরো ন যাই। আমি মনে গজ্জিলাম বিয়া হাইয়ুম মনে গরিয়ারে মেকাপ-টেকাপ উদ্দো লই গুরির।",পিপাতাবি আো হি়াু আর আসে বানই আইমগে বি়েহাইমনগরিয়রে মাকাপাকপদ্দ োবর
test_chittagong_0131.wav,chittagong,"মেজাজ হারাপ অইয়েদে, আঁই এয়া বিয়া-টিয়া উদ্দো আর ন হাই, ন যাই উদ্দো। রুম্পু, ইতারা অ্যান কা গরিলু আঁই ন বুজিলাম। অয়ো বাই। আশ্চর্য, আশ্চর্য হতা! হালিয়া বড় বাই আইস্যি, মাসুদ বাইয়্যে। এ। মাগরিবত সময় আইয়েরে সাড়ে সাতটা বাজে ফানলায় গেয়িগু।",ালাফইদার বিভিওহেনলে চিমাোগুবছমায়রা সা াতটাবা থাল গেইগু
test_chittagong_0132.wav,chittagong,"তো, গেইয়নর ফরে কল দিয়ারে নটা বাজে হদ্দে, মাসুদ বাইয়া গেসে নাকি, মাসুদ বাইয়ার লয় তুই আই যা। তো, আঁই হইত দি মাসুদ বাইয়া তো বউত আগে গিয়িগু। হদ্দে, তো তুই মাসুদ বাইয়ার লয় আই যাইত ন ফারস? আঁই হইত দে, আঁই কিল্লাই মাসুদ বাইয়ার লয় যাইতাম? হদ্দে তই, কিল্লাই ন আবি? আঁই হইত দে, কিল্লাই আইসসুম?",বেনাব আরা গলদের না যে মাফুবে গেসনাকে মাফুদবেরল তিয়াআহদি মাসুদবায়েতু বোতাকে গেইগু হকি মাকবেল আজের নর বেলে দেতাম হঠাতটিলে ন আবিয়াহাতে কিল্লাই
test_chittagong_0133.wav,chittagong,"তারফর দি, ও আইচ্চা, আঁই হইত দি নাস্তা গইরগু না হতা হইয়ো? <> আসসালামু আলাইকুম, রাহি দি। ইতারে হই দি, দুই তিন দিন তাহুক বা হয়েক দিন ফর তোর য্যাঁত্তে আইসতু মনে হবু, তুই ফুপি রে কল দিবি, ফুপি আনিব। এহন আবার হদ্দে, হালিয়া বড় বাইয়র লয় ন যায় কা, আজিয়ে আবার যাইতু হর। সিফাতে হালিয়া আঁর লাই হাম-টাম ন গরিয়ারে <>",য়াইচাহদানা সেবল বর না হৈ় আলে চাসমাল ুমর আহদী এতাড়া হৈরা দুটি দিন্দাহক বহ অদিনপত্রুগেতা করমলতুকুবিরে কল ধেবে ফুবগানি াহানা বা হযা হালি বড়বেলা নজারকা আজ জালাসাইত হরসিপাতা হাদে আল্লাহামতারনগুরেরাওদে মিস্টিয়েরা
test_chittagong_0134.wav,chittagong,"আঁরে লই যাইবার লাই ইতি রাজি আসিল। আঁই এক্কিনি গোসল-গাসল গরি নতুন হর-সর <> যাইবার সমত যদি হতা এগিন হয়, বালা লাগে না অ্যানে? কিল্লাই মানা গইরগে দে? কিল্লাই মানা গইরগে বলতে হদ্দে, ইতারা এন্ডে ঢাহাত মাত্র আইস্যি, দুই তিন দিন এন্ডে হদিন তাহক না, তারফর এন্ডে আইবু",রায়ঙকে কুতলাত গ়নোপহকুর বন্ধ পুরগি দেবসামদ্যতে হরতাইকে ধর বালাগে নায় না াতেলরামানা গুন্ধু বলতে হব্বে এই তারা রান্ডা দাহাদমাত্র সে দুপিম দিনান্দা হ তা না তাফরযনডাইবু
test_chittagong_0135.wav,chittagong,"ঠিক আছে ফুফির খতাতও যুক্তি আছিল, আঁই খতা ইবা মাইননি। কিন্তু এর আগে যে আঁই চিটাগংর তুনআইবার আগে আঁরে ফওল ফওল বানাই ফেলর। তোরা এ না খইয়্যস যে আগে বড় ফুফির এডে উঠ তারফরে তোরা আঁরে লইতো আইবি, ঠিক আছে না? হুম। <> ফ্রেন্ড আইসছি, তোরা খইলে আঁই তোরার ইক্কে ন নাইমতাম?",েফুকে হথাত যুক্তি আছেল আহতাবে মাইনি কিন্তু ই়র া গেঁজা আস টাংতনার বেলা গার পর পরবানাতে মড়ান যায়গ ব় পরহিড্যান্ডে উর তাতপরে তুরা র লৈতু আবি াফ্রেন্শীতুরাহুল আতয়ারিকে ন্নিনটা
test_chittagong_0136.wav,chittagong,"রুমি আফুর এডে <> ন যায় ইতের খতা হুনিয়ারে। মানে খতা বেয়াকগিন ইতারা খইয়্যে দে। অ আরজু আফু খয়দে তুই আইসুনা, আঁই খইদে আঁই ন যাইউম। খরদে কিল্লাই ন যাইবি? আঁই খইরদি আঁর তে যাইতু মনে ন খর। খয়দে তুই ওডি বেশি ফাকনামি ন গরিস। বেশি এইসেই খতো",রুমিাভুরানেপন্ত নজারিতার হতাআ াফ হদ্দা তুয়াইনাদায়নহতকিলানগাবি আয়হতদি আকনাে মন অরজনতি বেশি থাক নামে নগরীজ বেশিবাই সেই ঘটক
test_chittagong_0137.wav,chittagong,"কিছু খই ফালাইয়্যি আঁরে। <> ভাইয়েরে। আরও খরদে সিফাতর হাতে নাকি আঁরে খোন বাস অত তুলি দিতু নি, আঁই বলে এই বাস অত গরিয়েরে এখলা এখলা নামি যাইতাম। আই এডে কিছু আগা-মাথা চিনি নি? অয়ো। <> আফু খরদে ইয়্যিন আঁই এইল্লাত গরি ন ফারি। মাহিন আফু আঁরে খরদে ইতারা এডে অইলদি",আরও মধ্যে সীবাতহাতে নাকে আরখন বাসে থুলি দিতু নেই আয়বলে বাসত ঘুরিরা ানামেতে মা়া কিছু আামাতা ছিনিনি েইন আইলেদগুনাপারে মায়না পা়াহয়ার হর্যেই তালালান ডলদি
test_chittagong_0138.wav,chittagong,"তোরে যদি আইসতাম খই ইতারা খইবু দে ইয়্যুর তুনমানুষ লই যাও তারফরে ইতারে আনিবু। ইতারা এহন তোরে লাগের, ইতারা ঘরের তুনকেউ আইর ন ফারের? তোরে এখলা এখলা খতা ঠিক আছে তো, খতা ঠিক আছে তো তারিন আফুর। খয়দে তোরে এখলা এখলা আঁই ক্যান গরি ফাডাইয়্যুম, কিছু অইলে আঁই এত্তে কিরগুম? অ।",েুদের একটাম্পুই ইতার হোবুদে মানসলইবাও তাতারা ত তুলালাগেইতার গত টোয়া এক দফারে হরাতরাোপাডেং িছু লায়াত কিরগুম
test_chittagong_0139.wav,chittagong,"আফু খরদে এতো বছর বিয়ে দে, আঁই আইজো ফইরজন্ত এখলা খালি ইয়্যুর তুনইয়্যত ন যাই। তোরে ক্যান গরি ফাডাইতাম আঁই। আইচ্ছা। খালিয়ে ইতারার লাই বলি সুমন ভাইও ফইরজন্ত কল দিয়্যি। খইদে সুমন ভাইয়া, আঁর তুন ওন্ডে যাইতু মনে খয় আঁই যাইউম না? তো ভাইয়া খরদে তোর তুন যদি যাইতু মনে খয় তইলে তুই যাসুনা, কী অইয়্যে। ইতারার লাই বলি <> ইতারার লয় একটু খতা খই লই",র্দা় এত বছর বিরে তায় যখন তা হারা হাবে ইত্তিন িনজ় ত হালিদাল বুরুসমবার অতকলবিহবসমাম্বাইয়ে আত্মন্ডচেতো মনো হয়ছেন না তবে হতো তুতন্ধাত মনে হয় তলতি জাএতালেবুলে আকরগডেতা
test_chittagong_0140.wav,chittagong,"অ। এতেরলাই বেশি গোশশা লাইগগে দে আঁর তুন। আঁর তুনও হুনি গোশশা লাগের। তো ভাই ইয়্যিন খইল্যা! এনে <> মেজাজ খারাপ অই ন যায়গই? <> তোরে এনেও আঁই কল দিতাম। আঁর তুন ক্যান গরি ফেট ফুরের দে, আঁই অইলি",েশঘু শালে কি দাতবই হলে নাদফই ম্যা সারাপন আবেকরা এন আয়করদায়
test_chittagong_0141.wav,chittagong,"ফরিক্ষা চলের তো এতরলাই টাইম ন ফাইদে, আর ফরীক্ষা হালিয়া ও নাই, ফওরু ও নাই, এর ফরর দিন ও নাই। তোরে আই অনে ভিডিও কল দিয়ুম বুইজঝছ? অড়ি তোরলাই রিফাত ভাই ফঅল অই যারগই। আল্লাহ ইন কি হস দে তুই।",াতরাই তুলেল নে ভিডিও কস ু্অঠিৎাইলভিসিপাতাপথারগুট
test_chittagong_0142.wav,chittagong,"<> ছবি ইবা দেহাই হদদে, সাচেনা ইতির আসি কি সুন্দর, ইতি তো আর মাথা ফুরা নষ্ট গরি ফেলার আই কিততাম। <> ইতিরলাই হতা হওয়াই দিতাম, <>",বিডিওরেন দ সবি দাহান না়হায়দা হ্দা াুনাইতারা শিবে হইলেইত হেুজইতে তারপরে নষ্ট হ়ে েলাকিটানাবারে দসনিতেলা হতযাহয়ালি আর সিত বোধকুমার হিতুকের তুল
test_chittagong_0143.wav,chittagong,"এ? তুই হতা হওয়াত থাক। লারাত থাক তুই <> এতললাই। না, এতললাই নয়তো, তুরলাই হতা হইবারলাই কেন গরি সাইয়ে, যদি দেখতি, তুই আইসতে আইসতে <>",না তালানোর েতুল্লা হতাহবল একগরই সাঈ যদি ব্যক্তিতিএকেটা আবারাতে
test_chittagong_0144.wav,chittagong,"হ্যালো? জ্বি, হুনির আঁই। <> চুলা উগগো বুলি গিয়ি হর, বুল ইবা কিরিবি? <> আঁইও কিসু ন হই। হ্যালো, হ্যালো?",পুরগভিনি হল বনিবিকিরএকাংা কিছু নল
test_chittagong_0145.wav,chittagong,"হ্যালো, কিরে তুরা হন্ডে? হতা ন উনর? হ্যালো! নাবিলা ফারলার! আছস?",কেরেতুরা হন্ডে হতা নুনার াবিলা স
test_chittagong_0146.wav,chittagong,"আইচ্ছা, আঁই খই। এরফর অইলদি ঘড়ি ইবা বলে ভাঙি গেইয়্যেগই, আঁই ন খই গোশশা টোশশা অই যাইবুগই বলি। এ আরকি অবস্থা। আজিয়েও ছবি-টবি ইয়্যিন বেয়াকগিন দেখার। বুইজ্জুস?",আরই ি়াকরলডি ঘড়িবেবলাই ভাঙ্গি গোয়ায়নোহন গুসটুসৈজেবগুগুলি এয আরকে অবস্থা আে
test_chittagong_0147.wav,chittagong,"আসসালামু আলাইকুম। ওয়াআলাইকুম। এককান সমস্যা অইয়েদে এতললাই। এতক্ষণ হতা হইয়িদে, ইককিনি রেকর্ড টেকর্ড কিচছু ন গরি। রেকর্ড ন অই? না। এতললাই তো আবার সমস্যা অইয়ে। সাজিদদা আরে হোন হামত বাজায় দিলো, আল্লাহ!",াসমস্যএতক্ষম হৈদিক চিহর একটাক কিফুনও করি১াইতাওাভসই ইসাজতে আরাহন হামুদ বাগর দিলোয়াল্া
test_chittagong_0148.wav,chittagong,"ইতা ইয়া অননে? অ। এতললাই, এতক্ষণ দুনোজনে ফেনফেনাইয়িদে কিললাই! ইয়ানিতো। খালামনি তারা বেকগুনে কেন আছে? আছে ভালা আছে।",অন্যায় হন ঘন সেন সিকিলি ইআইবিত কালামতা রাধা ব্যাকবনে কেল আছে
test_chittagong_0149.wav,chittagong,"বড় ফুপির বাসাত? অ। বড় ফুপির বাসাত, বই তাইক্যি। অঁনে কিরতে লাইগগুন? অঁনার এন্ডে বেগগুন ক্যান আসে? বেক্কুন বালা আসে, আঁই রাস্তাত আঁডির, তুই কিরর দে? আঁই বই বই দোলনাত চরির, আর হতা হইর।",িঅবহবির াসাঅনেকিতলাগুঅনুগাণ্ড বযাগ টাংাত বেকুমবালা কাআইও বোা বৌবৈদুলনা সলিজ আহতাছে
test_chittagong_0150.wav,chittagong,"আর কিরগুম? এইক্কের সবি-টবি ইয়ুন এক্কানা ফাডাই দিওন না। আঁই অনেরে একবার হইলাম দে, আইডি উগগো একসেপ্ট ন গরিবেল্লাই, ন হই? অয়ো, হইয়ুস তো। হেন্ডে এক্কান সমস্যার লাই কি অইয়ি, আইডি ইবা উদ্দো অনার ম্যাসেজ ডিলিট কনবার্সেশন অই গেইগু, সবি-টবিও বেগগিন ডিলিট অই গেইগু।",এতে ছবি টবিল কি ফারাদোআনরএগ বা হলেম দে আইডিওগাক সেবন গোলি বেলায় নো হয় কান সমস্যাকেউই ইআইদিবধি অনর্বমেসেজ বির কম্বাসেশনগেগুছে উঠেক
test_chittagong_0151.wav,chittagong,"আঁর সবি তো আঁই ফাটাইয়ুম দে এনা, অঁনে আঁরে সবি ফাটাইলে অইবু তো। আইচ্চা। দিয়ুন, ক্যান? এ? দিয়ুন, ক্যান? আইচ্চে। আঁই শেয়ার গইত্তাম <> শেয়ার গইত্তে ক্যান ক্যান লাগে নিজর এতাল্লাই।",বে তারতিআশার বেতকি দবেষার গত ক্যানকেনলাগে
test_chittagong_0152.wav,chittagong,"আন্টিয়ে <> আন্টিরে হর। তো, অঁনে ক্যানে জানন? তো ওমা, আঁই গেই দে আঁর সামনো হই ফেলাদ্দে, আঁই কি হানত আত দি তাইক্কুম দে? অঁনে গেয়িল নাকি এন্ডে? অ <> আফার এডে গেই, এত্তুন কুতুব বাইয়র এডে গেই",েতোমাইজাধেসাম হোগালাসানটে দাআদকঅনেকেতানদাভা়া রেগেই এুবেড়ে রেগে
test_chittagong_0153.wav,chittagong,"আঁর বান্দবীর এডে গেই। অ আইচ্চা। অঁনার বান্দবী হইবের এন্ডে? শারমিন্নার এডে। শারমিন আফারো গর হউন্না আবার? ক্যায়া, আঁর নানা র বাড়িত, গ্যায়াত, ঐ চুড়ার ওইক্কে লই গেইদি",েগে ওয়া অন্য বান্ধবীবহ ব্যল্যান্ডা শাহিটাইন আপ্রগ্রহণ ডাবাদ ়ামাবার্গের যে দেখন বিরাত গহই তুরারু পেল বধি
test_chittagong_0154.wav,chittagong,নানু বাড়ির এন্ডে অইলে। <> নানু বাড়ির এন্ডে অইলে অনে খালা মনির এন্ডে গিয়্যন খন দে? ফথমে তানিয়া আফার এডে গেই এর তুনবান্ধবীর এডে গেই। বান্ধবীর এর তুনআন্টি ফোন গইরজে দে আন্টির এডে যাইবার লাই?,নবলান ডেউরোআনুকলেন দেউলঅনেকালামুদ্রার লিগে হনবে ঘটনায় চান্জাফাড়া থেগে একুন বান্ধাবীরারেগেই বান্ধাবীরাত্ুর আংশিখুঙ্গু ছিলে ািরোে
test_chittagong_0155.wav,chittagong,"অ্যাঁ। তই আবার এর তুনএডে গেইয়্যিগই। ও আইচ্ছা আইচ্ছা। তো আর কী অবস্থা? কলেজে-টলেজে ন আইসতে লাইগগুন? কলেজ, ফুন্দেরো তারিখে লইতি ক্লাস ন ন অইবু। বন্ধ? ওই ইন্টারের ফরিক্কা চলের দে।",টেনারে তনারচি অবস্থা করাত চলা জন্য স্েলেগুল প্র ধারাবিলতে ক্লাসনো মহবুগ ও ন্টারোভর ইখতে চলাকবে
test_chittagong_0156.wav,chittagong,"অ। আপু, অনার্সর এন্ডে এক্কিনি পয়েন্ট লইয়ারে যদি যন এক্কিনি সাইয়ুন তো। খন্ডে? অনার্সের যদি পয়েন্ট খদ্দুর লর সাইন্সের তুন, ইয়্যিন এক্কিনি সাইয়ুন তো। যাইলে আরি।",আ অনারসোরান দিকিনে পয়েন্ট লএর জুবি জন কিসাইনতঅনারযদি পয়েন্ট হলর থাইন্তুতুলনিকনি সাইনত
test_chittagong_0157.wav,chittagong,"অ যেততে যাইবান, এততে আরকি। ফাস্ট মেরিটত নাম ন আইয়ে, এহন আরেকজনে হদদে, নাম ন আইবো হদে, নাম ন আইবো। এইললাত হঅর। সাইন্সর নাইন পয়েন্টততুন । ন আইলেও ন আইত ফারে, তারফরও তুর যিয়ানত ইচছা ফথমে ইয়ানত দিবি।",াখতে চায় বেলাক তারকে ৫া মেডুক নাম না ইয়াহন আলেকজনা হরতে নাম নয আইবুখাগ নাম নয়বুল্ছর নিন ওয়াতপাড়া় তদি ওু জিনোিকে ফতমিা
test_chittagong_0158.wav,chittagong,"ইয়ান এরি, ফথমত ফটিয়া কলেজ দিয়ুম, এহন সেগেন্ড মেরিট দিলে। অই এরি, কেন গরিবি এড়ে! নফইরতো সাইয়ুসদে, নাকি তরতুন ফটিয়া কলেজত ভর্তি অন ফরে, সা। ফইটটা কলেজত আগে নাম আইয়েরনে ইয়ান সন।",পরফূর্য পতনত কর্যায়কলজধি মযাহন সাকানড মিজিট দিলে েঙ্ে নবস্তে থাকবে নাকিছুক ভোটে এতিউপরজাগ না মাইাকা
test_chittagong_0159.wav,chittagong,"আইচছা সাইনি। টেনশনত আছি, ইয়ার ফরেও যদি, এহন আর বান্ধবী ওগগা কল দিওয়ুরে হদদে, কি বলে চট্টগ্রাম ইউনিভার্সিটির ইনজিনিয়ার লইয়রে <> কোর্স ইসাইববা, তিন আজার চাইর আজার লাগিবো হর।",এতিয়ারপরাওদে এহন আরা যারবা মুধবকলদেরা হব্ে কিবলায়চত্যাগােনবা সিকির ইঞ্জিনিয়ারওরে হলে তেয়ার বিয়রে পৌঁছুচেত হয়ি জেরা দসাতালাগে
test_chittagong_0160.wav,chittagong,"ইতি হদ্দে, অনার্সতও তো গুরিফিরি টিয়া লাগে, তো এন্ডেও টিয়া লাগিলে লাগিবু, এইল্লা হদ্দে আরি। দুরু না, তুই ফর্ম ইবে ফইট্টে কলেজত দিয়ুস? না। ফইট্টে কলেজত দিবি দে এরি। সিটি কলেজত যহন ন আইয়ে, এহন ফইট্টে কলেজত দিবি, অ্যানে সাইন্সততুন আইবু বলি মনে ন অর।",ি অনাতবতগুলোকিনে তি আগে চােরমা ফরম রতে রবিধিয়ারি ২ুটি গলগর যখন ন় হম পরতা রেবি
test_chittagong_0161.wav,chittagong,"আইবো হই, <> তবুও আই ফুসার লইয়ুম। আইচছা। ফইটটা কলেজ দিয়ুম, বাঁশবাড়িয়া দিয়ুম, আশতোষ দিয়ুম। তিনুয়ানিতো একি, তিনুয়ানিতো সরকারি কলেজ। সরকারি কলেজ নাকি বেসরকারি, আই এদিম হইত ফারি নেকি! এনে যে টিয়া লইবো বেসরকারিত! তুর সরকারিত ও তো টিয়া লইবো, অনার্সত টিয়া লইবো।",আইবুহল অবরণাবু কচা কলেদিয়াম বাস বা়েম আসিতএতিনমানিত সরকারিকাল সরকার কর জুনদাকে বাসা তাদেরকে আগাএেকদিন পতুগনালে দেচেলেতুশতুসরকারে তটি আলো নাকত্টি আলেও
test_chittagong_0162.wav,chittagong,"হতো টিয়া? অনার্সত অতো তুরতুন টিয়াদি ফরন ফরিবোদে। তোরে এড়ে মফতো হনে ফরারদে! ডিগ্রীত হতো টিয়া লয়? ডিগ্রীত আইযো হনো কিছু ন উনি। মনে অয়, নলয় ফানলার।ডিগ্রীত তো উপবৃত্তি ফায়।",অনা্টতুতুনটি আদি ঘরম্বর ুরে ারা মর্তভান হারাতে ডিডিগ্রি গাইজু হনকিক্তু মনি মন়ন লয় া বিগ্রিতিভাে
test_chittagong_0163.wav,chittagong,"তোরার তো অনার্সর মইদ্দে উপবৃত্তি ন ফায়। অ, অনার্সত এহন ট্যায়ার লাই আঁই টেনশনত ফরি গেই। এয়ারতে নঅয় চট্টগ্রাম ইউনিবার্সিটিত ইনজিনিয়ারর কোর্স লই ফইরলে আরো বালা নয় নি? ট্যায়া দি আরে? তুই যিয়ান বুজস আরি, বুজি চা।",মেযুগ্য বিত্তীর্ণ হয় অলাসতাহনটি আালে আইডটান্সলযগিয়া তোনচত্রা মিরবাতি দিনে আর পরস্লফোলার ভালাভঙ্ে িয়াদের বিয়াম বুধফের ই বুভিতা
test_chittagong_0164.wav,chittagong,"এহন ইয়ান ন, আঁর আম্মু রাজি অইবু নাকি ইয়েন এ না। হতা হই সাবি দে এরি। তো, সাই না, আঁর আম্মুরে বুজন ফরিব ইয়ুন গম গরিয়ারে। তই, সোহা হালা তারার লয় হতা হইয়ুস না? সোহা হালার লয় হতা হই নি, ইতি হতা হইবার মাঝকানে অর্দেকত হন্ডে গিয়ি গই?",নরামরা বনাকইন ম রব মুজাম ফুরুবা হা ়ছা সোহালাল্লা হতা হরনি এতে হতা হবে মাছকান অব্দেক ফন্ডেগ
test_chittagong_0165.wav,chittagong,"এই ইয়া সাদিয়া আইত ফারে বলে, সাদিয়ার মা ঢাহা গেয়িল, যাইবো হইয়ে। অ, ইতারা বলে পাঁচটা বাজে উইট্যি, আসতে আসতে এগারোটা, সাড়ে এগারোটা বাজিবু এন্ডে। ইয়া তুই যাইয়ারে, ইয়ুত্তুন তোর বড় হালামণির এডে যাইবু দে? অ। ফুপিরো বাসাত? অ।",কারিয়াতর বল সাজিয়ার মা দাহাগেব্যবুহৈই অয়তা বলে পাচ্টাটি একটে্টায়গতা সা়াকথা ড হালা মন্দিবেরা কুখির বা
test_chittagong_0166.wav,chittagong,"আজিয়া রাজু উজুরর এন্ডে গেই। ওই, এয়া আসিল, আঁই ন যাইদি, জেরিন আফুর এন্ডে। হার বিয়ে? দোলনর, ইতারে ন সিনিবেন, জেরিন আফু তারার চঅতো বইন, সাদিয়া তারার লয় ফরেদে। দোলনর বিয়ে? নাম উননি তো। এ, দোলনর বিয়া আর কি।",আজ রাজহফিরা ন ইয়াসনিলাঅওজাইদি দেনােদোলনরতনা নতিন বার দেনাহতাল কত দোলন ভিএন আমেন্নিত দলনো বেয়ারকে
test_chittagong_0167.wav,chittagong,"এন্ডে এক্কিনি সমস্যার লাই ন যাই দি। দোলন, ইবে কিয়ুত ফরে দে? লাল্টোর লয় ফরিক্কা দিয়িদে এরি, এসএসসসি। আল্লাহ, তই তো একদম সোডো। অ। সোডো অইলে কি অইবু, বয়সের আগে যদি ফাকি যাইগুই তো, কিরিবু? অয়ো। <>",েকিং সমদ্র্লান্ডে নদোলনির ি রা লালতারলা করিকেটিদেরইােম ুসুরলে কেব বয়সার আগেন দুদে থাকে
test_chittagong_0168.wav,chittagong,"তোরেও দি ফেলাইবার লাই হদ্দে বেগগুনে, এতাল্লাই হইত দি। কি? হনে হইয়ে দে এই হতা আবার? টেইলার্সত গেই তো <> আল্লাহ, আঁই যে টেনশনত",ি জেলাবেল না হাতে বেগুনে তালে কে ফর হই ইে তার েরটেলার থন্গে জ্বিত হয়রি আাআকজন
test_chittagong_0169.wav,chittagong,এই ফেলাস অত আর <> ন ফাইরতে <> দওন ফইরগে দে। <> চা খাইয়্যুস যে না? নাকি অইন্য কিছু? চা খাই দি। কী দি খাইয়্যুস? বিস্কিট দি। তই তোর বড় ফুফি ইবা ভালা আছে না?,রাতাে তেমন অতা নহাতাহাই জেনা নাকে অন্য কিছু াএ ়ফুবিবা বালাখানা
test_chittagong_0170.wav,chittagong,"অ, আছে খোনোরখম। ইবার মামার খতা ফুছর ন লর? ফুছর ন লর না! তই কী খইয়্যুস? কী খইয়্যুম তো! তো এনে আঁই খইদি ইবা ভালা আছে। ভালা, ইতে খতা খইতু ন চায়?",াতা্ পটনোনাতবকিকি হঅ্যানার হইবভালাতো হতাহত ন ছ
test_chittagong_0171.wav,chittagong,"সাইয়ুন। ও, তুই কি হইয়ুস? তোর বাপ ফানলার বেশি অসুস্ত। এ। তোর বাপর ইক্কিনি যত্ন-টত্ন লইস। তোর বাপোরে হইস, সময় অইলি আঁরে এক্কিন দেহি যাইতু। তাই আঁইও কিরম, আঁইও হইদি এরি।",তুাসুরবাপাল্লা দেশে ওখিক তুবাকনতফনবতোবাগ্রহ সময়ে লারিকিন্ েবেই
test_chittagong_0172.wav,chittagong,"ইতি <> হইত্তারির নি। অয় এরি। তো অ্যানে ইবার আগর তুন বালা ন লাগের? তো, খালামুনিরে আইসতো হন না আঁরার এন্ডে। অঁনে উদ্দো আইয়ারে গুরি যন। সুহেলও আসে, মাইশাও আসে। আঁই ন যাইদ্দেই, তোর খালামুনি ন যার।",াে ত্তন বালানো াগেত খালামনি রেখু হন অন দায়ের গুরিব সুহাইেইের কালামনে নোবা
test_chittagong_0173.wav,chittagong,"তোর খালামনির আছে যে তোরার নাই। তাইলে তুই নাই খই ইতারা আর ন যায়। ইয়া আঁই খত্তে আইসসুম, অনে খত্তে আইবেন। অনেরারে বেয়াকগুনেরে মিস গরির। তুই ইয়া খত্তে আইবি দে তই? আঁই খত্তে আইসসুম আঁই ক্যানে খইয়্যুম? আঁই তো সাই নি সুযোগ বুঝিয়ারে যাইয়্যুম দে আরি",ামনিরাতা তূ়ন্দেয় ে েএ হত্যার সমন হত্যায়বেন গহতচ না কেন ইাতসাঈনি সুযোগ বুগেরা
test_chittagong_0174.wav,chittagong,"গেইয়্যস দে ইয়ে <> খমত তই বিশ-পঁচিশ দিন ন থাহিবি নি? হা থাহি আইসছি দি আরও এন্ডে ফুরা খইল্লা অই যারগুই কল দিতে দিতে আঁরে পুড়াই ফেলার। ভালা ন লাগের দে এরি। অ, ইতেও খরদে যাগুই যাগুই আর আইয়্যুন ফইরতো ন, তোরা দুনোউয়া <> থাহির ন ফারি",ংবিভিন্ন কাহিনি ৮ই সিদা আরলঅ্যান্ডাস ফুরাহ লেজার বর কল দিরদি তারারা কটা অদেরজা গুজা আগু আ়াইমপত্তম উতরা তুনতাহেলে হটবেএলাই থাক
test_chittagong_0175.wav,chittagong,"আজিয়ে কুতুব ভাইয়েরে যে জোর গইরজে আন্টিরা থাহিবার লাই, ন থাহে। <> কুতুব ভাইয়া তারার সামনে যাইলে ডর লাগে আঁর তুন মাঝেমাঝে। কিয়া? <> ইতে তো, ইতে <> গরে দে আরি আর কিরিবো! হা",আগা কুতুক বাইএবের দুর্গ যে আধেরে তাহি বেলেন তাহে ে নামিা েতার সামনে এেমোবাল সাক গরের বেডরা
test_chittagong_0176.wav,chittagong,"মোবাইল চেক গরিবো ইয়্যান বড় খতা ন, মানুষের সবসময় কিছু ন থাহে ইয়্যেনও ন। মাঝেমাঝে তো থাহি যায়গুই পার্সোনাল কিছু। এত্তে চেক গইরলে সমইস্যা নয় নি? <> ডিলিট গরি দিবি দে এরি। তই আঁর তুন ইয়্যিন কিচ্ছু নাই, আঁরতে আজিয়েও টোয়ায়, আজিয়েও লইয়ে মোবাইল। আঁরতেও কিছু নাই কিন্তু কিছুকিছু আঁই কিরি",বর বরি এক বড়মা সবসময় কিছুন তাহা ইয়েনা মাঝামাঝে তার কিছু মস্যা আে নােইত আতকিছু না় কিন্তু কিছু কিছু আঁকিরই
test_comilla_0001.wav,comilla,"<> ওই সময় আনতে কইছি তাড়া আছে। <> আচ্ছা। অই সালাদ দে এতোটুকুই। আচ্ছা, এমনে ধরেন আগে যারা <> স্বর্ণকাররা যে হইছে যে ধরেন এই যে। হয় স্বর্নকার দো প্রচুর দাম হইছেগা। <>",আমরা স্বর্ণগরত পুচুর দামেছো
test_comilla_0002.wav,comilla,"কোনো সময় এনো ভরি আমনের নব্বই, ফাচানব্বই হাজার ওইয়া যায়। মাইনসের আমরা দো গরীব স্বর্ণ, একটা রূপাই বালো কইরা পিনতে পারতাম না যে অবস্থা স্বর্ণের দাম। পাচানব্বই টেয়ারও ভরি আছে। অহনে রূপার মেয়েরার দো দাম খালি বাড়ে, খালি বাড়ে, খালি বাড়ই, খালি বাড়ে। ষাইড হাজার টেয়া থাইকা আশি হাজার, আশি হাজার তে নব্বই হাজার, নব্বই হাজার নব্বইর তে দো ফাচানব্বই হাজার। অহন মনে অয় ছাইগা এক লাখ হইয়া গেছেগা।",বুড়ি আরা ন০ ৫ মযাটে আমরাদুপরই স্বর্ণ ১কটারুপই পালাজন্দিন যতন যে অস্থা নর দাম ৯৫র গিকর মোর রাদা দাম খালে পা়ে া সায় ১া থেকে ৮০ হাজার ৮০ হাজর৯০৯০ থ ৯ া মনে য় চাকে ১লা হয
test_comilla_0003.wav,comilla,এই নয় দিনে কি ইনকাম কি বাড়তেছে? <> ইনকাম দো কইত্তে বাড়ছে? ইনকাম দো এইটুকই। <> ইনকাম কি বাড়তেছে? ইনকাম তো আর তো বাড়ে না। এই সেইম এই ইনকাম নাই।,ইনকামত়কুরতে বার তু ইনটম দেই ছি িবাতাফে ইনকাম তার তাঁর ভায়রানা এইসএই মেইনকা
test_comilla_0004.wav,comilla,"প্রতিদিনের মতো ওইদিনও রুহি কে নিয়ে আমি স্কুলে গিয়েছিলাম। <> ওরে সবসময় আমি বাসা থাইকা স্কুলটা দশ মিনিটের দূরত্ব, দশ মিনিট না ছয়, সাত মিনিট আমার বাসা থাইকা রুহির স্কুলের দূরত্ব তাও আমি ওরে দিয়া যাই। আমার মতো সব মায়েরাই তাদের ছেলে-মেয়েদেরকে দেখা যায় গেট পর্যন্ত দিয়া আসে।",প্রতিদিনের মতো ঐইদিনও রুহিকে নিয়ে আমি স্কুলে গিয়েছিলাম সব সময়ে আমি বাসা থেকে স্কুলটা ১০ মিনিটে দূরত্ব ১০ মিনিট না ৬য় ৭া মিনিট আমার বাসা থেকে রোর স্কুলের দূরত্ব তাও আমি ওডরে দিয়া যাই আমার মত সব মায়েরাই তাদের ছেলেমেয়েদেরকে দেখা যায় গেইট পর্যন্ত দিয়ে আসে
test_comilla_0005.wav,comilla,"তো ওইদিন আমিও গিয়েছিলাম। যেয়ে রুহিকে স্কুলে দিয়ে আমি আর দেরি করি নাই সাথে সাথে চলে আসছি। ও রুহিও তখন স্কুলে যাওয়ার পরে, ও ব্যাগ রাখার পরে, ও আবার দেখা যায় যে ওইযে ষোলোই ডিসেম্বরের যে ইয়া থাকে ওদের।",দিনা আমিও গিয়েছিলাম যে রুহিকে স্কুলে দিয়ে আমি আর দেরি করেনে সাথে সাথেই চলে আসছি ও রুহি তখন স্কুলে যাওয়ার পরই ও ব্যগ রাখার পরে ওরাবার দেখা যায় যে যে ছা ১৬ ডিসেম্বরের ে ইয়াথাকযাতদের
test_comilla_0006.wav,comilla,এই রিয়ার্সেল থাকে ষোলোই ডিসেম্বরের যে অনুষ্ঠান হবে ওইখানে যে পারফরম্যান্স করবে ওইগুলার উপরে ওদের রিয়ার্সেল থাকে। ওইখানে আবার দশ-পনেরো মিনিটের মতো রিয়ার্সেল করে নাচে। আইয়ো এই স্কুলের ভিতরেই আলাদা একটা রুম আছে ওই রুমে করে। তো রুহি প্রথমেই রুম থেকে বের হয়ে আবার ওদের স্কুলের মাঠের মদ্যে একটা দুলনা আছে।,রিয়ার সল থাকে ১৬ ডিসেম্বরে যে অনুষ্ঠান হবে ওইখানে যে পারফর্মেন্টস কর্বী ওগুলার ওপরেওধদার রিয়ার সাল থাকে ওইখানে আবর ১০ ১৫ মিনিটের মত রিয়ারসাল করে নাচের স্কুলের ভিতরেই আলাদা একটা রোমাসেও রুমে কডরে প্রথমে রুম থেকে বের হয়ে আবার ওদের স্কুলের মাঠার মধ্য একটা দোল না আছে
test_comilla_0007.wav,comilla,ও মানে প্রথমে বের হইয়া গেছে দোলনার মদ্যে বসার জন্য। দোলনায় তো সবটা কথা আমি মুখেই শুনছি যে ও দোলনাতে যাইয়া প্রথমে বসতে লইছে। তো তখন ওর সাথে ছিল ওর আরেকটা ফ্রেন্ড। ওই ফ্রেন্ডটা আবার ওর মানে একদম ক্লোজ। একদম স্কুলের প্রথম দিন থেকে ওর সাথে বন্ধুত্ব হইছে।,ওমানে প্রথমে বের হয়ে গেছে দুল্লার মধ্যে বসার জন্য া সবটা কথা আমী রুহীর মুখেই শুনছি যে ও দুলাতে যে প্রথমে বসতে গেছে তখনো সাথে ছিল ওই ফ্রেনটা আবারওরমান একম ক্লোজ একম স্কুলের প্রথম দিন থেকে ওরসাথে ব
test_comilla_0008.wav,comilla,মেয়েটার নাম হচ্ছে নুসাইবা। এই নুসাইবার সাথে। নুসাইবা আর রুহি ওরা দুজনেই খেলা করতে-করতে দোলনার কাছে যায়। যাওয়ার পর নুসাইবা বলতেছে তোর তো নাচের রিয়ার্সেল আছে তুই এখন খেলা-ধুলা করিস না তুই রিয়ার্সেলে চলে যা। আমি এখানে দোলনাতে দোল খাই।,এই নুসাইবার সাথে নুসাইবা র রুহি ওরা দুই জনেই খেলা করতে করতে ধুলনার কাছে যায় যাওয়ার পর নুসাইবা বলতেছে তোতো নাচের ইয়ার সাল আছে তুই এখানে খেলা খেলাদুলা করিশি না তুই রিয়ার সলে চলে যা আমি এখানে ধুলনাতে দুল খাই
test_comilla_0009.wav,comilla,"রুহি চাচ্ছিলো রুহি উঠতে কিন্তু নুসাইবা বলতাছে যে না আমি উঠি তুই যা তোর তো নাচের রিয়ার্সেল আছে। তো এক পর্যায় রুহি ভাবলো যে হ্যাঁ আমার তো নাচের রিয়ার্সেল যেতে হবে আমি চলে যাই, তুই দোলনা খা। দোল খা দোলনায়। তো রুহি ওকে ছেড়ে দিয়ে।",রুহিচে চাচছিল রুহি উঠতে কিন্তু নুসাইবা বলতেছে না আমি উঠি তুই যাতর ত নাচার ইএয়ারসাল আছে তো এক পর্যায়ে রুহ ভাবলো জে হ্যায় আমার তো নাচার িয়ার সেল যেতে হবে আমি চলে যাই তুই দুল না খাঁ দোল খাজুল নায় ত রুহি ওকে ছেড়ে দিয়ে
test_comilla_0010.wav,comilla,"রুহি গেলো নাচে রিয়ার্সেলে। রিয়ার্সেল রুমে যাওয়ার পরে টিচাররা বলতেছে আজকে ব্লুটুথে চার্জ নাই, আজকে তোমাদের রিয়ার্সেল হবে না চলে যাও। তো রুহি তো অনেক খুশি। ওই খুশি ওইয়া আবার স্কুলের মাঠে আবার যেখানে দোলনাটা ওইখানে ফিরছে।",রুহি গেল নাচেরিয়য়সাল রুমে যাওয়ার পরে টিচারা বলতে ছে আজকে বলুটোতে চার্জ নাই আজকে তোমাদে রিয়ারসাল হবেনা চলে যাও রুহীত অনেক খুশি ও খুশি হয়ে আবার য়াতস্কুলের মাঠে আবার যেখানে ধোলনাটাওইখানে ফিরছে
test_comilla_0011.wav,comilla,"হয়তো এই দোলনার কাছ থেইকা ওদের রিয়ার্সেল রুমের দূরত্ব হয়তো তিন-চার মিনিট হবে। ওখানে যাওয়ার পর স্যার যখন বলছে যে, রিয়ার্সেল হবে না তো তখন ও অবশ্যই ফিরা আবার দোলনার কাছে আসছে। আইসা দেখে যে ওর বান্ধুবি ওই যে নুসাইবা সে দোলনার মদ্দে একদম অদ্ভুদ ভাবে বইসা আছে।মানে একদম",হয়ত এই দুলনার কাছ থেকে ওদের রিয়ার্সাল রুমের দূরুত্ব হয়ত ৩ চ মিনিট হবে ওখানে যাওয়ার পর সারা যখন বলছে যে রিয়ারসাল হবেনা তো তখন আবার স ফিরা আবার দোলার কাছে আসছে আইষা দেখেযে ওর বানধুবি ওযে নুসাইবা সে দুলনার মধ্যে একদম অদ্ভুতভাবে বইসার আছে এ
test_comilla_0012.wav,comilla,"আকাশের দিকে তাকায় রইছে, চোখগুলা উল্টায় রইছে উপরের দিকে, সূর্যের দিকে তাকায় আছে আর হাত-পা একদম ছেড়ে দিছে। পাশেই মাঠের মধ্যে যে অন্যান্য ছেলে-মেয়েরা খেলা করতাছেনা? ওরা ভাবতেছে যে এই নুসাইবা মজা করতেছে। ওরা ছেলেগুলা হাসা-হাসি করতেছে দেখ-দেখ ও দোলনার মদ্দে বইসা কিভাবে আকাশের দিকে তাকায় রইছে। এইভাবে কেউ দোলনায় বসে?",আকাশের দিকে তাকায় রচি চোখ গুলো উল্টাই রছে উপর দিকে সূর্যের দিকে তাকাই আসছে আর হাত পা একদম ছেড়ে দিছে পাশেই মাঠের মধ্যে যে অন্যান্য ছেলেমেয়েরা খেলা করতে ছানা ওডরা ভাব তেছে যে ই নুসাইবা মজা করতেছে ওরা ছেলেগুলা হসাশেকাছি দ্যাগ দ্যাগ ও ধোলনার মধ্যে বৈশাখ কী ভাবে আকাশের দিকে তা এইভাবে কেউ ধোলনায় বসে
test_comilla_0013.wav,comilla,"আর রুহি ভাবতাছে যে আকাশে দো মানে সূর্য উইঠা রইছে, রোদ্র। এতো রোদের মদ্দে তো কেউ তাকায় থাকতে পারে না। ও এইটা ভাইবা ও দৌড়ায়া কাছে গেছে। যাওয়ার পরে দেখে যে, ওর চোখ মানে চোখ দেখে যে ও তো আর বুজতে পারতেছে না। চোখ উল্টায় থাকলে যেরকম অবস্থা হয় না? সূর্য বরাবর একদম চোখটা ওইভাবে আছে।",রুহি ভ্রাপ্তাসে যে আকাশেত বানি সূর্যইটা রছে রৌদ্র এত রোদের মধ্যে তো কেও তাকাই থাকতে পারেনা ওএটা ভাইবাও দৌড়ে কাছা গেছে যাওয়ার পরে দেখে যে ওর চোখ মানি চোখ দেখা যে ও তোার বুজতে পাত্ছা না চোখ উল্টাই থাকলে যেরকম আবস্থা য় না সূর্য বরাবর একদম চোখটা বিভাবে আছে
test_comilla_0014.wav,comilla,"আর পুরা শরীর মানে কেমন একটা অবস্থা? মুখটা, ঠোঁটটা নাকি ফুইলা বাকা হইয়া আছে। তো ও যাইয়া মাথায় টাচ করছে। করা তে, দেখে যে ও আর কথা বলতেছে না। ওর বান্ধবী আর কথা বলতেছে না। ও জোরে চিল্লান দিছে যে, কি হইলো? নুসাইবার কী হইলো? তখন সবাই আবার আসছে।",আর পুরা শরীর মানে কেমন একটা অবস্থা মুখটা ঠোটা নাকি ফুলা বাঁকা হয়ে আছে তব যা মাথায় টাচ করছে পরাতে দেখে যে ওয়ার কথা বলতেছেন বান্দু বিয়র কথা বলেছেন ও জুরে চিলামদিে কী হলো নুসাইবার কি হইল করং সবেই আবার আসছে
test_comilla_0015.wav,comilla,"আসার পরে এরপরে ওর দোলনা থেইকা ও যেইভাবে আছে পুরো শরীর নাকি একদম শক্ত হইয়া গেছে, ঠান্ডা হইয়া গেছে। ফরে ওকে দোলনা থাইকা নামাইছে। নামানোর পর স্যাররা আবার সাথে সাথেই এরে হাসপাতালে নিয়া গেছে। মানে কি রকম একটা অবস্থা? ওর মা কিন্তু ওরে নিয়া আসছে স্কুলে। নিয়া আইসা ওর মা কিন্তু এই সময়টায় স্কুলে বেতন দিচ্ছিলো।",আসার পরে এরপর ওোড ধুলনা থেকে ও যেভাবে আছে পুরো শরীর নাকে একদম শক্ত হয়ে গেছে ঠান্ডা গেছে পরে ওডেওকে ধূলনা থেকে বের নামআইছে নামামের পর াবার সাথে সাথেই পরে হাসপাতালে নিয়ে গেছে মনে কিরোগয়াটা অবস্থাও মার্কিন তরেই নিয়ে আসে স্কুলে নিয়া এসে ওর মাই কিন্তু এই সময়টা স্কুলে বেতন দিচ্ছিল
test_comilla_0016.wav,comilla,"বেতন দিয়ে, বেতন দিয়ে ওনি স্কুল থেকে বের হবে আর ওনার মেয়েরে নিয়ে স্কুল থেকে বের হইতাছে। ওনি কিন্তু জানে না ওনার মেয়ের যে এই অবস্থা। সবাই বলতেছে কেউ, কেউ একটা কারেন্টের শক, মানে সবাই এডা ধারনা করতেছে যে কারেন্টের শক খাইছে এই জন্য কেউ একটা বাচ্চা দুর্ঘটনায় ইয়া হইছে ওরে।",বেতন দেয়া দিয়ে বেতন দিয়ে ১ন স্কুল থেকে বের হবে আর অার ময়েরের নিয়া স্কুল থেকে বেরহুইতেছে উনি কিন্তু জানে না মনার মেয়ের যে অবস্থা সবাই বলতে থিঁকো কেউ একটা আগুন কান্টের শক মানে সবাইরা ধারনগত স্থতের কারণটে শক খাইসে এজন্য কেউ একটা বাচ্চা দুর্ঘটনাহিছে ওনে
test_comilla_0017.wav,comilla,"ডাক্তারের কাছে নিয়া যাইতাছে, ওর মাও দৌড়ায়া গেছে। যাওয়ার পরে <> মা যাইয়া দেখে যে ওনার মেয়ে। পরে সাথে সাথে স্যাররা মানে স্যাররা সবাই মিল্লা ওরে হাসপাতালে নিয়া যায় কিন্তু হাসপাতালে যাওয়ার, যাওয়ার পরেই ডাক্তাররা ওকে মৃত ঘোষণা করে আরকি।",মাও দৌরে গেছে যাওয়ার পরে ও মায়জ মা জায় দেখেছে উনার মে় পরে সাথে সাথে মানে সারা সবাই মিলা ওরে হাসপাতালে নিয়া যায় কিন্তু হাসপাতালে াযাওয়ার পরই ডাক্তারওকে মৃত্য ঘোষণা
test_comilla_0018.wav,comilla,"তো এইখানে কয়েকটা বিষয় যে আসলে কি কারেন্টের শট লাগলো কি না? কিন্তু ওদের স্কুলে কিন্তু ডে-শিফটের সকালে মরনিং শিফটের ক্লাস, ওরা ওইছে ডে-শিফটে যায়। মরনিং শিফটে সবাই দোলনাতে উঠলো। কারো শট লাগলো না। এরপর ওই নুসাইবা বসার আগ মূহুর্তেও কিন্তু দোলনাটা",এখানে কয়েকটা বিষয় আসলে কি কারন্টের শক লাগল কি না কিন্তু ওদের স্কুলে কিন্তু ডেশ শিফটের সকালে মনেং শিফটে ক্লাসে ও রয়েছে ডেশিফটে যায় মনিং শিত্রে সবাই ধুলনাতে উঠল কারও শট লাগল না এরপরে ও নূসাইবা বসার আকমুহূর্তও কিন্তু ধুাতা
test_comilla_0019.wav,comilla,কেউ না কেউ ছিলো। কারণ দোলনাটা আমরা যখনই যাই মানে এক মিনিটের জন্যও ফ্রি থাকে না। বাচ্চারা সবাই কাড়া-কাড়ি করে কার পর কে উটবে। কারেন্টের শট্টা কোন মুহুর্তে লাগলো? আবার রুহি যখন যাইয়া ওরে স্পর্শো করলো যদি ওর শরীরে কারেন্টের ইয়া থাকতো তাহলে তো রুহিরেও কারেন্টে শট করতো। রুহিরেও কারেন্টে শট করে নাই।,কেউ নাকেউ ছিল কারণ দুলনাটা আমরা যখনই যাই এক মিনিটের জন্য ফ্রি থাকে না বাচ্চারা সবাই কারাকারি করে কার পর কেউ উঠবে কারেন্টে সতটা কুন মুহুর্তে লাগল আবার রুহী যখন যেউর স্পর্শ করলো যুদি ও শরীরে কারেন্টের ইয়া থাকতে তলে ত রুহিরও কার্ডেস শট করতু মিওকারেন্টে শট করেনা
test_comilla_0020.wav,comilla,"তাইলে বিষয়ডার মদ্দে কিন্তু অনেক ইয়া ছিলো। আবার কারেন্টের তার একটা আমরা যখন যাই পরে আর কারেন্টের তার দেখি নাই। এখন কারেন্টের তারটা ছিড়া, সবাই ধারণা করতাছে যে, যে দোলনার যে এলমুনিয়ামের যে ইয়াগুলা থাকে না? সম্ভবত এই দুলনা রশিটাতেও কারেন্টের তারটা ছিড়া পরছে এরকম মানে একটা ধারনা করতেছে।",বিষয়টার মধ্যে কিন্তু অনেক ইয়াছিল আবার কান্টে তার একটা আমরা যখন যাই পড়ে আর কান্টের তাঁর দেখি নাই এনকান্টের তাটা ছি়া সবাই ধারণা করতেছে যে ধোলনার যে এ অ্যালোমিনিয়ামের যে ইয়াগুলা থাকে না সম্ভবত এই ধুলনা রসীটাতে তাকা ন্টা তাঁপটা ছিরা পড়ছে এরকুম মানি এটা ধারণা করতেছে
test_comilla_0021.wav,comilla,যে এইটার জন্য হইতে পারে যে কারেন্টের ইয়া হইছে কিন্তু অন্য কোনো বাচ্চারে তো কারেন্টের শক করে নাই বা ওর শরীর থেকে রুহি সবার প্রথমে ফাস্ট রুহি দেখছে। রুহি ওর মাথায় যাইয়া স্পর্শ করছে। রুহিরেও কারেন্টে ধরে নাই। এই হইছে কতা। এহন যে রুহিরেও লাগে নাই এডা দো একটা লাখ-লাখ শুক্রিয়া আল্লার কাছে কিন্তু,এইটার জন্য হইতে পারে যে কারেন্টের কিন্তু অন্য কাউন বাচ্চারাকদ কানাটা শক করে নেয় বা ওর শরীর থেকে রুহী সবার প্রথমে ফাঁ্স্টি রুহি দেখছে রিওর মাথায় যে়ে স্পর্শ করছে রুহিরো কায়ন্ট্রে ধরে নাই এইসোগতা এহনে রুইরেল লাগেনা এডা দ একটা লাগলাক সুকরিয় আলার কাছে কিন্তু
test_comilla_0022.wav,comilla,"কিভাবে হইলো এইটাও বুজতে পারতেছি না। আর ওই যে মেয়েটা মারা গেছে ওই মেয়েটা ওইছে মানে, ওর বাবা-মা-এর ছোট সন্তান অনেক আদরের। একটা বাই হচ্ছে ইনজিনিয়ার আরেকটা বইন হচ্ছে ইয়াতে পড়ে কলেজে পড়ে। আর মার সাথে মেয়েটা থাকে।",কিভাবে হইল এটাও বুআরও জেমেয়াটা মারা গেছেও মিয়েটাহ সিলেমানি ওর বাবাময়ের ছোট সন্তান অনেক আদরের একটা বাইি হচ্ছে ইঞ্জিনিয়ার আরেকটা বোন ও্ছে য়াতে পড়ে কলেজে পড়ে আর মার সাথে মেয়েটা থাকে
test_comilla_0023.wav,comilla,তো এই আরকি। এই মেয়েটার এই ঘটনাটা আসলে রুহিও অনেক শক খাইছে। ও যহন বাসায় কান্না করতে-করতে আসছে আমি তো অনেক ভয় পাইয়া গেছি ভাবছি ও পরে কোথায় বেথা পাইছে। স্বভাবতই আমি যাইয়া ওর হাত-পা দেখতেছি। কি ওইছে তোমার? কি ওইছে? বলতেছি। পরে ও বলতেছে আমার কিছু হয় নাই তুমি নুসাইবা কে বাঁচাও।,এই মেয়েটার এই ঘটনাটা আসলে রুহীও অনেক শক ষাইছে ওদন বাসা কান্না কর্তকরতা আসছে আমি তো অনেক ভয়েছি কোথায় বেতার েছে সবভাবতি আমি যে ওর হাঁত পাঁ দেখতেছি কিউইছে তোমার কিউইসে বলতেছি পরে ও বলতেছা আমার কিছু হয়না তুমি নুসাইবাকে বাচাও
test_comilla_0024.wav,comilla,"তখন আমি জিজ্ঞাস করলাম কি হইছে? তখন ও এই ঘটনাটা বল্লো আরকি। এরপরে আমি রুহিরে নিয়া রেডি হইয়া যাইতে-যাইতেই শুনি যে মানে বাচ্চাটা মারা গেছে। ওর লাশ নিয়া আসছে। উপজেলার মধ্যেই ওদের বাসা। এই আরকিহ, মানে এই ঘটনাডা রুহিরে অনেক ভয় পাইছে। আর আমার জীবনেও মানে একটা স্মরণীয় ঘটনা। রুহিরও।",তখন আমি জিজ্ঞাসকলাম কি হ়েছে তখন ও ঘটনাটা বল আকি এরপরে আমি রুহিরিনিয়া রেডিওহ যাইতে চাইতে শুনি যে মনি বাচ্চাতা মারা গেছে লাশ নিয়ে আসছি উপজেলার মধ্যেইদের বাসা এই ঘটনাটা রুহিরিও অনেক ভয় পাইছে আর আমার জীবনও মানে একটা স্মরণীয় ঘটনা রুহির
test_comilla_0025.wav,comilla,"এরপরে দুই-তিন দিন পরে ও খুব ভয় পাইছে এবং এই দুই-তিন দিন পর তারপরে ওর মানে ভয় থেকে ওই দিন রাত্রে বেলা ওর জ্বর চইলা আসছে। আর পুরা এক সাপ্তাহ মানে একটা ট্রমার মদ্দে ছিলো। মানে সব কিছুতে ভয় পাইতো, ইয়া করতো। আর আমাদের বাসায় ওর বান্দবির দেওয়া একটা গিফট আছে।",এরপরে র দুই তিন দিন পরও ও খুব ভয় পাইতে এবং এই দুতিন দিন প়তে পরেই ও মানি ভয়ে থেকে ওইদিন রাতর্াভলেয় ওর জড় চলে আসছে আর পুরো এক সাপ্তাহ মানি একটা ট্রমার মধ্যে ছিল মনে সব কিছুতেই ভয়পাই তৈয়া করতো আর আমাদের বাসায় ওর বানদবী দেয়াংটা গিফট আছে
test_comilla_0026.wav,comilla,"এই গিফটটা ওয় অনেক যত্ন কইরা রাখছে। দেয়ালে ঝুলায় রাখছে, ওর বারডেতে এই গিফটটা দিছিলো। এ নুসাইবা এই। পরে এইটা নিয়া তদন্ত হয় নি? যে ঘটনা কিসের থেকে হইল এইটা। আসলে কি বলমু? এডা তো উপজেলার, উপজেলার আন্ডারেই।",এই গিফটাওয়া় এ অনেক যত্ন কেরা রাখছে দেয়ালে ঝুলারাকসর বাডেতেই গিফটা ি আসলে কিবলএটাতো উপজেলার ও উপজেলার আমদারি
test_comilla_0027.wav,comilla,"ছিলো আর ওর বাবাও তো একজন সরকারি কর্মকর্তাই উপজেলার অধীনেই এই ইনজিনিয়ার, সরকারি ইনজিনিয়ার। তো ওনারা ওরকমভাবে যে মানে একটা তদন্ত করতে হবে বা এখানে কাউকে দোষারোপ করার মতো ওনি কোনো ইয়া করে নাই।",ি আরওর বাবাও তো একজন সরকারি কর্মকর্তাই উপজেলার অধীনেই ইঞ্জিনিয়ার সহকারী ইঞ্জিনিয়ার ওনা উনারা ওরকমভাবে যে মানে এটা তদন্ত করতে হবে বা এখানে কাউকে দুসারূভ করার মতো নি কোন য়াকরে নাই
test_comilla_0028.wav,comilla,যে দিন মারা গেছে ওই দিনে <> মেডামের সাথে ওনি বলছে যে আমার মেয়ে তো চলেই গেছে। এখন এডা আমি কারো উপরে কোনো অভিযোগ রাখতে চাই না। এরকম বইলাই ওনি আর কোনো এডা তদন্তের জন্য বা অভিযোগের খাতিরে বা কোনো কিছুরই ইয়া করেন রাখে নাই।,যেদিন মারা গেছে ওইদিনে ইউনিমাডামের সাথে উনি বসতে জা আমার মেয়েতো চলেই গেছে এখন এটা আমিকারও ওপর কোনও অভিযোগ রাখতে চাইনা আরো তদন্তের জন্য বা অভিযোগের খাতধিরে বা কোনো কিছুর য় করেন রাখে
test_comilla_0029.wav,comilla,ওইখানে ওই দিনই ঘটনাটা ওইখানেই সমাপ্ত হইয়া গেছে। যদি একটা পুলিশ কেস হইতো তাহলে অবশ্যই তদন্ত হইতো। একটা বিষয় আছে যদি তাকটা ছিড়ে যায় <>।,ঐইদিনই ঘটনাটা ওইখানেই সমাপ্ত হয়ে গেছে যদি এটা পুলিশকে সৈতু তালে অবশ্যই তদন্ত হইতো
test_comilla_0030.wav,comilla,কিভাবে ছিড়ছে সেটা নিয়া তো একটু বুঝা যাইতো কিন্তু তারটা হইছে যে এইটা ওইছে কথা। কারণ ওদের স্কুলের ওইযে স্কুলের দোলনাটার পিছনে যে বিল্ডিংটা এই বিল্ডিংটা অইছে থাকে ওইযে <> মেডামের যে গার্ডগুলা থাকে বডার গার্ডের যে সদস্যরা ওরা থাকে। তো ওদের জন্য নাকি লাইন দেওয়া হইছে এই স্কুল থেকে।,কিন্তু তা আটা হয়েছে যে াইসে কথা কারণ ওদের স্কুলের যে ই স্কুলের দুলনাটার পিছনে যে বিল্ডিংটা এ বিল্ডিংগ়ে লতে থাকলেও যে ইউনিমোডামের যে গাটগুলা থাকে বর্ডার গার্ডের যে সদস্যরা ওড়া থাকে ত ওদের জন্য নাকি লাইন দেওয়া হ়ছে ই স্কুল থেকে
test_comilla_0031.wav,comilla,আমি দীর্গ চব্বিশ বসর বাহিরে ছিলাম। সোদিতে। আমাত্তে খুব ভালো লাগছে। পতিবশশরে-বশশরে রে আমি দেশে আসার চান্স পাইছি। মালিক আমার খুবই ভালো ছিলো। <> আমারে খুব মানি ওনি লাইক করতো।,দীর্ঘ২৪ বছর ভাইরে ছিলাম সৌদিতে আমাতে খুব ভালো লাগছে প্রতি বছর বসর আমি দেশে আসার চান্স পাইছি মালিকা আমার খুবই ভালো ছিল আমআমারখুবমানি উন লাইক করত
test_comilla_0032.wav,comilla,"ওর পুরা ফ্যামিলি আমাকে খুব লাইক করতো। তো, এইখান তাইকা, আমি চব্বিশ বসর ছিলাম ওইখানে। আমার ওই দেশের চলা,ফেরা খুব ভালো লাগছে। কিন্তু অনেকে কয় বিদেশ কষ্ট, এই-সেই। কিন্তু আমার কাছে খুবই ভালো লাগছে।",অর পুরা ফ্িমিলি আমাকে খুব লাইক করত এখান থেকে আমি ২৪ বৎসর ছিলাম এইখানে আমার উই দেশের চলাফেরা খুব ভালো লাগছে কিন্তু অনেকে বিদেষ কষ্ট এইসেই কিন্তু আমার কাছে খুবই ভালো লাগছে
test_habiganj_0001.wav,habiganj,<> খদিন ফরে ফইল্লেও লইয়া আইবোনে। নাতিন আর নাতিন <> খার সাতে গেছিলা? <> লোকড়া,কদিন ফরে ফলে উল এইবনে নাতিনানাতিনািািয়
test_habiganj_0002.wav,habiganj,"জায়েদ মেম্বারের ফুরিও, দশ-বারোদিন ওইয়া গেছিগা। <> না তানজিরে আনন সহজ হইছে খারন তানজি তো মাইনর। আমি ইডা খইতাছি না, খইতাছি লোকরার ফুলাইন ছাড়া আর কুনু ফুলাইন <> তে অখন সব ফুইরাইন লোকরা কেরে যায়?",িারে ুলদরবার দিনইলনাবারবুটির দেজদরি আ়িছেনা তানদীরা আনসহ লইজাগারণ তান্য্ুত মাইন িেআমি এওয়ািকতাবা় সকরে ুপরা
test_habiganj_0003.wav,habiganj,"<> অঙ্গো আফনেদে খইন সাথে যাওনডা তো সম্মানেরওই, জামাইয়ে সাথে খইরা লইয়া যায়। আমারে খইছে তইদুলে, তইদুলে তো <> ফড়াইতো। <> যেডা অখন যেডা বিয়ার বয়স। <>",ঙআহনেদেন কয়ন ৭াত এ জামান ডত্ন সম্মানে র় জামায এসাতেওলা লইয়া যাআারবতে ক়গিল তলা তনজুরা হড়ায়তোজেরাও হন্ডেয
test_habiganj_0004.wav,habiganj,<> ইডা স্যারের জিগানি,সলে সারাস জিগানি ডাটকি ঠিক নি
test_habiganj_0005.wav,habiganj,"বেশি খরা দিখ্যোই, বেশি খরা দিখ্যোই মনয় বেডায় মানে না। <> বাফরে মনয় ডরায় বেশি, মারে মানে না। <> ইকটু জায়গা তাকতোইবো না ছেলে-মেয়ে খতা খইবার। ইডা একবারে বেশি, অতো বেশি <> মা তো ইতা বুঝে না, মা তো সারাদিন খাম-খাজ লইয়া <>",েি বলাদেক কেউবেশি বড়ািরকন ডলা বেশি মারানে া ায়গা থাকতব না ছেলেমেয় াইারে বেশি অতবেশু বড়া হয়ে যখা
test_habiganj_0006.wav,habiganj,"<> ওও মেডাম, একদিনে তিনজন গেছে। অ্যা! আরেগলা কেডা? ওই বাজারের দারে দিদাইরা বেডার ফুরি। ওওমাই ছিনচি।",নারটাকাদেয় াবোিএকদিনে তিন জন কেছে ওই বাজার তারা দিদে রাবো
test_habiganj_0007.wav,habiganj,"<> নামটা জানি কিতা? <> মেম্বারিও গাইছে এখবার। <> আজকে শিউলিরে দেইক্কা মনে ওইছে। রুপবানু? ওয়। ও আইচ্ছা, ই বেটির ফুরি বুঝি? আমি দি ছিনি না। ই বেটির বাফের বাড়ি ওইলো <>",ডারকলাসে দিনাম নাতেনিতা ফিল আমা সালো মেম্বারিওএসলোটা াজা রূবুটেইরিফুরি বিয়ানসমি
test_habiganj_0008.wav,habiganj,আমি বেশি খইরা ছিনি কেম্নে? আমরা বাসার দারে ই বেডির ভাই বিদেশ তিকা আইছে তাকছিলো বউরে লইয়া খয়েকদিন ভাড়া। <> বউটা বালা। <> আর তিনডা গেছে তো গেছে তিনোডোই লোকরা গেছে।,আমি বেশি করে থিনিকার নেয়াম আমরা বাসারদার এই বিডের বাড়ি ভিরে সেটা থাকছিল মারটিনটেকেতকেছে টিনুটু লুকরানাজমিকুইবনুাই
test_habiganj_0009.wav,habiganj,"না গো জানি না। তানজি যে গেছে, তানজি ওই লোকরা ফ্যারেশকারের ফোলার সাতে। <> লোকরা ফ্যারেশকার বেডার সাতটা ফুরি না? আর ফোলাডা ওইছে গিয়া সবাইর ছুডু, ই ফোলার সাতে গেছে। ফ্যারেশকারের ফোলার সাতে? ওয়। ফোলাও ছুডু, ফুরিও ছুডু অখন এরার বিয়া ওইবো কেম্নে? <>",তানজুজেই গাছে তানজ লুকনােরগ্রামে এসকা বাটা সাতটা খুলি নে লারই জে সবার ছুটু বিফুলআফুলাওয়াসুডু ুলিও
test_habiganj_0010.wav,habiganj,"<> অ্যা মনয় হাই-ইস্কুলো ফড়ে <> খোদা, ছুডুনু খও, ছুডু ওইলে তো হাই-ইস্কুলো <> অ্যা এর সাত বোইনের ছুটু, অ্যা আর খতো বড়ো ওইবো। এরফরে ইলার <> সরখারি ছাকরি দেইখ্যা জামাইরে <> অখন বা এরটাইন দিবো।",খুলরেক্ষুদানিো সএ আসাত বইনের জুটু াব এলেি়াটে েনিনকাই় জানিয়েছেন এন বাইয়াটেন দিব
test_habiganj_0011.wav,habiganj,<> না এর বয়স ওইতো আর এরে বিদেশ ফাডাইবো। ওও। ইতালি ফাডাইতো। তে ইডা ফরে তাকবোনি? <> মোডাইল্লা বিস্কুট কেরে আনলাম? খষ্ট ফাইও না <> আমি খই না আমি আনতাম আছলাম ওই বিস্কিট <> সিঙ্গারা আনছি না আরকি।,র বয়স হ়তো আর এরাই বিদেশ বা়াইব ইতািাতই আরিতা া মে আন্তামাসলাম উইবিসকি রা ঞজিনার কি
test_habiganj_0012.wav,habiganj,"<> আমি আজকে মাংসের মাইঝে খামর দিয়া সাইরা বেসাবা অবস্থায় আছি, এরলাইগা ছাবাইতারতাছি না। <>",আমি আজকের মাংসর মারি একটা হামুর্ধে সেরে বেসব অবস্থায় সে লেগেছেবে
test_habiganj_0013.wav,habiganj,"যেই অবস্থা খরছে <> আমি বুইজ্জা ফাইনা কেরে লোকরা কিতা ফাইছে এরা? এরা কেরে খালি সবাই লোকরা যায়? ইস্কুলো তাকতে ওত্তোই <> কেরে খালি এরা লোকরা যায়? শিউলে তো দেখছে না। যেরার বাফ বেশি খরা, এরার ফুইরাইনওই <>",মি বুঝযে ফাইনা ে লুখরািতে পাইোেসুরো তাকেকেরাহালে এড়া লুকা যায় িেখছেনপাদে েশি পরা
test_habiganj_0014.wav,habiganj,"বড়োটা আবার বদ্র আছে। বালা <> ইটা সুন্দরও আছলো বড়োটা <> ইলারেও তো বদ্রই দেখা গেছে। <> ছুটু আরও দুইটা আছে। ইলারে বদ্র দেখা গেলেও ওতোটা বদ্র না ইলা। বড়োলা বেশি বদ্র আছলো। ইলা সুন্দরও <> আমরা ইস্কুলও থাকতো কি, সাজুগুজু খরতো <> নাচানাচি খরতো <>",্মিলার ত বদরলািশবকুটভিফসুলে তাক িাজুাইার চ্যােতানজুদে সোটার ফরেডে আমরা দোহিন্দা রেমেঞ্
test_habiganj_0015.wav,habiganj,"<> বড়োলাও আছলো ইরমওই। ইটা তো বেছুলা আছিল, ইটা তো সুন্দর। সুন্দর এরফরে <> বেটা বিয়া দিলাইতা আছিল তাড়াতাড়ি। <> বেটা মনোয় <> না, বেটায় ইটারে যে তাড়াতাড়ি বিয়া দিলাইছে <>",ইলবেুল আি সুন্দরনা বে়া ইটারাতে তাড়াতা়ি ব্যাঁদালাইছে
test_habiganj_0016.wav,habiganj,"<> আরে, ছেলেটাইনতে বিয়া খইরা শাইরা বালা খামওত্তোই খরছে। দেখছোইননি এরা এখন খতো উফ্রে উটছে? এরা তো শ্বশুরবাড়ি <> খাজ খরে। বন্দরো খাজ খরে? <> পাঁচ ছেলে। দুইটায় ইযাতে বিয়া খরছে। তিনটায় মনোয় বিয়া খরছে সর্বমুট। এখৎটারে মনোয় বেটায় খরাইছে এখৎটারে মনোয় খরাইছে বেটায় আরকি।",তরা সেলাটানিতে বেয়ামরেশিরে বেলা আমরতি হ়ছে দেকছু নিয়েরাঅন হতে উগরে উ়ছে এরত শ্বশুবেসার সপাছেলে দুই লাই যাতে ব্যা হ়ছে তিনটাই মবিযাহ মোন বেড়া
test_habiganj_0017.wav,habiganj,"কেটা যে, <> বেটা যে, বেটার ফন্ডো দিন ফর ফর তিন ফুলা <> আমি ইয়া আল্লা! ইটা ওয় রেকর্ড, রেকর্ড <> গ্রামো। খয়, মাইনষে ব্যাংকো টেখা জমায়। ই বেটা দেখি ফুলা জমাইয়া থইছে। বেটার ফুলা সাট্টা, আট্টা। ওখন কিতা খরতো? বেটার আট ফুলা।",কেরা যায় উত্তরথন বেড়াছে বোর ফন্ডদির ভর র্তিনআন হয়ালাইটে রেকরড বাগয়ানদিগ্রাম হয় মামযান্টাপাইনবারটে আজমা বেডরাতে প্লাদভা়িতেছে
test_habiganj_0018.wav,habiganj,"<> আল্লাগো আল্লা! <> এরা? এরারে বিয়া, বিয়া খরায় না, খরায় না এরফরে <> একসাতে তিনজনরে খরাইছে। <> এরে তো ওখন খরাইলো না <> সম্পর্ক। বেটা ফাগল, বেটিও ফাগল। <> এরা তো দিতো আছিল না। খুব চেষ্টা খরছে ইলারে অন্য জাগা দিয়া বিয়া দিতো।",এরালা় ব্য়া ব্য় হরানা হরােি একসাথে তিনজনরে াফেলানি হে িতিনখুব চেষ্টা করছে
test_habiganj_0019.wav,habiganj,"এরা আমিরুনরে ইখানো আমিরুনরে জলিলের টাইন বিয়া দিতো আছিল না বিয়া দিবার লাইগগা যে চেষ্টা খরছে এরা। জলিলে জানে সম্পর্ক, তে বিয়া কেমনে খরতো? জলিলে আর আসাদুল এরা বন্দু না? এরা কেমনে, এ কেমনে বিয়া খরতো? এরা বাড়ির মানুষ ফাগল আছলো। ইটা তো টিকোই আছে। না <> ইলার ওইছে গিয়া এর সাতে সম্পর্ক <> সম্ববতো দুইআজার দশ-উশ থাইক্কা। <> বিয়া ওইছে দুই আজার বাইশো। বারো বছরের রিলেশন এরার।",মরনটি জলিরা আাসাদুলেরা ু ইলারজিগে সাদেসঙ্কর পর সর সভাগত ২০১০ েবিয়া হছে ২১২ বছরের রিলেশনো
test_habiganj_0020.wav,habiganj,"<> আমি খই, তাইনরে তো আমি আবার আরও তিন দিন ফাইতাম না। তে আমি <> সরাসরি খইয়া লাইছো <> ফরামর্শ খইরা <> খইলাম না? <>",ানতানে তো আমে আমার আরকিনান পাইতাম নােতাকোনো বল ভরনে এড়া পশা করে জিরবাইরে গিগদু ানানামািবাইনার ভাবিনিবা
test_habiganj_0021.wav,habiganj,<> তানজুর বাফ খড়া কেমনে বুঝা গেছে? <> বেটা তীরও লটকাইয়া মারতো অলিউর বাই ইতারে। <> ওতো খড়া থাকোন বালা না। বেশি বাইট্টা আটাইলে যে ছিঁড়া যায়গা। <> তানজুর মাও ছেড়া-বেড়া। <> মা ছেড়া-বেড়া টিকোই। <>,রাতনর আগোমিজা়ে ইবারা তিরোনা প্েমদিা প়া তানিাো
test_habiganj_0022.wav,habiganj,"<> ও মেডাম, এখৎটার মাঝে বুঝি দেলাইতাইন। এখৎটা পিরিয়ডও দেলাইতাইন। <>",অমেরা১টা মাজিবচে দেলা় তাইনি ১টা পিরিে ওটা তেলাইতেন
test_habiganj_0023.wav,habiganj,"পূজা-উজা দিমু। এরফরে গান-উন গাইমু। এরফরে আমরা একটু পার্থনা-উর্থনা খইরা, এরফরেতে আমরা খাইমু, দরজাত তালা দিমু। আর, যারা ওই যে",জরজাদি ময়ে করে গান গাইমু রে আমরে একটু পারতনাতনা কইরা করে দেয আমরাজাআর যারা যে
test_habiganj_0024.wav,habiganj,"তিন বেলাই পূজা খরে? অনেকে আছে তিন বার পূজা দেয়। সখালেও ঘুম থিকা উইট্টা দিবো নয়টার বিত্রে, আটটার বিত্রে। আবার দুফুরেও দিবো, আবার সন্দ্যার ফরেও দিবো।",দিনবেলায় পূজা ঘরে অনেকে আছে তিনবার পোজাতে সকালে গুনতি গুইটা দিক ৯টা দিকটে ৮টা দিটে আবার ঘড়েও আবার ডদিব
test_habiganj_0025.wav,habiganj,"আইচ্ছা, প্রসাদের মদ্যে কী কী খাবার মানে থাকতেই হবে, বাইদ্যতামূলক? প্রসাদের মদ্যে দুদ জাতীয় খাবারটা বাদ্যতামূলকওই থাকে। আবার ফল-টল বা তুলসী ফাতা তো আমরা বাদ্যতামূলক। তুলসী ফাতা সব, যেকুনু প্রসাদের মদ্যেই তুলসী ফাতা দেই। আর মানে যেটা দিয়া প্রসাদ সাজাইমু, যেটা দিয়া ভুগ দিমু ইটার উফ্রে তুলসী ফাতা দিমু।",রসাদের মধেকি খাবার থাকতেই হবে বাধ্যতামূলাক ্রসাদের মধ্যে দুর্জাতীয় খাবরটা বাধ্যতামূলক হইতাকে আার ফলটল তুনশ বাতা তো আমরা বাধ্যতামক তুলশবাতার সব যে কোনো প্রশা দ মৃদ্দু তুশি বাতাদেই রযে রাধিয়া প্রশাদ চা় চা় মজাটা দিয়া বুদ্দিমুখ ইডারুফে ধশিা
test_habiganj_0026.wav,habiganj,"ফুল কি দেওনওই লাগবো? না দেওন লাগতো না? ফুল তো, ফুল সুন্দর্যের লাইগগা। ফুল দিলে ইটা নিজের পূজাটা দিতেও বাল্লাগে। সাজাইলে ইটা মনডাও প্রফুল্ল থাকে। ফুলটা দিয়া সাজাইলে পার্থনা খরতেও বালা লাগে, সুন্দর লাগে, মনে একটা প্রশান্তি আয়। একটু, একটু গবীরবাবে বাব-বক্তিও আয়।",ফুলকেদন এলা গড়ালাক্তদা ফুল ত ফুল সুন্দর জে লাইয়া ফুল দিলে একটা নিজের পূজাটা দ্বিতীয় বাল্লাকে সা জাইলে একটা মন ডাও প্রফুল্য তা হেয়ে ফুলটা দিয়া সা জাইলে প্রার্থনা করত বাল্লাকে সুন্দর লাগে মনেকটা প্রশান্তি আয এটুএকটু গভীরভাবে বাপ পড়তে হয়
test_habiganj_0027.wav,habiganj,"তারফরে যে, আমিষ, আমিষ খেরে খাওয়া ওয়? কুন সপ্তাহে খাওয়া লাগে?",দফরে ে া আবিষ্ আবিষ্কারে হয় কুপা
test_habiganj_0028.wav,habiganj,"নির্মল থাকে। পূজা-টুজা দিতেও বালো ওয়। নিয়ম কিন্তু নিরামিষ খাইয়াওই দেওন। নিরামিষ খাইয়া দিলেওই বালা। আমরা তো মাসের মাইঝে দুইটা এখাদশী খরি। ইটার মাইঝে একদিন তো উফাস থাকি সারা দিন। ফল-উল খাইয়া খরি। এরফরে ফরের দিন নিরামিষ খাই। এরফরে আবার এমনেও পূজা-উজা ওইলে, আরো খতো পূজা-উজা আছে নানি? ইতাতো উফাস থাইক্কা, নিরামিষ খাইয়া পূজা দেওন লাগে।",ির্মল তাহে পূজাতি জাদৃতীয় বালত নিয়ম কিন দুনিরা মি্কা়যইতে ওন এনা মিকাইয়াদিলির বলা আমরা তো মাসের মার যে দুইটা একাদুষী করে ডারমাই যে একদিন তো উপাস থাকেই সারা দিন ফলুল ভাইয়া ওরি এখরো পরেদিন নিরা মিষ্কায় সরে আবার এমনিও ফুজোগযাওইলে আরো কত পুযোগ যাআছেনা নিতা ত উপাস্তাই কযানিরা মিশকাইয়া খোঁজাতে লাগে
test_habiganj_0029.wav,habiganj,"ইতার লাইগগা আমরা দুপ জ্বালাইয়া, পবিত্রতার লাইগগা দুপ জ্বালাই। জ্বালাইয়া আমরা পূজা খরি।",আমরা দুরজ্বালাইয়া পবিত্র তাল্লাইযা ভুপজ্বালাইচালাইয়া আমরা বাল
test_habiganj_0030.wav,habiganj,"ইখানো দেন আইছো উটেল, উস্টেলের মাদে, তুমার দর্মীয় বা দর্মীয় খাজ ইতা ফালোন খরতে, দর্মীয় খাম-খাজ খরতে তুমার ওতো অসুবিদা লাগে নাতা? তেমন কুনু অসুবিদা লাগে না। এরফরেওত্তো ফুরা-ফুরিবাবে খরি না, খরতাম ফারিও না।",এখারাডেল াইসউঠে অস্ট্রেলিয়ার মাধে তোবার দৈর্ভীয় ওদৈর্ভীয় হাঁস এটা পালন করতে দৈলয হাফহাস করতে এতবারও ত অসুবিধা লাগে না তাঁর তেমন কোনো অসুবিধা লাগে না এরওত পুরাপুরিধভাবে পরিনা কমতাম পারিও না
test_habiganj_0031.wav,habiganj,"ওই যে আমার ফডু যে, সেল্ফ নাই, সেল্ফ ছাড়া, এরফরে সেল্ফ থাকলেওই কিতা? সেল্ফের মাইজে যদি আমার ফেঁয়াইজ-রসুন রাখি, এরফরে, এরফরে খাই যে, ইতা জুটা থাল-বাসন রাখি তাইলে কিন্তু আমরা ফডু রাখোন নিয়ম না। ফডুটাইন ইতা পবিত্র জায়গাত রাখোন লাগে। এখন আমি কিতা খরমু? জানালের সাইডে কুনুমতে রাখছি। রাইক্কা",আার পবু যেফো তেলফনাই সেলসার রসেয়াস থাকলেও কিতা সেলফেরমিজের যদি আমার টেপিআইজরশুন রাকই যএরে হাই যেইটাঁর জুটা তালবাসন্রা কিতা লি খিন্তু আমরা ফরুরাহন নিয়ম না ফডু উটাইন এটা পবিত্র জায়গা তামন লাগে হন আমি কিতাও জানালার সাইটে কোনো মতে রাখছি
test_habiganj_0032.wav,habiganj,"জানালার মাইজে রাখছি, ওখন ইখানোই একটু ইয়ো খরি। আবার মালা-টালা জফি। কিন্তু ফুরা-ফুরিবাবে খরা ওয় না। বাড়িত থাকতে যেমন খরতাম এমন, এমনবাবে কিন্তু খরতাম ফারি না।",ন ইকানোই একটুইওপরই আবার মালাটালা জপি কিন্তু ফুরা পুরিভাবে করা হয় না বাড়িত তাকতে যেমন ঘতাদ এমন কিনএমনভাবেই কিন্তু করতাম পারি
test_habiganj_0033.wav,habiganj,"আচ্ছা, তুমার রান্না-টান্না নিয়ে এখন খওছান, কিতা খরতা ফারো?",আছাতুমার গাঙ্গাটন্না নিয়া এহন গোলসানবিতা
test_habiganj_0034.wav,habiganj,"তুমি রান্না-টান্না খরতে বালা ফাওনি? আমি তো ছুটু থাকতেত থিকাওই খালি ছাইতাম রানতাম, রানতাম। ওখন আমার মা বেশি ছুটু থাকতে দিতো না। সিক্সো থাকতে তো আমি ছাইতাম খালি রানতাম, রানতাম। ওখন আমার মায় দিতো না। খয়, 'তুই আত-উত ফুইড়া-উইড়া মরবে। আর রান্দাত গিয়া আমার লিগা আরও দৈব বাড়াইবে'। কিন্তু আমি ছাইতাম, খালি রানতাম, রানতাম। এরফর ইতা খরতে, খরতে মা যে রানতো আমি খালি বইয়া, বইয়া দেখতাম।",হরতে লা নে আমি তো চুরদাকেতিকী খালি চাইতাম রানদামরানতা হন আমার মাঝ বেশি চুরতাকতে দিত না শিক্স থাকতে তো আমি চাইতাম হালি রামতানরনতা ন রমার দিতে ন হয় তুই আঁতু ফুঁরেউইরা মরবে রানদাদগিয়ে আমা লেগে আরও দুই বাড়াইবে কিন্তু আমি চাইতামহাি রামতামরাদা এরফ ইতা হ়ত তেমা যে রান তো আমি হালি বয়ে হইয়া দেখতাম
test_habiganj_0035.wav,habiganj,"আমার যে বাল্লাগতো। মনে মনে খইতাম, আমি যদি রানতা ফারতাম! কুন দিন যে আমি রানতা ফারমু! এরফর ইতা খরতে, খরতে, দেখতে, দেখতে এরফরে আমি, ওখন আমি, বুঝা যায় যে, আমি না রাইন্দাওই দেখা যায়, মা যেতা যেতা রান্দে আমি ইতা রানতা ফারমু। এরফরে মারে আমি একদিন খই, 'মা আমি রানমুওই গো'। ইসমো মনোয় আমি",লাত মনে মনে হইতা আমি চুদির আনতহা উন দিন যে আমিল আন্দোলন এরফরএই তা হরতারতে দেখতে দেখতে একবরে আমি আমি বুঝা যায় জে আমিনারাইন দুই দে ফাজায় মা র্যাতা দে তার আন্দে আমি তারা আন্তেপার ফলে মারে আমি একদিন কৈ মা আমিরা নইগব সমন আমি
test_habiganj_0036.wav,habiganj,"সেভেনো মনোয় ফড়ি। আমি খই, 'মা আমি আজকে রানমু'। এরফরে আমি কিতা জানি রানছি, আমি ইয়ো রানছিলাম, ডিম বাজি খরছিলাম আর শুটকি তরখারি রানছিলাম।",সেবেওমনয় ফরি মোহলমা আমিয আজকেরান মুয়ে করে আমি হতা জানি রাঞছি আমি রাঞছিলাম ডিম্বা জিবর্সিলা মার সুপকি দোরহারি রানছিলাম
test_habiganj_0037.wav,habiganj,"আমি খই, না, আমি খই দিলাম লবণ? এরফরে খয়, 'যা, তোরে দিয়া আর মাংস রান্দাইতাম না। তুই আজকে তরখারিটাওই বাদ খরছোছ'। ইতাওই",আমি হই না আমি কই দিলাম লব লে খয়জা তরে দিয়ার মানসর আমদেতানাটিয়াসকেতো হাইড্রির বাদকারসেল তেওই
test_habiganj_0038.wav,habiganj,"আমার এক বইনে আছিলো। আমার বইনে কি খরতো <> একান্নবর্তী ফরিবারে দেইক্কা বালো খইরা রান্না খরতো ফাস্টের দিকে, এরফরে সবাই পশংসা খরতো। ফরে দেখা যায় নিজের উফ্রে ওখোল ঝামেলা আইয়া ফড়ে। এরফরে কিতা খরছে, একদিন তরখারি, এরফর থিকা তরখারিতে বেশি বেশি ঝুল দিয়া রাখতো, যাতে বেশি মজা না লাগে।",আর এক বই নে আাছিল রবৈনিকিকরত সযে একান্নগটী পরিবারের দিকে বালো ঘুরে রান্না করতো ফাষ্টের দিকে পরে সবাই পশংসা করতে করে দেখা যায় নিজেদের অগল জামেলাআয়াবৈরে এরপরে গীতাঘরছে একদিন তরকারে এরপর থেকে দরকারিতে বেশি বিশি জুল দিয়া রাতম যাতে বেশী ময়জানা লাগে
test_habiganj_0039.wav,habiganj,"তো ঝুল দিয়া রাখতো, ফানি বেশি দেলাইতো। দিয়া এরফরে দেখা যায়, ফানসা, ফানসা লাগে। এরফর থিকা আর সবাই খয়, এতো ফানসা তরখারি, ইতা খাইতাম না, মজা না।",ত জবুলদিয়ারা পানি বেশি দেলাইতো েহ রে ৫ানসবাসাল আগে এরপর দিকে আয় সবাই কয়ে এত ফানসতরকারী দেখাইতামোজানা
test_habiganj_0040.wav,habiganj,"এরফর থিকা আর তেমন মজা-উজা লাগে না। ওয়, আমারও একটা স্ববাব আর কেউ বেশি ঝামেলা লাগে না আমি কিতা খরি, তরখারি বালা খইরা বাজমু-উজমু, সব খরমু। খইরা-উইরা আমার ইটা একটা স্ববাব টিকোই, মা কিন্তু ফানি-উনি খম দেয়। আমি কিন্তু তরখারিত ফানি বেশি দিলাই। সবতা খরমু, ঠিক আছে। লাস্টে দিয়া এমন ফানি দেই, ফানি দিয়া তরখারি একবারে বারোটা বাইজ্জা যায়গা আর তরখারিও বেশি জ্বাল দিতে দিতে একবারে তরখারি গলাইলাই।",মি তাহি তখারি বালাইরা বাজমুজ মুসক করমো কইরাইরা আমার ইডা একটা স্বাবটিই মা কিন্তু ফানিও নি কম দেয় আমি কিন্তু তো হাইদ পানি বেশি দেলা সপ্ত হর মডিগাছে লাস্টে দি এমন কানি দেই পানি দিয়ে তরহার একবারে রিয়ার বেশি জাল দিতা দিতে একবারে
test_habiganj_0041.wav,habiganj,"ইতারে, বাই-বইনরে ফড়ানি জীবনো সম্ভব না। অইন্যতা ফড়াইতে ফারমু। অইন্যতারে, আমার মা তো খয়, 'তুই দি অইন্যতারে ফড়াছ কি বালা খইরা! আর ইতারে ফড়াইতে ওইলেই তোর, তোর জ্বালা-যন্তরোণা বাইড়া যায়গা। নিজের বাই-বইনের ফতি একটু খেয়াল নাই'। ইতারে আমি কিতা ফড়াইতাম! ইতার খতা উনলেই আমার রাগ উইট্টা যায়গা। খই একটা, বুঝে আরেকটা। এমন রাগ উডে!",বাইবন্ডে ফরা নিজীবওসম্ভব না অন্যতাফরাই ধর্ম অন্যতারে আমার মাত প় তৃতিয় ন্যতারে ফরাস্কি বালা হযইাড়ি তবারে ফরাইতলিতর তর জ্লাযন্ত্র না বইরা জাযগা নিজের বাইবযুনের ভিতিবুকি আলনাই ইতারেফ আমি কিতা পরাই তামিতার ফতাউনলে আমারাগউদ্তেজেরা কই একটা বুঝে আরেকতা এমন ্রাগুডে
test_habiganj_0042.wav,habiganj,"বাপ-মার সব ফরামর্শ বা যেটা বাপ-মায় মতামত, সবগুলা বালা লাগেনি?",বাকমার সক পরাবসয া যেটা মতামত সবগুলা য়ালা লাগেনি
test_habiganj_0043.wav,habiganj,"বেশিরবাগওই বালা লাগে, কিন্তু এর মাইঝেও আছে একটা, দুইটা বাল্লাগে না। বাল্লাগে বেশিরবাগওই। কিন্তু ওই যে, মুবাইল লইয়া যে বইয়া থাকি, ইতা লইয়া যে বখে-উখে ইতা ইটাইন উনলেওই খালি মনে ওয় যে, না, বালা না।",বেশিরভাগই বালা লাগে কিন্তু এয়ার মাইডো আছে একটা দুইডা বাল লাগেনা বাংলা যে বেশিরভাগই কিন্তু ওইদে মুবাইল লুইয়া যে বইয়ে তাহে তালাইয়া যে বোরখায়ু হে ইতাল ইডাইন উংলেওই খালি মনয় যে না বালানা
test_habiganj_0044.wav,habiganj,"বাল্লাগে না। তুমার এমন কুনু খাজ আছেনি, ধরো যা ফুন বাদে, ফুন বাদে অন্য কুনু খাজের মদ্যে বাবা-মায় বাদা দিছে বা বাই-বইনে বাদা দেয়? আর ইসময় বাদা দিলে বা কেমন লাগে বা কিতা খরো?",ধুমারে এমন কোনো হায়রাজাফুনবাদে সুনবারদে অন্য কোনো হাজেরবাদে বাওযবামা বাদা দিসে া বাইবুনে বাধা দেয় আর এসময় বাদা দিলে বা কেমন লাগে বাকিতা হর
test_habiganj_0045.wav,habiganj,"না, গাছ লাগানিও আমারও বালোই লাগে। তো গাছ লাগানির লাইগগা বখা-উখা খাইছি না। কিন্তু আমি কিতা খরমু, গাছ তো আমার আতে ওয়ওই না। কুনু গাছওই ওয় না। গাছ লাগাইলেওই ইতা বালা খইরা ওয় না। খয়দিন দেখা যায় একটু বড়ো ওয়, ফরেওই আবার ইতা ইয়ো ওইয়া যায়গা। আমার আতে গাছ-উছ ওয় না।",গাছ লাগানি আমারও ভালোই লাগে গাছ লাগানে লেগে বোহআইছ না তো আমি তিতাখমুখ গাছ তমারাতে ওইনা কোনো গাছই হয় না গাছ লাগাইলে ঐই টা ালা হইডে হয়না ওইদিন দে হাজা একটু বড় ফরুই আবারযভারে ়
test_habiganj_0046.wav,habiganj,"বই কিন্না-উন্না বেশি ফড়ছি না। খতোটুকু বই কিনা ওইছে? না, খয়টা বই কিনা আছে? কিনছি না একটাও। আমারে গিফট খরছিল আমার বাইয়েরা। ইতাওই ফড়ছি। নিজে কিনছি না। আর লাইবেরিত থিকা আইন্না-উইন্না ফড়তাম ইতাওই। নিজে কিন্না-উইন্না বেশি ফড়া-উড়া ওইছে না।",ইকিংনামরা বেশি ঘবই গিডা য়েছ কয়নাহই কিদা আছে কিনসি না একটা আমার গিফট করছি আমার বাহেরা ইঁদাওই পরসি নিজে ঘিনছি না আরলাইব্রতিকে আইনের নেয পর্তা আমিতাওই নিজে কিন্নেমনা বেশি বরও রয়েছে
test_habiganj_0047.wav,habiganj,"মানুষরে গিফট দিতে বালা লাগেনি? মানুষরে গিফট দিতে বালোই লাগে। দেই, দিছিও। যেমন, সামর্থ্য অনুযায়ী দিছি। গিফট দিতে অনেক বাল্লাগে।",বারিসরের গিফট দিতে বালা লাগেলে মানুষে গিফ দিতে বালুই লাগে দেইডিসিও যেমন অসামর্থ্য অনুযায়ী বিযি গিফদিতে অনেক বাল লাগে
test_habiganj_0048.wav,habiganj,"কী কী গিফট ফাইছো? আমি গিফট ফাইছি, ছুড়ি পাইছি, খানের ফাইছি, এরফরে জামা দিছে, এরফরে এই কিতা আছে না? ফুতুল আছে না? ছুটু থাকতে আমারে ফুতুল দিতো বেশি। খাচের ফুতুল।",চিকি গিফট ভাইসআমি গিফটফাইসেসে সুরি ভাইসি খানের াইসিজামা দিতে এরেফুতুল আসেনাচি তাকে আমারে ফুতুল দিত বেশি খাসের ফুতুল
test_habiganj_0049.wav,habiganj,"ইতাওই ফাইছি। মগ, মগ, ফ্লেইট-উইটও ফাইছি খতোতই। বই-টইও ফাইছি। দুই-তিনডা বই ফাইছি। আমার বাইয়ে দিছিল।",ইতাউি ফাইসিমোখ মোক্লেইডউডোফাইসি অতই বইিটোরি ও ফাইসি দু দিন নেবলফাইসি আমার বাইএভিসি
test_habiganj_0050.wav,habiganj,"সন্দ্যার ফরে ওইছে আমরা ফ্রতম তো প্রদীপ জ্বালাই, দুপ জ্বালাই। জ্বালাইয়া শাইরা ফ্রতম আজানের ফরওই ইটা ফদ্রীপ আর দুপ জ্বালাইয়া, দুপ বাতি যেটা খয়, দুপ বাতি দেখাই। দেখাইয়া ফরে আবার ওই দুফোরের মতোই। আগে তো দুফোরে একটু পূজা দিলে আমরা একটু অইন্য দরণের প্রসাদ-টসাদ দেই। দুপ দেই আর সন্দ্যার ফরে ওইছে হালকা, সন্দ্যার ফরে আমরা যেমন হালকা নাস্তা খাই, এমন আমরা পূজা দিলেও হালকা খিছু, খিছু দিয়া পূজা-উজা দেই। এরফরে",সন্যা পর ছে আমরার প্রথনতো প্রদীপ জ্বালায় দুরজ্বালায় জ্বালাই সেরা প্রথম আজানের পুরই পদিবার সিজ্যালয়ের দুপাটি জেটা বর দুপাতি দেহয় দেহাইয়া পরে আবার ওই দুফোরের মতোই আগেতোদুফোরে একটু সুজাদলে আমরা এটুন ন ধরনের পশারটার সাথই গদে রসন্ধ্যা পরে এেসে হালকা সন্ধ্যা পরে এস আমরাজেমং হালকানাস্তাহাই এমন অমরাপর জাতিলেও ািদি আফযাওজাতে
test_habiganj_0051.wav,habiganj,"আমরার দর্মীয় বই-টই আছে, ইতা ফড়ি। এরফরে পার্থনা-উর্থনা খরি, গান-উন গাই। গাইয়া তে",ধর্মীয় বৈটই আছে ইতাফ়ি র প্রার্তনা তনা করি গানওন গায় গাইয়া তে
test_habiganj_0052.wav,habiganj,"নিরামিষ, আমরা নিরামিষ, আমরার অনেকেই আছে যে নিরামিষ খায় ন। কিন্তু অনেকেই খায়। নিরামিষ খাওনডাওই নিয়ম। নিরামিষটা খাইলে আমরার মাইঝে মনে ওয় যে একটা পবিত্রতা আয়। মাছ, মাংস তো ইগুলা, আমরা যে মাংস খাই, একটা তো জীবরে মাইরা, ওত্যা খইরা শাইরা আমরা মাংসডা খাই। ইতার লাইগগা আমরা মাংসডা খাওন ওতোডা কিতা ওয় না। কিন্তু যদি শাক-সবজি, নিরামিষ জিনিস খাই ইতা, ইতা তো উদ্বিদ। ইতা, ইতার লিগা একটু ফবিত্র। মানে ইতা খাইলে",নিরা মিঃআমরার অনেকেই আছে যে নিরা মেস খায়না কিন্তু অনেকেই খায নির মিঃখারণ দৈনিয় নিয়েরা মিষটা খাইলে আমরা মাঝে মনওয় যে একটা পবিত্রতায় মাঝ মাংস তো এগুলাআমরা যে মানস হাই এটা তো জীবড়ে মাইরা অত্যা খইরিয়াসেরি আমরা মানসটা খা় তাল লেখে আমরার মানসটা খাও়ন অতটা কিতা হয়না কিন্তু যদি শাকসুব জিনি না মজিনিস খা়টা তো ইটাত উদভিদিতা ইতালেগে একটু পবিত্র মনে এাই
test_habiganj_0053.wav,habiganj,ফরে একটু ফবিত্র ওয়া যায়। মন-ফ্রানও বালা থাকে।,পর একটি পবিত্র হয়া যায় মনপ্রান ও বালা তাকে
test_habiganj_0054.wav,habiganj,"<> পূজা দেওয়ার সময় তুলসি, দুফ কেরে জ্বালানি ওয়? দুফ কেরে জ্বালাও? দুফ তো ইটা একটা সুগন্দ, ইটার মদ্যে একটা সুবাস থাকে না? ই সুবাসে একটা নির্মল একটা পরিবেশ সৃষ্টি ওয়, যাতে আমরার যে পার্থনাটা খরি, পরিবেশটা যাতে মানে, কুনু কিচ্ছু বালা সুবাস ফাইলে দেইক্কইন মনডাও বালাওই যায়গা। ফুলের একটা সুন্দর সুবাসে আফনার মনডা যেমন বালা ওয়, এমন একটা আগরবাতি বা কুনু দুফের একটা সুবাসেও মনডা বালওয়, পবিত্র ওয়।",য়পজার দেওয়াসহতদূসকেলে জ্বালালির দুফ্কিরা জ্ালাদুপত এটা একটা সবন্দৈইধানে দেকটা সুভ আস্তা খানা সুব আসে একটা নির্মূল একটা পরিবেশ সৃষ্টি হয় যাতে আমরা যে পার্থনটা পরি পরিবেশটার যাতে নেকমানে কোনো কিছু বাংলার শভাস ফাইলে দিকুইন মন্ডাও ভা়য়ে যায়গা ফুলের একটা সুন্দর শুভ াসি আপনার মন ডা জীমন বালয় এমন একটা আগরবাতি বা দুফের একটা সুভ সেও মন বা ভালো পবিত্র
test_habiganj_0055.wav,habiganj,"মা সবতা দেখাই-উখাই দিছিল। এরফরে খইছে বলে বালোই ওইছে। এরফর থিকা আমরা বাড়ির মাইঝে ওখন আমার আতের শুটকি তরখারি যে বালা ওইছে, ওখন মা খয়, 'তুই, তুই শুটকির তরখারি রান। আমার থিকা তুই বালা খইরা রানতা ফারোছ'। এরফরে, এরফরে ইতা খরতে, খরতেওই আস্তে, আস্তে ওখন মা, মা যেতা, যেতা রান্দে ওখন আমি দেখা যায় আস্তে, আস্তে সবওই ফারি রানতাম। এরফরে ওখন আর কিতা খইমু? ওখন, ওখন রানতাম, রানতাম কইয়া শাইরা ওখন আমি এমন ঝামেলাত ফরছি। ওখন দেখা",মাসক্তা দেহাইু হয় দিচি র খইসে বলে বালুইছে র দিকে আমরা বাড়িে যন মারাতে শুটকি তো হার যে ভালোইচে অহন মার হ়তুই ৬ি দহারি রান মারটিকাতুই বালাহুজার আন্তএরে ইতা হরতে হরতে ওই আস্তে আছতে অনমামা যে তাদে তার আনে হনার নিডে হাজা আস্তে আতে সবই ভারি রানতাম খন আর কিটা খ মুখন অখন লরানতামরান তাও কইয়াছেই যখন আমি এমন জামেলা তোরসি এহন দে হা
test_habiganj_0056.wav,habiganj,"দেখা যায়, মা খালি খয়, 'তুইওই রান। তুইওই রান'। ওখন দেখা যায়, যদি মুরুগ-উরুগ আনে, একদিন মুরুগ আনছিলো, আমি, আমারে দিয়া মা রান্দাইছিল। মা খাছে থাইক্কা, আমি লাড়া-উড়া দিছি। ওখন বলে তরখারি ওতো মজা ওইছে, ওখন সবাই খালি খয়, 'মার থিকা তোর মজা ওইছে। ওখন তুইওই রানবে'। ওখন মুরুগ-উরুগ আনলে আমি এমন যন্ত্রণাত ফড়ি, খালি আমারে দিয়াওই রান্দায়। ওখন তো আমি এমন বিফদো ফড়ছি, আমি খই, ওখন একদিন আমার এমন বাজে খইরা রান্দন লাগবো যাতে আমারে দিয়া আর না রান্দায়। এরফরে আমি কিতা",মাখালি হয় তৈরিরান তৈরান তহন দেহা যায় যদি মৌরুগুরু গানে একদিন মূর গান ছিলাম আমি আমার দিয়ে মার আন্ডাইচিল মা হাসে থাকে আমি লারাওগা দিচি নবলে তর খারি অত্ মহজা ঐইছে কহন সবাই হালি খয় তোমার দিকে তর মজাইছে ন তৈরিরানবে অনমরুগুরো গানলে আমি এমন যন্ত্রনাত করি হালিযা আমার দিয়েওই রাম্দায় তহন ত আমি এমন বিপদ্য করছি আমি কই অহন একদিন আমার এমন বাজে হইরা রাম্নাল লাগব যাতে মর দিয এশভরে আমি পিতা খর
test_habiganj_0057.wav,habiganj,"একদিন এমন লবণ দিছি! একটু বেশিওই দিছি, কিন্তু ওতো বেশিও না। কিন্তু লবণডা বেশি ওইছে। ইতার লাইগগা আমার বাবা খয়, 'ডেলি তো তুই খতো বালা খইরা রান্দোছ। আজকে তুই কেরে ওতো লবণ দিলে? তোর মা কিতা লবণ দিয়া দিছে?' আমি খই, 'মাওত্তোই দিছে লবণ। আমি তো আর লবণ দিছি না। আমি আর কুন সময় লবণ দিলাম?' আর আমি ইখান দা ফাঁকে দিয়া একটু লবণ দিছলাম বেশিওই। আমি খই, আজকে একটু লবণ যদি বেশি দেই, তাইলে তো আমারে দিয়া আর রান্দাইতো না। আমার ওখন আর মজা বুইজ্জা লাইছি। আমার আর রানতে-উনতে আর বাল্লাগে না। এরফর",এদিন এমন লন দিসি একটু বেশিওই ডিসি কিন্তু অত বেশি ও না কিন্তু লগনডা বেশে সে ইতালিকে আমার বাবা হয় ডেল্লিত তুই কত বালাহিরের আমদাস আজকে তুইকেরে অতলবন দিলে তার মাকি তেলবন দিয়া দিছেই মি হোই মাহত দি সেলবন আমি তো আল ্লবন দিসি না আমি আর খুন সৌলবন দিলাম আর ামি হেন্দা ফাঁহে দিয়ে একটু লবণ দইসলাম বেশি ওই হইড আজকে একটু লবণ যদি বেশি দেই তেলে তো আমার দি আরান্দা়িত না আমার ওহন মজা উইজ্জাহইসি আমারা রানতেনতে আর এর ফলে
test_habiganj_0058.wav,habiganj,"থিকা মা খয়, খয়, 'আমি তো লবণ টিকওই দিলাম। ই লবণওত্তোই ওইছিল। তুই মনোয় মাইজে লবণ দিছোছ। তোরে দিয়া দেইক্কা ওখন বেশি বেশি রান্দাই'।",আমা হয় ফর আমি তো লোবনটি কইদিলা আমি ইিলবনে তৈছি দুইমন্য মাইজের লবণ বিস্তরে দিয়া দিকেহন বেশে বেশি রানদাই
test_habiganj_0059.wav,habiganj,"ছুটু বাই-বইন আছেনি? আমিওত্তোই বড়ো। আমার সব বাই-বইনওই ছুডু। ইতা জ্বালায়নি? ইশ! ইতা তো আর ইতার খতা কিতা খইমু? আমারে তো খালি আমার ছুডু, ছুডুডায় খালি আমারে ডাখে, বড়দি খইয়া। আর আমার ফরের দুইওডায় যে ইতা তো আমারে ডাখেওই না। ইতা তো তুই, তুই খইরা ডাখে। দেখা যায় ইতাওই বড়ো। আমি আর কিতা খইমু! আমার বইনডারে যদি একটা দেই, আমারে দশটা দেয়। আর ছুডু বাইটা, মাইজলা বাই, আমার ফরেরটা, আমার দুইনাম্বার বাইটা আবার কিচ্ছু খরে না। একটু বদ্র-সদ্রই আছে।",মিতি বড় আমার সবাইবনিচুটু এটাইশ ইতাতআলতাখাতা কিঁতা য় মারএ তো খালি আমার সুটোর সুডোডা খালি আমার ডাহা বরদি হইয়ে আর মার ফরে দু ওডায় চাই তাতো আমারে ডাখাউইনি তেত তুইতি হইরে ডাহে দেহা যাইটাওই বড় মেয়ারকিতাআমার বোইন্ডারে যদি একটাদে় আমারা দশটা দেয ার সুটোমাইজলাবাই আমার রেটা আমার দুই নম্বার বাইডা আমার কিছু করে না একটু বদ্রস্যব দরিয়াতে
test_habiganj_0060.wav,habiganj,কিন্তু ছুডু দুইওটা ওতো শয়তান! ইতারে একটা দিলে দশটা দিবো। আর আমার ছুডু বাইটা তো আমারে,ুটোদুইয়েড আউতাশয় তানি তারে একটা দিলে ১শ চা দিব আর আমার সুটুকাই ডেত আমারের
test_habiganj_0061.wav,habiganj,"চুলো দইরা বইয়া থাকে। যদি কুছতা, কুছতা খই, থাফা দেই তইলে চুলো দইরা লইটকা থাকে। এমন অবস্থা, এমন খরে, শাসন কিতা খরতায়, এরাওই দেখা যায় বড়ো। এরারে একটা খতা খইয়াও ইয়ো খরোন যায় না। এরারে ফড়াত বয়াইতে নিয়া গেলে ফরে কেমন মানে? আর ফড়াত বয়াইলে তো আমি শেষ। আমার আতো তো ফিডা খাইতে, খাইতে শেষ। ফড়াত বইলে আবার মা থাকে খাছে। আমারে আবার ওতো, আমার উফ্রে আত-উত তুলে না। কিন্তু এমনে ডংয়ে-ডাং, এমনে যে সময় আমরা ডং-ডাং খরি যদি",লদইরা বুইয়ে তাহে যদি ুস্া কোসাখই তাখাদে লট অবস্থাএমন রেশা সমকিতা কর তাই এড়াওউদে হাজার বড় এড়াত একটা ফতাবও ফরাদবয়টেিফরাত বয়ালে তো আমিশেষ আমার এত ফিডে হইতাইতেছেস ফরাট বইলে আবার মা তাহের হাতে আমারে আবার তো আমর ফ্রাতউত তুলে না কিন্তু এমনে ডোঙ্গেনা এমনে দেশে আমরা ডোঙ্নাঙ করি যি
test_habiganj_0062.wav,habiganj,ফিডা দিতে ওইলে আমারে আইয়া উইল্লা দরে। কিন্তু ফড়াত বইলে ফরে আমি ইচ্ছামতে ফিটতে ফারি। মা থাকে সামনে। কিন্তু ইতারে কিতা ফড়াইতাম! আমার তো রাগ উইট্টা যাগা।,আমারে আইয়াউল্যাহ দরে কিন্তু ফরাক বইলে ভরে আমিরযা মধ্যে পিড়তে পারি মা দাহের সামনে কিন্তু ইতারে কিতা ফরাইতা অমারতর আগুচ্াজালা
test_habiganj_0063.wav,habiganj,"এমন কুনু খাম-খাজ খরছি না যে বাদা দিতো। মানে সব কাজওই মা-বাবারে খইয়া-উইয়াওই খরি। ওখন এরফরেও আছে নানি? যদি একদিন একটা বুল খইরা লাইছলাম। ইস্কুলো গিয়া শাইরা, কলেজো, ইস্কুলো না, কলেজো গিয়া আমার বান্দবীএরা খইছে এরা কিতাত যাইতো, মার্কেটো যাইতো। এরা বুলে জামা-উমা কিনতো। আমার খাছেও টেখা আছিল। আমি মারে না খইয়াওই একটা জামা আইন্না লাইছলাম। ওখন জামাডার দাম, আমি আইন্না লাইছি বেশি দাম দিয়া। জামাডা",এমন কোনো খামভাস করছিনা ারদোশমনে সোব কাজে মাবাবার ফৈয়েও ই পরি এয়ারফোরেও আছে নানি যদিওএকদিনে একটা বুরগুলি ইসলান স্কুলো গিয়াসিরা কলেজও স্কুলনা কলেজও গিয়া আমার বান্দবীরা এরাতার যাইতো মারকে পোজাইতো এরা বলে যামোয়াম্ম কিন্তু আমান হাতেটি হাজির আমি মা রেনা হইয়েওই এটা জামাই নালিসাম মোহনজামা ডার দা আমি ়আইনারেসি বেশি দাম দিয়া চামাডা
test_habiganj_0064.wav,habiganj,"আরও খম দাম, ইতার লাইগগা মা আমারে একটু বকছে। খয়, 'তোর ওতো বড়ো সাহস ওইয়া গেছেগা! তুই আমরারে না খইয়াওই যাছগা মার্কেডো, বান্দবী এরার সাথে! গিয়া শাইরা খাফড়-উফড় নিজে, নিজে কিন্না-উইন্না আইন্নালাছ। আমি তো ওই যে, গাছ লাগানি, বই, বই কিনা, গাছ কিনা ওইগুলার লাইগগা অনেক বখা খাইছি। বই, ফুল গাছ লাগানির লাইগগা বাড়িত যে খতো বখা খাইছি! খালি খইতো, 'ইতা কেল্লাইগগা আজাইরা গাছ লাগাছ? ইতা ইখানো লাগাছ কেরে? ইখানো লাগাছ কেরে? ইটা লাগানি লাগতো না। ইটা লাগানি লাগতো না। আর ইটা কেরে কিন্না আনছোছ?'",রও কম নামি তালয়া মামারি একটি বক্সের পয়তা রত বরষা অসয়েগছেরা বি়মেরায না হয়ে ওই জাঁত গা মার্কেডাও বান্দবিয়ার সাথে গিয়াছিরা আাপু়পনি দে়নি যে কিাই না লাছ দাবিতো যে গাছ লাগা নি বইবই কিনা গাছ িগুলার লেগে অনেক ঘ হইছি বইফুলগাছ লাগা় লেগে বাড়িাল খৈতইদেখেলগে আজেইরা গাছ লাছ ইাোছে াছকে িটে লাগা লাগত াতে লান েকেটে কিডনাট জস
test_habiganj_0065.wav,habiganj,"ইতা ওই সিক্স, সেবেন, এইটো থাকতে আগে খালি তুকাইয়া তুকাইয়া বার খরতাম, আনন্দফাট, এরফরে বাংলা, ইতা-ইতা। কুন বইয়ের মাইঝে গল্প আছে। ইতা তো তুকাইয়া, তুকাইয়া সব ফইড়া লাইতাম। আর এমনেও ফড়ি গল্ফের বই। আর ওখন তো মুবাইল আইছে পর থিকা মুবাইলের মাইঝে খতো গল্ফ দেয়। মুবাইলের গল্ফও বালা লাগে, ফড়ি। খয়দিন আগে, আমরার ফরীক্ষার আগে মুবাইলের গল্ফ এমন নিশা ওইছিল। বই খালি গল্ফের বই কিনা বাল্লাগে না?",ওইসিসেভেনেইটো তাকে আগে হালি তুকা় তুকে বা়িহর তাম আন্দ পন তরে বাংলাই তাই তাকুন বইয়ের মেঝে গল্প আছে যতুক এতুক সপরিকতাম রেমনেও ফরই গল্পের বই আরখষন তমোবাইল আইসে বরদিকামোবাইলিমাচে ফত গল্প দেয় মোবাইলের গল্প বার লাগিয়ে করি ও দিন আগে আমরার করীক্ষার আগে মোবাইলের গল্প এমন নিশা ঐসি গোয়েলভর গই কিনাগল্লাযেদার
test_habiganj_0066.wav,habiganj,"কিন্তু আমার বালোই লাগে। ফুল-উল, বেশিরবাগ ফুল গাছ আমার বাল্লাগে।",তোমার বালই লাগে ফুলুর বেশিরভাগ ফুল গাছআমার বাল লাগে
test_habiganj_0067.wav,habiganj,"টান থাকলে টিকওই বাষা চেইঞ্জ ওয় না। যেমন, সিলেটের আলাদা একটা, বাষার একটা টান আছে। <> আচ্ছা, আমাদের হবিগঞ্জ, হবিগঞ্জের মদ্যে প্রাইবেট হসপিটাল খয়টা আছে জানো?",ােআছা আমাদর হন হবীন্দ্রপ্রাইভেট হসপিটাল হয়টা
test_habiganj_0068.wav,habiganj,"চাঁদের হাসি আছে, তারফর মুন হসপিটাল আছে, তারফর ফাইয়াজ আছে এখন। প্রায় সাত, আটটা ওইবো। সূর্যের হাসি আছে, তারফর ওই আরেকটা আছে কিতা বদরুন, বদরুন্নেসা আছে। বদরুন্নেসা",েতাখন ম হসপিটাল আছে তাকে পাইয়া যাছে এখন প্রায় ৭টগ সুটে আসে তাখর করি আরেকাছে িাদসুটুনের কাছে দ
test_habiganj_0069.wav,habiganj,"হায়দার আলী, বদরুন্নেসা দুইটা। বদরুন্নেসা কুন দিকে? ওইটা ওইলো গিয়া কিতাত ফড়ছে, ওই যে, অনামিকা সেন্টার আছে না? অনামিকা সেন্টারের ইসাইডে আরও। ও আচ্ছা! অনামিকা না। দেখি ইটা কুন সাইডে ফড়ছে। ওই যে",টাউকবদ্রলা চাকন দিগে ঐডেরলেগিে তা শরছে ে অামিােন্ট্রালে ওছাে
test_habiganj_0070.wav,habiganj,"ওইটা ওইলো গিয়া, না, না, না, আরও ইদারো। খও। অনামিকার দারোই। অনামিকা ফার ওইয়া আর একটু ইসাইডে একটা দুই, একটা বাসার মতোই গলি। বেশি বড়ো না, না? উম, তিন তালাত <> ওয় আরকি। দুই, তিন তালাত।",অনামিকার দার ওনামিকে ফারুইয়া একটুসেডে এা টাপাসার মতোবেশি বড় লাডা তিনতালারছি জা
test_habiganj_0071.wav,habiganj,"বড়োও না, আবার একবারে ছুটুও না। আছে মোটামুটি। মেইন রৌডও কয়টা, কিতা, কিতা আছে হাসপাতালের <>। চাঁদের হাসি, সূর্যের না, চাঁদের হাসি তারফর ইদিকে ওইলো গিয়া সিনজি স্ট্যান থিকা বাইর আরও, সিনজি স্ট্যানের আরেকটু ইদারো, মানে একবারে সিনজি স্ট্যান থিকা আরও ইসাইডে আরকি <>",ব় অনামরিক বরে চুটু বেলোডা হােজারা সিয়ে সূর্যনাচাঁদেরা আসিে দিকে লুগে ছেন ডিস্টেন্দিকে ব আরোই এসিন্ডিস্টেনে দার মানে একবারেচিন ডিস্টেম থিকে আ
test_habiganj_0072.wav,habiganj,"মুন হসপিটালটা ওখন বত্তমানে বালা। তারফর ওইলো গিয়া ফাইয়াজ, বাস স্ট্যান, নতুন বাসস্ট্যান। তারফর ফাইয়াজের ফর ওইলো গিয়া আরেকটা আছে, ইটার নামটা বুইল্লা গেছিগা। ফাইয়াজ, আরেকটা ওইলো গিয়া কিতা জানি, বদরুন",মূল হসপিটালটা ১ক রতমানে বালা অ্যাপলেযাফাইয়াজ বারস্ট্যানড ধম ব্যাস্ট্যান তারপর ফাইয়াজের ঘরে ডেগে আরেকটা আসে নানটা কাইয়াজ েবদর
test_habiganj_0073.wav,habiganj,"আগে যদি জানতাম তে তো ইতা শিখতা ফারলাম নে। হ্যাঁ, আমরা খেরে যে আগে, মানে ইগুলা শিখছি না! <> কিচ্ছু ওইলো না, আর আবার বাড়িত বইয়া সময় খাটে। ইখানো আইয়াও বইয়া, বইয়া সময় খাটাইতাছি।",মিতু জানতাতিতে শিখােহ্যাঁ আমরা কেলেজে আগেগ্ল্যাসে ছি
test_habiganj_0074.wav,habiganj,"উদাই, উদাই সময় নষ্ট। <> কিতা খইতাম? একেবারে জীবনটা এই যে, একবারে অলস, অলসে খাটাইতাছি আজাইরা, আজাইরা খাটাইতাছি। <>",ায়উদায় সময় নষ্ট বায়াকির কৈকিতাকৈতাম একেবারে জীবনটা এই যে একবারে অলসলেসে হারাইতেছি আজিহাতেছি
test_habiganj_0075.wav,habiganj,"<> বেতন <> ইখারণেই খইছলাম যদি ডিউটিত ঢুকতাম বালা ওইলোনে। ইটা তো, খিছু ওইলেওত্তো বালা ওইলোনে। হ্যাঁ।",ে বােরতাঘ্যানামদিএটা জ়
test_habiganj_0076.wav,habiganj,"তিন, চাইর আজার ওইলেওত্তো একটা, এখন, আচ্ছা, তুমি তো বালিকা উচ্চ বিদ্যালয়ো ফড়ছো না? হুম।",ধুনতে বালিকা উচ্চবিদ্যালয়ের ফোরসরা
test_habiganj_0077.wav,habiganj,"আবার, কিতা, মহিলা কলেজে, না, মহিলা কলেজো ফড়ছি না, কিতা শচীন্দ্র কলেজো ফড়ছি। শচীন্দ্র কলেজ <> আচ্ছা, ইখানে শচীন্দ্র কলেজটা ইটা কুন এরিয়ার মদ্যে? ইটা ওইলো গিয়া ওই যে, নবীগঞ্জ, হবিগঞ্জ রোড আছে না? ইটার",কবিতা মহিলা কলেজে সচিত্র কলেজ আছ ইকানে স্বচুত্র কলে স্টাট কুনেরিয়ার মধ্যে ডেমলিগিানবিগঞ্জ মবিগঞ্জ
test_habiganj_0078.wav,habiganj,"<> শচীন্দ্র কলেজের <> এরিয়ার খাছাখাছি, এরিয়ার সাইডে-ফাইডে এলেখার নাম কিতা? বালিখাল। তারফর ইদিকে ওইলো গিয়া আলমপুর। আলমপুর ফড়ছে।",সুচুদ্দা কলেজে এরিয়ার কাছাকাছি এরের সাইটেফাইডে এলাপিতা
test_habiganj_0079.wav,habiganj,"বাড়ি, তুমার বাড়িত থিকা খতো দূরে? বাড়িত থিকা দূর বলতে এম্নে <> ওইলো গিয়া রাস্তাটা উল্টা সাইডে ফড়ছে আমরা বাড়ির আর ইদিকে আরকি। মোটামুটি বিশ, আদা গণ্টার মতো। তারফরে",অতোয়ার বাড়ির থেকেফতদরে তেন জমিগা রাস্তাটা উলটা ছাকেমোটাুটি বিশে
test_habiganj_0080.wav,habiganj,"তুমরা খয় বাই-বোন? আমরা দুইবইন, তিন বাই। আর তুমার সিলেটের চাচার গফ খওছান। চাচা, চাচির কী অবস্থা? সিলেটের চাচি, চাচিআম্মা তো মারা গেছোইন। তাইনের লিবার ক্যান্সার আছলো।",ধআমরা২ বইন ৩বাই আর্দোবার সিলেটারালা৭াসকি অবস্থা সিলেটের শাথি এসেসেম মাতো মারা গেছেযানেলিবার কেন্দ্রে
test_habiganj_0081.wav,habiganj,"হটাৎ কইরা মারা গেছোইন। খয়েকদিন আগে খালি তাইনের বুমি ওইছে, মারা যাওয়ার আগে। তারফর তাইনের কিতা, পেটের মাইদে কিতা আছলো। খালি বুমি ওইতো। কিচ্ছু খাইতা ফারছইন না। তারফর ফনেরো দিন ফরে দরাত ফড়ছে তাইনের লিবার ক্যান্সার।",ঠাৎকুরে মারা কেছু কয়েকদিন গেহানডি তেনে ভুন নয়েসে মারা যাওয়ার আগে তার ত্যানেতা ফটেবদে িাখালি ভূন হয়েতো অখজয়তেলে তকেপনাদির করে দড়াকরতেতানেযলিবার কেন সার
test_habiganj_0082.wav,habiganj,"লিবার ক্যানসার ফরে বাস্ট, মানে মারা যাওয়ার আগে ব্লাস্ট মারছে আরকি। ওই মারা গেছোইন তাইন। আর এরা দুই, দুই বাই-বইন। তে আফু ডাক্তারি ফড়া শেষ। এখন তাইন জব খরোইন হসপিটেল। আর",লার ক্যা াসােমারা যাওয়ার এগে ্লাস্টমামা গেযরা২ ুবাইগোইনডাক্তারিমারাসে সিনুনত্ানটগ করেন চ মিসপুডেল
test_habiganj_0083.wav,habiganj,"ওইলো গিয়া দুইয়ো বাইয়ে একজনে ব্যবসা খরোইন, আরেকজন ফড়াত আছোইন এখনও। আর তুমার অন্য চাচারা কিতা খরে? আছোইন এরা বালোই। আর আছোইন আরেকজনে আমার চাচা যে তাইন ওইলো গিয়া, এরা তিন বাই। চাচা নাই, মারা গেছোইন। আর তিন বাই। তিনোজনওই ব্যবসা খরোইন।",একজনে ব্যবসা হলুন আরেকজন করা তাচেলেমনা দোগারডা সাঁসারাকে তাহলে ুসুইন রেকজন আমার সারসারটের প্যানেলেকে এরাতনাই সারসানাই মারা গেছে নাইতিানএজনই ব্যবসাকর
test_habiganj_0084.wav,habiganj,"আরেক চাচার ওইলো গিয়া তিন মেয়ে। তে তাইনের তিনো ফুরি বিয়া ওইয়া গেছিগা। আর তিন বাই। একজনে ফড়া-লেখা খরইন। আর দুই, একজনে চাখরি খরইন, আর একজনে ব্যবসা খরইন।",অ্ালেক্সাচায়ুলোগে দিন মেয়ে দোতানেরা একদিনগরিবিয়া দিসিরা আরিন বাই একজনে অযলবারনেগরোণের দুই একজন চাকদরারে আরেকজনের ব্যবসাহ ়
test_habiganj_0085.wav,habiganj,"আর তুমরা খয় বাই-বইন? আমরা দুইবইন, তিন বাই। আমিওই বড়ো। আর এরা কি, কিতা খরে? এরাও লেখা-ফড়া খরে। আমার বাই টেকনিক্যালো ফড়ে। আমার বইন ওইলো গিয়া ইবার নাইনো কিতা, ইবার মেট্টিক দিবো। না, ইবার টেনো ফড়ে।",রা হবাগ া২ বইন তিনাই র এরাকে কেতে হরে ন নে়ারা রে আমার পায়ে টেকনিকেল রে আমার বইনেিটেনা পড়ে
test_habiganj_0086.wav,habiganj,"আর ছুটু বাই এগ্লা মাদ্রাসাত ফড়ে। আর একটা ওইলো গিয়া ছুটু, নার্সারিত ফড়ে। এরা কেমন দুষ্টামি খরে? তুমার খতায় শান্তশিষ্ট না দুষ্ট? নাকি তুমার খতা-উতা শুনেনি? এরা, এরার খতা খইয়া লাভ আছে? এরা তো দুষ্টামি খরে।",এরা কেখন দুষ্টমে ঘরে সতগরখতা় সাত্তশ্রিষ্টনা আদুষ্ঠ নার কতাওে
test_habiganj_0087.wav,habiganj,"মারলে-উরলে খতা শুনে। নাইলে খতা শুনে না। <> ফড়াত বয় না, দুষ্টামি খরে। তুমার কেমন লাগে? কুন ব্রমণ বাল্লাগে?",তা শুনে নাইলেতা শুনে না েতোার কেমন লাগে কুনডরহন বাল্লাগে
test_habiganj_0088.wav,habiganj,"নৌকা ব্রমণ বাল্লাগে বেশি। কুন, কয়বার গুরাইছো? নৌকা ব্রমণো অনেকবার গেছি, অনেক সময় বেশি দেইক্কা গেছি, গুরাইছি। গুরা-গুরি এমনে তে অন্য জায়গাতে, আর কুনু জায়গাতে খরছোনি?",খয়বার গুরাইছো নৌকা ভ্রমনও অনেকবার েছি অেকেিগ্রাহরি এবনেতাগন্ডার জায়গাতে আর কোন জায়গাতম
test_habiganj_0089.wav,habiganj,"আর, এর আগে সিলেট, ওবিগঞ্জ থিকা সিলেট ওইত্তোই বেশিবাগ, আমরার বিবাগ সিলেট, সিলেট গেছি কয়েকবার। এর চেয়ে বেশি আর কুনানো গেছি না। কুনু চা, চা বাগানোও গুরাইছো না? চা বাগানো গেছি। সিলেট গেছি। তারফর আমরার হবিগঞ্জের ইসাইডে যে চা বাগান আছে ইখানতো গুরাইছি।",এরআগে সিলেট অভিলান তিলেসিলেট ওরটে বেশিরভাগ আমরা বিবার সিলেট সিলেট গেছ কয়েকবার এরচেয়ে বেশি একনা নিয়েছিনা কোনো সাসাবাগান ওগুরাইছদা সভংাো গেসিসিলেট েসি া অভিভোন্ডে হিসেবে সাবাগান আসেকেনতে গুড়া ়ছি
test_habiganj_0090.wav,habiganj,"চা বাগানো কেটা, কেটা, কেটা, কেটা গেছো? খার সাথে গেছো? আমি গেছি, আমার আম্মা গেছলা, আমার আব্বা গেছোইন, আমার ছুটু বাই গেছে। আর ওইলো গিয়া, আর আমার চাচাত্তো বইনেরা গেছলো।",সাকেদাহেদকেদাহেদা গেছে হাসো েগেছ আমিগেছি আমার আ্মারেসলা আার আ্বারসুন েমার্শুকু বাইগেছে রামার সাচাতো বইন এরা গেছে
test_habiganj_0091.wav,habiganj,"বেড়ানিত গেলে তুমার ছবি তুলতায় বেশি বালা লাগে, না এমনে তে দেখতে ছবি ওতো বেশি বালা লাগে? ছবি ওতোতা তুলতে বাল্লাগে না। মুবাইলের ক্যামেরা বালা থাকলে আবার ছবি তুলি। বালা লাগে। বালা",গেলে তোর ছবিদুলধা বেশি বালা লাগে তঅ্যাবলেটের দেহ দেহই বেশ বালা লাগে ো মোবাইলের ক্যামেরা া
test_habiganj_0092.wav,habiganj,"ক্যামেরা ওইলে ছবি তুলতে বালা লাগে। গুরানিত গিয়া বেশি এক্সাইটেট ওউ, না এমনিতেই <> একদম বদ্র-সদ্রর মতোন বালা মানুষের মতোন বা মার ফিছে, ফিছে গুরো? না, গুরানিত গেলে তো একটু মজা, আনন্দ খরার লাগিওত্তোই মানুষ গুরানিত যায়।",গোরানের দিয়া বেশি অক্সাইটে ট্োডামেতেসুএকদক বদ্র সদ্রোরমতর বালা বানিশের মতট বা বার ফিসিভিজেগু়ো ঘুনানিডিেলে ত্রমজেিাে ুরানে যায়
test_habiganj_0093.wav,habiganj,"গুরানিত গেলে একটু ছবি-ওবি তুলোন, একটু ইদিক দিয়া <> গুরা-গুরি খরোন ইতোই আমার বালা লাগে।",গ্রানেট গেলে টোসোগুবি তুলনি তৈদিক দেএদি ও গু়াগুরে বলেনে দু আমে বাড়ালালে
test_habiganj_0094.wav,habiganj,"গুরানিত তো যায়ওই মানুষ মজার লাইগগা। গুরানিত গেলে আমার বালা লাগে। আরেকটু গুরোন ইদিক দিয়া, এরফর ছবি-টবি তুলোন। সামনে পিকনিকে কুথায় যাওয়ার ইচ্ছা আছে?",ুনানিত্ত যায়ই মানুষ মদার লেগিয়ে গুরানি দিলেন বেলমানে একটু গুরানিদিক দেয়া র সবিউডব্িদ্যুলে ়নে সাদ নেয়ে পিকনিকে কষোতায় যাওয়ার ইচ্ছে আছে
test_habiganj_0095.wav,habiganj,"সামনে যদি সিলেট যায়, কলেজ থিকা যদি সিলেট পিকনিকো যায় তাইলে যাওয়ার ইচ্ছা আছে। দূর কুনানো গেলে ফ্যামিলিত থিকা দিতা না। আব্বায় দিতা না যাইবার লাগি। ওতো দূর যাওয়া আব্বা ফছন্দ খরইন না। কক্সবাজার গেলে যাইতাম না। যদি সিলেটের বিত্রে কুনানো যাইন তেওইলে যাইমু। আর নাইলে যাইতাম না।",সামনে যেসিলেট জা কলেচটি়ে যদি সিলেট পিটনিগযা় তা়লে যাওয়া জাআসে দূর ঘুনা নাবিলে মটে়াদিতানা আবা দিতা রেবের েগে এত দূর যাওয়া বা পছন্দ করে ন ক্সবাজার গেলে দেইতাম না সিলযাটের বিদটে গুনানো জায়ন তেন
test_habiganj_0096.wav,habiganj,"আমার তো ইচ্ছা খাগড়াছড়ি, রাঙামাটি, বান্দরবন যাইতাম। ইতাত যাইমু যেসমো নিজে চাখরি-উখরি খরমু, বেশি টেখা-উখা ওইবো ইসময় যাইমু। ইতাত এখন দিতা না। এখন তো ছুটু রইছি। এখন আর ফতোম <> জীবনের ফতোম ইখানো আইছি, ইখানো। দূর বেশি, দূর দিতা না। যদি সিলেট ওয় তেওইলে দিবা। নাইলে দিতা না যাইবার লাগি।",আমার তো ইচ্ছা কাগড়াছুরিরাতয়াটি বান্দরব য়তা ইতাদটাই মিরা সেমান নিজে সাকরির বেশিটে হএ সময় যাইমু ইিতা তেহন দবিতানা এমন তোসুধু রয়েছি প্রথম এসি আমিজীবনে ািু বেশিদাসিলাটা় তেলেিানাইেদিতেনা েবে
test_habiganj_0097.wav,habiganj,"সিলেটে তো অনেক বালা, বালা জাগা আছে। সাদা ফাথর দেখা, আমি, আমার তো অনেক শখ। আমি কেরে যে, কুন সময় যে যাইতাম চা বাগানে!",সিলেট তোনেক বালাবালা জায়গা আছে সাতাপাতার দেহাআমি আবারতো অনেক সক্রমিকেরে যে এক সময় যে যাই তা সাবাগানে
test_habiganj_0098.wav,habiganj,"আমারে কেউ লইয়া যায় না। সিলেটে সাদা ফাথর সুন্দর। তারফর জাফলং, তারফর আরও অনেক জায়গা আছে, সিলেটে তো বালা, পিকনিক, অনেক সুন্দর, অনেক জায়গা গুরা যাইবো।",েউলিয়া জয়না সিলেটে শাদাতর সুন্দর ড্যাফার জাপলং ব্যাপর আরও অনেক জায়গা আছে সিলেটের তো বালা বিগনি অনেক সুন্দর অনেক জায়গা ঘুরা যাইব
test_habiganj_0099.wav,habiganj,"যে সার, সার লইয়া যাইবো জীবনে! সারে তো খইছোইন কক্সবাজার লইয়া যাইবা। কক্সবাজার তো আমরা যাইতাম না। ওতো টেখা কক্সবাজার কেটা যাইতো? ওতো টেখা, তারফর তিন দিন থাকা লাগবো। বাড়িত থিকা দিতা না তো ওতো দূর যাইবার লাইগগা। খইবা, ওতো দূর যাওন না।",র সার্লো়াজুবল জীবনে সযারেতো হইজুন ক্সবাজালিয়া জেবে ক্সবোডের দমে রেইতাম না র তিনদিন তাহা লাগবাড়িত টেকে দি দানাদূরডেবিলেদূর জাযন না
test_habiganj_0100.wav,habiganj,"<> সিলেটের বিত্রে যাইন, <> খইবা, বাড়ির দারো আছে। সিলেট যাইতা ফারমু। অন্যখানো ওইলে যাইবার লাগি দিতা না।",েসিলেডরবিড ডিজাইন অমকোরবাবারির দারোয় াসিলেট যাইতে পারেন অন্যহান্য এলিজেবিল লেইবিতানা
test_habiganj_0101.wav,habiganj,<> ফড়া-লেখা কেমন লাগে? আগে সাইন্সে আছিলায় না? উম। তাইলে তো তুমার বালোই লাগে। আর্স থিকা আইলে না সবোই বালা লাগে খালি মাইকোবায়োলজিটা বাল্লাগে না। মাইকোবায়োলজিটা বেশি কটিন লাগে।,ই সিলা়দা তাইলেতাতোবার বালোগাআর্স থেকে আইা ােমাইক্রোবাইলডে মাইক্রোগালে লিটে বেশি ঘোটেন লাগে
test_habiganj_0102.wav,habiganj,"আর ফিজিওলজি, এনাটমি মোটামুটি আগের জীববিজ্ঞানের সাথে খিছুটা মিলে। তারফর ইগুলা সহজ লাগে এখন ফড়তে, ফড়তে। আর বিয়েবিয়ার ফান্ডামেন্টালের সাবজেক্টগুলা সহজওই লাগে। আবার মাইক্রোবায়োলজিটা খালি কটিন লাগে। ইতার মাইক্রোবসের নামগুলা কটিন লাগে। ইতা মুখে দিয়া আয় না, উচ্চারণ খরা যায় না।",ফিোলজি আ নার্টা মুমি টামটাগের জীবিজ্ঞানের সাথে কিছুডা মিলে তারপর হুলা সহজ লাগে এমন ঘটতে হরতে আর বিহিবির ফান্ডামেন্টালের সাবজেটগুলোসহজোই লাগে আবার মাইক্রোবালোজিডাহালিকটে লাগে তার মাইক্রোভসের নাম গোলাকটেন লাগে তামু কি দা আয়না উচ্চারণ করা যায় না
test_habiganj_0103.wav,habiganj,"ইখানে হুস্টেলের মাদে বিবিন্ন মানুষেরা যে আঞ্চলিক বাষায় খতা খয়, এরারে কেমন চোখে দেখো? ক্ষ্যাত হিসেবে না বালোই লাগে এরার খতাগুলা? আমার খাছে আমার বাষাওই বালা লাগে, আর কেউর বাষা বাল্লাগে না। আর সিলেটের বাষা বাল্লাগে। আর কেউর বাষা ওতোটা বালা লাগে না।",হুস্টনোরবাদের বিভিন্ন মানুষেরা যে আঞ্চলিক ভাষারকেবলসোকে দেহ খেত হিসেবে ভালো এলাউমার হাসে আমার বাসেলবা াে আরকের াসিলেটের বাশার কেউর বাসা ওতডানা
test_habiganj_0104.wav,habiganj,"যার যির, সবারই একটা, যার যির আঞ্চলিক বাষাওই বালা লাগে। আইচ্ছা, ওকে, আল্লা হাফেজ। বালা থাকো।",র্জী সবারই একটা জার্জিয়া আঞ্চলিক বাসি বোলাভেজ পালাতা
test_habiganj_0105.wav,habiganj,"না, এমনিতে ফড়ছি না আর কুনানো জাগাত গেছি না। আমার জীবনে ফাস্টে আমি ইখানোই আইছি, লাকসাম।",না এমনিতে ফুরসি না গুনানুরা পেচে নেন আমার জীবনে ফাঁস্টা মেইকা মেয়েচিত লাখসাম
test_habiganj_0106.wav,habiganj,"বাবু, তোর সাথে আমি মাত্তাছি, তোর খতাটা রেকর্ড খরমু। তোরে খিছু কোশ্চেন জিগাইমু আর তুই ইগুলা আন্সার দে, ঠিক আছে? আইচ্ছা। তাইলে কিতা এখন আজকে <> ইস্কুলের কিতা অবস্থা? ইস্কুলের কিতা খইতাম? ফরীক্ষা দিতাছি খিছুদিন দইরা।",াবুত্রসাদাইর মাতরাই হতাটা রেকর্ড করমেন িছু জিস্কুলের কিত অবস্থাতাে পরীক্ষারিতা সে পিচুদিন দইরা এ
test_habiganj_0107.wav,habiganj,"খতো তারিখ জানি শুরু ওইছলো, তেইশ তারিখ, তেইশ তারিখ না, সরি, উনিশ তারিখ শুরু ওইছলো আর শেষ ওইবো এক তারিখ। রুজার মদ্যে আবার খিছু দিন ফরীক্ষা ছলবো। তো <> যে ফরীক্ষা দিতাছি, ফরীক্ষা একশো মার্কের সাদারণত ফরীক্ষা ওইয়া থাকে। কিন্তু",ন শুরু ইল ৮া১৯ষ থাকে শুরু ইসলো আর শেসবে ১ তারিখ বুঝার মধ্যে আবার কিছুদিন পরীক্ষা চলব আজকালানযে ফরীক্ষাইদাছে ফরীক্ষা ক০ মাকে সাধান্ত পরীক্ষাও়ই তায় কিন্তু
test_habiganj_0108.wav,habiganj,"ওখন ফঞ্চাশ <> ফরীক্ষা লইতাছে আরকি। আইচ্ছা, কী কী সাবজেক্ট? নয়টা সাবজেক্টের ফরীক্ষা ওইতাছে। খিছু সাবজেক্ট বাদ দিছে ওইটা <> মানে <> ধরছে না। কিন্তু খিছু সাবজেক্ট আমরা মেইন সাবজেক্ট দরে কিতা খরছি আকি।",পঞস্থানা রিকালিনরাসাবের কিছ সাব্দের বাদি সেবিটা অন্তরি মানে মেনশত দরছে না কিন্তু খ্রিহুসাবজেট ডাম্রামিন
test_habiganj_0109.wav,habiganj,"<> মানে, যেমন, হিসাববিজ্ঞান, ফিনান্স, <> গণিত, ইংলিশ, বাংলা এরপর বিজ্ঞান <> সাবজেক্ট লইয়া ফরীক্ষা ওইবো। আর বাকি খিছু সাবজেক্ট আছলো ওইগুলি বাদ দিছে <> মানে আপাদতো।",যেমন হশাব বিজ্ঞান কিনানস বযেসাদ্যকণিত ইংলিশ বাংলাপোর বিজ্ঞান ইনকয়েকনডেস বিটলে আ বাকি কিছ চাপের আসল উইি বাধদিছে
test_habiganj_0110.wav,habiganj,"এরফরে ইটা তো মেইন ফরীক্ষা না, <> ফরীক্ষা, এর লাইগগা আর অর্দবার্ষিক ফরীক্ষার সময় <> ফরীক্ষা লইবো। <> প্রিপারেশন কিতা? ফিফারেশন তো বালাই। মানে <> ফরীক্ষা, ওখন <> ওতো একটা গুরুত্ব দেয় না। বাট",ন মিন ফ্রিকানও প্রতাশা়ী ফ্রিকা র অর্দর্শিক পরীক্ষারসময় মেইসাবেরিারেশন তো াই মানে প্রতষ্টাভা় ফরিকাম ফ্লাবায় ত্ত্বে গুরুত্ব দেয় না পারট
test_habiganj_0111.wav,habiganj,"<> ফইড়া যায়, মানে, মানে একটু তিরিশ নাম্বার <> বাট, মানে <> খিছু নাম্বার উটাইলাইবো ইরকমবাবে ফইড়া যায়। টিকমতো ফড়ে না আকি। আর রুজার মদ্যে ফরীক্ষা। এল্লিগা একটু মানুষ, একটু কিতা মানে একটু আনইজি ফিল খরে আকি।",ফুইরা যায় মানে ো৩০ নাম্বারি বং হোটালিবোবাট মনে ফদসনাপাড়া কিছন হোডারুজামদফুরীকে লেটুনোর্
test_habiganj_0112.wav,habiganj,"আর এমনে ইস্কুলো ক্লাস ওয়নি টিকমতো সব সময়? ক্লাস তো সব সময় টিকমতোই ওয়। অনেক সময় ফুলা-ফাইন আবার ফুল ক্লাস তো, বারোটা থিকা পাঁচটা <> তো ফুলা-ফাইন অনেক জন আছে মানে যায় না আকি। মানে পাঁচটা <> খষ্ট ওই যায় এরার লিগা ফতিদিন ক্লাস খরে না। <> দূর থাকে এর লিগা",ক্লাস তো সব সময় ঠিক কিন্তুইঅ ফলাবাইনাবার ফুলগাস তো বা২রাত থেকে ফাঁসটা পর্যন্ত তো ফোলাপাই অনেকজন আছে মানে যায় নাকি া প্যন্ত একটু কষ্টয ে অনেক জরবা় সয়েক দূরে দেখা
test_habiganj_0113.wav,habiganj,"<> ক্লাস <> ক্লাস ওইলেও বাট, ক্লাসে এতো একটা ফুলা-ফাইন গুরুত্ব দেয় না। এরা বিশেষ কইরা <> বা কুচিং-টুচিংও ফড়ে <> গুরুত্ব <> যা আছে সব ইখানো শেষ করে ফড়া-লেখা।",এনে কলাজটি মত হইল বাট ক্লাসে তো একটা ফ্লাথাং গুরুত্ব দেনা এরা বিশেষ বেলা সার্গোকোস্টে বা কোচিং টোচিং ফরে উসু অনুজায় ়এরা ুপড়ে আযা়সবিকান শেষ
test_habiganj_0114.wav,habiganj,"আর এমনে ফড়া-লেখা ছাড়া আর কিতা, কিতা খরোছ? ফড়া-লেখা ছাড়া কিতা করতাম? ওখন আছি কিতা এসএসসি ফরীক্ষার আগ ফর্যন্ত মানে",কোয়ালাচার কিতা তআজইকিতাম এসিসি পরীক্ষা পর্যন্ত
test_habiganj_0115.wav,habiganj,"আসসালামলাইকুম বাই। ওলাইকুমআসসালাম। বাই আফনার নাম? নাম মুসাল্লিন। আফনের বয়স? বয়স তিরিশ ওইবো। বাই বালোই আছেন? জি বাই, আছি আলহামদুলিল্লা বালোই। তাইলে বাই, বাড়ির সবাই বালা আছইননি? জি বালোই।",আনাময়সথিংআর া
test_habiganj_0116.wav,habiganj,"<> বাজারো-টাজারো যাইন্নি? জি যাই। যাই বাজার-আটে যাই। <> বাজার-আটের দর-দাম কিতা বাই? মানে, জিনিসপত্রর ইগুলা। গুরু ব্যবসা খরি তো আমি, মোটামুটি বালোই আছে। গরু ব্যবসা মানে, গরুর কিরখম দাম-উম?",বাজারটা দাইনি িাইবাজারদা দ়দামকিে জিনিসপত্রেকগরু কিরকম
test_habiganj_0117.wav,habiganj,"ও আগে সস্তা আছিল, এখন মোটামুটি দামওই আছে। <> আজকে গেছলায়নি? ওয়, গেছলাম। এখন তুমার যে দামগুলা আছিল ই দাম পরিমাণে আমরা মোটামুটি ফায়দাওই ওয়। হুম। আর আগে তো শীতের সিজন আছিল। বর্তমানে সস্তা আছে।",ওআগে স্ত আসে লেখনমুটামুডে দাময়েছে এত এফলান ইসলাম এবং তোমার যে দামলাসিদ দামপরিমাণে আমরা মুটামুটি ফাইতে শীতিসিজন আিল তনস্ত
test_kishoreganj_0001.wav,kishoreganj,<> এইযে ওয়া। <> ছবি তুলছস? তে আস না ক্যা? দে,রাতনাগা
test_kishoreganj_0002.wav,kishoreganj,"তুই টিপ সইডা দে। হেই এও গেছে? তুই আমারে খালি টিপ সই দে মাদারি। এই চুতমারানি। টিপ সই দে। এই নাইম, এও গেছে, ভিডিও গেছে? কের ভিডিও? <> ভিডিও আইছে।উঠতাম না আইট্টাই লইব। না উডুক, উডো উডো লও তুমি <>",ইআকাছে নাইফ ইয়াবাছে ভিডিও কাছে কোতা মাটে
test_kishoreganj_0003.wav,kishoreganj,"উঠ। নাইম এইডারে কিন্তু তুই কভার দিবে। ঠিকাছে? ভালা জিনিষ দেখ। বাহ! কী ছবি অইছে! কভার দিবে তুই, আমিও দেম। ঠিকাছে <> ? আসলেও? হ। হায়রে এইতা ছবি আমি তুলতারলাম না। <> ছবি দিলাম না। এইডা <> খেতো।",মািতুিহাওয়াদিরেি আরেগাং যাওয়াম
test_kishoreganj_0004.wav,kishoreganj,"হ নাইমের গাড়ির এইনো খারো, ছবি তুইল্লা দেই। ও বাবারে! কই <> ছবি তুলোস না কেরে? <> ছিনারি কুনহানদিয়া ভাল অইব? আরাফাত এইযে ধরোছে দেহিছে। তিনডা তালগাছ লয়ানি? ছবি যেহান দিয়া তুলস এইহান দিয়াই সুন্দর অইবো, ঠিকাছে? এইযে এই <>",ােনিেজাভইআ
test_kishoreganj_0005.wav,kishoreganj,"কঠিন ছবি অইছে। বলার ভাষা নাই। দেহিছে। এই এইন্দা আরেকটা ছবি তুইল্লা দেছেন, দেহিছে ছবি তুইল্লানি ভাইরাল অই। চুপ। বালের ছবি অহন তুলতামো না। আমার ভাইরাল অওয়ার দরহার নাই। <> ফিছে থাকব। অকে। গাড়ি? তে এম্মে আ, এম্মে আ, গাড়ির ধারো খাড়ো তুই তে। সরায়া রাহি, সরায়া",এনে আগাস বিযে সান নিজ৪ৈতিন বাইরেরলোল বালোনএ
test_kishoreganj_0006.wav,kishoreganj,"তুই গাড়ির <> গাড়ির ধারোই খারো। গাড়ির ধারো খারো, গাড়ির লগে খারো। বাড়লে, নিবা নাকি? <> ধুর মিয়া! আরো সামনে আওয়া লাগবো। হেরেতো ল'না। এও এইডার লাইজ্ঞা মনে অইছে <> নাকি এইডা দুইডারেই সরান লাগব",গাড়িতেরাকা গায়দারিখারগাড়িযা াড়ি
test_kishoreganj_0007.wav,kishoreganj,"বেডা নাইম্মা ফর নিছে। নিছে নামন লাগতো না। আমি এইন্তেই লয়ালবাম। নিচেতো সুন্দর ছবি উডব বেডা। নিছে নাইম্মা ল।আরে এইনতেই লয়ালবাম আমি। আরে নিছে নাইম্মা তুল বেডা, নিছে নাইম্মা সুন্দর অইতো না ছবি? না এইনতেই লয়ালবাম। হেই এইনতে তালগাছ ভাসবো, এহ! এই নিচে নাম। এই <> তোরাই সামনে আ। আই <> নিছে নাম তুই। নাহ <> নামন লাগব",ালসনেবেখুদিলানিলা এতাগা রাগবাগেতবে
test_kishoreganj_0008.wav,kishoreganj,"<> নয়শ ফঞ্চাশ টেহার জুতাডি <> দেহো <> ব্ল্যাক , একদম ব্ল্যাক",থারঅ৮নড দবলাক
test_kishoreganj_0009.wav,kishoreganj,"দেমনে, নাইম? দেমনে দেমনে। এই গাড়ি কই খারো হরছছ? যাইতারবো, বহুত জাগা আছে, দুই হুন্ডার একবারে যাইতারবো।",বহু জায়গা২
test_kishoreganj_0010.wav,kishoreganj,"মানুষ অহন ঘুরাঘারির মইদ্দে আশুত্তিয়া বেশি, নাইম? কই, তুই <> মালারের ছবি ইয়া। <> দিয়ালতাম?",গুড়াকানি মেলা আসক্তি বেশি না়কোইমাদারি
test_kishoreganj_0011.wav,kishoreganj,<> আবদুল্লাহদের মসজিদ। <> টেইলার্স টা চিনস না? অইডা দেইখ্যা বুঝছি। হ হ এইডা ঘুরমু স্লামালাইকুম। ওয়ালাইকুম সালাম,বাগোম
test_kishoreganj_0012.wav,kishoreganj,<> বাড়ি কি অন্যদিকে নাকি? কুনদিকে? অই রংপুরের দিকে। ও কই আইছে? এই <> উডাইছে নাকি? ও আইচ্ছা আইচ্ছা কন্ট্রাক <> এর কতা। কি? খুদবাইন কিছু? হে মাডিডি। কুনডি? <> এই লাইল?,দিকে না কি কুআইসি ও কন্টর কেনরকতা কি কি ক্ষুদবান কিছু লাই
test_kishoreganj_0013.wav,kishoreganj,"না হেইযে হেই ক্ষেতটা। লা, লা, লাইলা ক্ষেতটা। এই ফুরাডা? এই খুতবাইন? না, এইডা দ্যাহি নামাতনি। নামাত মানে এই যে এই ই কও কচু দিয়ালবেন কচু? অইয়, অইয় এইডা নামাত ফরবো। হেইডার মদ্দে ফসল অয়না? বেহই মাইরা দিয়ালাছে, আমারটা রইছে। আমারটা দিছলাম, হেই কিছু নিছে হেইযে, হেই মাতা দিয়া কিছু নিছে। মাডি বেইচ্যালাইন।",ুনামাদানে ই যেখলিকৌসুদের কছু ফসলনামাইবাটেলাই
test_kishoreganj_0014.wav,kishoreganj,"বেচলে টেহা অয় না? বেচছিলাম বিশ হাজার টেহার। আর অহন বেইচ্চালাইন। কতখানি কাডায়ালাই রাস্তা, <> না অহন যেইনি আছে এইনি বেইচ্চালাইন, না বওয়ায়া বেইচ্চালাইন। বিলের মাডিতো অভাব নাই। বেচলে নিবো কিদেয়া? <> ট্রাক দিতো না। ট্রাক দিতো না? দেনা কেলা?",েঅনডাইন আাসে নিবিটেলানাব়াবের তেলা বিলেমারিভাবনা ডেনাকালা
test_kishoreganj_0015.wav,kishoreganj,"নতুন রাস্তা অইছে ট্রাক দিব? সরকারে আছে ট্রাক দে না? নতুন রাস্তা , ডাবায়ালতো না? সরকারতে দেনা? সরকারতে দিব তো, নাহরবো? রাস্তাতো গাড়ি চালানির লাইগ্যাই। মানে নতুন রাস্তা তো ডাবায়ালবো ট্রাহে। হ ইট বিছাইছে, ইট বিছাইছে",নতুন গাসদসে থাসরকে আছা থাকতে না গুতনগাস্থুসরকাত পেজানা রকাতে দিবনি
test_kishoreganj_0016.wav,kishoreganj,"অ। এরফরে হেই রাস্তা যেন। কামরুলের লগে যে আইলাম, অইতাছে। <> ছলতাছে, মানে করতাছে। আমি কইছি তে ইট বেছে তে টাক দিয়া যাছ না তে <> লাবডা কি? তলে ইয়া ফাইট্টা গেলেগা দুইতিনডা বালু দেয়। বালু দিতে অইবো বেশায়া। অহন দেহা যায় দুই লাম্বারি হরে। দুই লাম্বারি করতে করতে কতকানি তো বালু দিছেই না। হ্যাঁ? কতকানি তো বালু দিছেই না।",আমিরি কুচিতে ইদ বে়তে তাআগডা যাত্তে ন দেই রাস্তা করেতা আট্ডাকি দে তলে য়া ফারটির এলাকার দুটিনা ালোদে বালইিলতে বো়
test_kishoreganj_0017.wav,kishoreganj,"না <> বালুডা বলি হইরাই ফালানি লাগে। নিছে দিয়া বালুডা বলি হরন লাগে এক আত বা আদ আত এমুন। <> এই উফরে কালি হাল্কা ছাইর ফাছ আঙ্গুল বালু দিয়া, বিড বালু, তাও কি বিড বালু দিয়া কালি উফরে কালি ইট বিছায়া থইয়া যা গা। এর লাইগা, এর লাইজ্ঞাই তো দেশের, রাস্তার অবস্তা।",বালুরা বলি া নকালে হলকা এসা় হাসামুল বালুদিয়া বিডবালুরাওকি বিরবালো দিয়া কালি এবন কালীন বিসাথা এলাগিতেস্ত
test_kishoreganj_0018.wav,kishoreganj,"এই যে আমরার রাস্তাডার বারির সাম্নে দিয়া আডন যায় না? তুমরা বারি কোনো? আমরা বারি ফাহুইন্দা ফোউরসবা। ফোউরসবা যাইতাম রাস্তাডা বালা না। ফাক্কা রাস্তা টিক করবো, কিন্তু অহন ফাক্কা রাস্তা আইলো অইলে না। অহন ফাক্কা রাস্তা নষ্ট অইলে আরও বেশি কারাপ। আডন যায় না। এই যে এক্কানো গাতা অইয়াছেগা, এক্কানো তান।",ংাির আসাপাসাদিকি নভাকাআনিল াকাম সৈল বিস্কারাআদুন জানায় যে এখান গাত তাযেছাক এখানস্টান
test_kishoreganj_0019.wav,kishoreganj,"খাওড়া জাওড়া, এক্কান দিয়া গুটলি বাইর অইয়া রইছে। রাস্তা সুবিদার না। এই, এইডা কুন বন? আরেকদিন আয়াম। হ্যাঁ। <> বিলে যায়াম। বিলে দিয়া আইট্টা আয়া ফরবা। <> বিলে দিয়া আইট্টা আইবা। <> কাইট্টা। নাহ <>",এখানে পুর্তি বাড়ি বাড়ি নবিলাজে ৮টাএইবাতবিলাইজে ৮টারা
test_kishoreganj_0020.wav,kishoreganj,"<> সব বেইচ্চালছে। এই যে সব বেইচ্চালছে? সব বেছা। <> এই যে, এই যে একটা খাম্বা দেকতাছুইন না? হ। এনো আমডার ক্ষেত আছে <> বুইজ্জুইন? <> এরা অইছে ফুরান বাড়ি, আর আমডার বাড়ি অইছে <>",ইরোাত মাসি আে সমিতিচে আংবাদিক সাজেরীদাই দেখা একটা খামবাদাকসিনা এনামবাখ্াত আছে সথাদ আনদাখাইদানামা মুফুানাজি মা ছে
test_kishoreganj_0021.wav,kishoreganj,"বড় একটা মসজিদের হেইম্মে দেয়া। এইডা কুন মসজিদ? <> এও শাহী মসজিদ কয় না গুল মসজিদ। ভুইয়া মসজিদ। ভুইয়া মসজিদ? হ্যাঁ ভুইয়া মসজিদ, ভুইয়া মসজিদ। ভুইয়া মসজিদের আরো হেইদিক দিয়া লক্ষিয়া হাই ইস্কুল আছে না? হাই ইস্কুলের সাথে। ও। হাই ইস্কুলের সাথে শেষ সীমানা ফরছে। তোর ফরে <> ইটো নাই অয়া গেছে।",পূ্ছি বুয়ামসি বোয়ামসিতে আয়ে জগে লোকে হাইস্কুল াসনা হাইসকোা
test_kishoreganj_0022.wav,kishoreganj,"চাইরোবুকদিয়া লইখ্যা, লইখ্যা কইবে, তাইলে চিনব। লইখ্যা যে কইবে চিনবে, ফরেদা, আমরা বাড়ি অইছে এইনো <> তলে। নাম কি? লইখ্যা, <> কুড়াতলা, <> মির্জাফুর এইতা আমরা চিনার বাহি রাখছি, না? এইতাতো চোক্ষো ভাসতাছে। নাইম তুইন যে কইতাছছ, এর লাইগাইতো খাতা কলমে ফেচ লাগে। অহন এইযে এইলা আমারে চিনছে না? অহন আমি যদি কই এইলা লইখ্যা হঠাত একদিন সামনে ফাইলে",লোকেনে কবির তিচিনানাতুইন্ডা গজা স এল্লাগি ত কাতাকর্ম মেলাস লাগে এজ এইলা আমার িনজেনা এ আমনুকুলা লোকেহঠাৎ একদিন সামনে আফা যায়
test_kishoreganj_0023.wav,kishoreganj,"দেকু বাই, বাই, এই, এইযে ছযারিডার বাড়িডা কই? লোক্কি <> কাগজ ফত্র কুমনে? লোক্কি লেইখ্যাল্লে সমস্যা। আমার বয়াতী যেইডা আছে, গাম যেইডা আছে এইডা লেখতে অইবো। এরলাইগ্যাইতো পৌরসভার মইদ্দে আর ইউনিয়নের মইদ্দে অত অত ভির। এই নাম চাম লইয়া বাফের নাম এইডা হেইডা লইয়া উল্ডা-পাল্ডা লেখছে এন্তে হুইন্যা হুইন্যা।",সিলোই লোকাগজতলখনলক্ষে েখে সমস্যা বয়ারতিতে তাঁজ গামডিতে আছে এদেএকটি এল্লাগে তফু োবামেদে আর ইউনিয় নেমেদে তথ্ বিজ নাম চামলেয় বাফেন্দা মিদেল জবুলাযালাহ দেখছে গরেনতে ফন
test_kishoreganj_0024.wav,kishoreganj,"এলাকাতে বিভিন্ন লোক আইছে কইছে যে এর নাম এইডা,হেইডা। এরলাইগ্যা যার যেইডা আছে এইডা নিয়া গর্ব করুইন লাগবো। যে আরেক বেডার সম্পদ নিয়া গর্ব করলে লাভ অইতো না। অহনে এহকটার নাম এই যে লেইখ্যা থুইয়া গেছে ভুল। অহনে এহকটার নাম ফাচ হাজার, সাত হাজার, দশ হাজার ট্যাহা নিতাছে। এইতা কিতা। আর ইতা এইডার মইদ্দে মনয় কুনো চাইল মনয় আমার মনে কয় য্যাসব ট্যাহা খরছো অইতাছে।",এািনলুকাহিযে কিেি এনদামইডেহদ যাদ্যেই তে আছে ইধান নেগবআরেক বেড়া সম্পদ নমখন সাইলযেসবটিয়াকথজাছে
test_kishoreganj_0025.wav,kishoreganj,ঘুরতে ঘুরতে হয়রানি। আর আমার তো এক আইডি কার্ডের লাইগ্যা তো অহনো ঘুরতাছি। হুঁম। এই সংশুদনের লাইগ্যা। পুস্ট-অফিসের লোক্কেরে এতোদিনে যদি ফাওয়ন যায়। এমুন বুলেনি কয় আমি সব কইয়া দিছি সুন্দর হইরা। তেও এইডা বুল কইরালছে। এরাইতো ব্যবসা হরে বুজ্জুইন?,গুরতে ওতে য়ায় যানি আর আমাদমাকে আইডি গাইদে লাগে তোম অনোগুত আছি ফুষ্ট ভিরোসের লোক ক্যারিয়াতে জেফাউন এমন বুলনি করে আমি সবকয়ে দেষুন্ধ যা ব্যবা
test_kishoreganj_0026.wav,kishoreganj,তা ভুল-টুল করে। অনলাইনের লোহেরার বইয়া কাম নাই। কম্পিটার দিয়া এসব কাজ করে। নাঈম কি কছ? <> তোর তো পরিচিত অনেক কম্পিটারের দুহান। তর শইল্লো আবার ইয়া লাগতারে। হাওয়া লাগবো হওয়া লাগদারে।,তা বুলচুল করে খুান নাহি হেবেলা খুবই একে হামনায় কমবিডাদি এসব কাজ করে নামকি কস ত পরিচিত অনেক কম বিরা দেওয়া তস হওযা
test_kishoreganj_0027.wav,kishoreganj,"আইন্নে দ্যাহি ফসল নেইন, আইন্নে গ্রামের বাড়ি কই? গ্রামের নাম কি? চামড়াইত। চামড়াইত? চামড়াইত ইয়ারে চিনুইন? এরশাদ। চামড়াই তো আমার এক ফুফুর বাড়ি। নজরুলরে চিনুন? এরশাদ এরশাদ? চামড়ার নজরুলরে চিনুন? নজরুল বলতে এনো ইয়া কিন্ডার গার্টেন আছে না? হুম। কিন্ডার গার্টেনের লগের বাড়ি। আর এক জনের একটা ইয়া।",গামগাকিামরা সামরাজিয়ার রেছিনু ফুপুরাডনজুনুলে নজুর বলতে যে এন একে এই ই়া কিন্টাকাআছোআরেকজনের একটা
test_kishoreganj_0028.wav,kishoreganj,আমার ফুফার দি নামডা ভুইল্লা গ্যাছিগা। মানে এইলা মারা গ্যাছে। এইলার ছেলে আছে চাইর জন। চামড়াইত দিয়া উঠতেই এই যে এখনো ইস্কুল আছে কি একটা কিন্ডার গার্টেন। হ। ইস্কুলডার লগে ওইডা। মারা গ্যাছে ছেলেরে নামডা যেমুন কিতা যেমুন। আর কতকানি লাগে বাহাদিয়া?,অফয়াধী নান্ডা ভুলে ছিগা ইলা মারা গেছে সামরাজে উঠতে স্কুল আছে কি একটা কিন্তারে
test_kishoreganj_0029.wav,kishoreganj,"ছয় নম্বর দ্যায়া হেই দূরা না? এই এন্দা কতখামি দিরা লাগে আইন্নের বাড়ি? দূরা আছে এন্তে। এক মাইল। এক মাইল? হ। এহেক দিগে এহেক। আমার এইযে আইছি যে ভাল্লাগদাছে না। এহেক দেশের মানুষ এহেক খানো ভাল্লাগে। হুম, না এনো।",দুনা অ্যান্ডাকত কিন্তু আল নবারি একদি আমা়জ আসিতেম বার লাগ ই১
test_kishoreganj_0030.wav,kishoreganj,"অনেক মানুষ আইয়া এনো ইয়া হরে। না এইডা না কইতাছি আরহি। এনদা কি নিরিবিলি লাগে। আমরার দিকে তো সব সময় হইচই। না আমরার দিকে নিরিবিলি না। মাইক-চাইক বাজায় এইডা অয়। বিভিন্ন কিছু অয়। বিভিন্ন ক্যাম্বাছে মাইক ছাইক বাজাইতাছে বিভিন্ন। গাড়ি যে, চব্বিশ গন্টা মনয় বজা যায় গাড়ি চলে। হেইডা।",াইডাকতে ছার কিনিনিবি লাগে আমরাদিগে তো সবসময় হইছো মাইক্স্াক বাদা় দেয়া বিভিন্ন কিছু ২৪ ঘন্টা ম গা
test_kishoreganj_0031.wav,kishoreganj,"এই দিকে সব পুরাডাই নিরব। আইন্নের কি এই এই রুড দিয়া লাগে না? হুম। আইন্নে এই রুড দিয়া যাইন? হ, হেই দিক দিয়াই। এই রুড দিয়া ডাইরেক গেছে গা ইয়া হ? অক্করে চামড়াইত। চামড়াইত।",এদিকে সব পুরযরাতের নিয়োবনে এই এই উদ্যায় লাগে না এনএইদো জেতা একাথা
test_kishoreganj_0032.wav,kishoreganj,"ছামড়া কি একটা উছা জাগাত না আম্নেরা বাড়ি? হ্যাঁ? এইডাই, এইডাই ছামড়া। <> বস্তি <> ফুহায়া তামবাইন, না? <> কালদোশি",াবােটে মসালাগালা আে াড়ি নাবাই
test_kishoreganj_0033.wav,kishoreganj,"তুমার গিরস্ত ইবার আল্লা দিছে। মাইনষের বিষ্টি অয়, শাকসবজি অয় না, কিন্তু মাইনষে দান সুন্দর হইরা লইছে। হ। দান, ইয়া ক্ষেত সুন্দর হইরা লইছে। <>",ইবাযই আল্লাদিসি ২িরশির শাক সবজযা কি্ ধাদানয়া সে সন্দর
test_kishoreganj_0034.wav,kishoreganj,"কইতে, মুবাইলডা আমি এনো তইয়া রাকতাম। <> হ্যাঁ? <> কি কছ? ভ্লগ তো অইয়াই গেলো অইলে। অইলো অইলে না? কইছলাম তো।",গোলব্ত হয়ে গেলেরে
test_kishoreganj_0035.wav,kishoreganj,"আমিতো এইবাই ভিডিও করি। এদিকে আয় এদিকে আয়, ভিডিও করবাম চাইর ফাচটা। না আমার লগে কতা অয়নাই এম্নে । হোয়াটসেপে দেহো ,কারে বিচ্চায়? নক দেও। <> নক দেও,আর নাম্বার <> হ নক দেও। জিরো ওয়ান সেভেন থ্রি, চব্বিশ, উন্নিশ, তিনশো। কই এও দিতা হটস্পট?",াংকা়িছাআ নাবা গাম মলিমেরা৯
test_kishoreganj_0036.wav,kishoreganj,"এই মুবাইলো আমার হোয়াটসআপই নাইগা। হোয়াটসআপ যেই মুবাইলো এইডা বাড়িত। বউয়েরতে মুবাইল থুইয়া আইয়া ফরচুইন না? নাম্বার লইয়া আ। জিরো, ওয়ান, সেভেন, থ্রি, চব্বিশ, উনিশ, তিনশ। জিরো, ওয়ান, সেভেন, থ্রি, চব্বিশ, উনিশ, তিনশ। চব্বিশ, উনিশ। তিনশ।",এই মহলমা ভর্ছবিনাই ঘর্সব্দেমরের বাড়িবতাুয়েয
test_kishoreganj_0037.wav,kishoreganj,"এদিকে আইতে <> ভিডিওর জাগার অভাবনি? চব্বিশ, চব্বিশ, উন্নিশ, তিনশো। এইনো এম্নে ওয়া ফরে কেরে? থ্রি ডাবল জিরো",গাইতেওমিডি়াজংি ি২৪২১৯ শিলচগ্যানিম নেবরিংের তিরজি
test_kishoreganj_0038.wav,kishoreganj,<> যাইগা। কই যাইতান আবার? ছাদো যাই। আতো কি বানছুইন? <>,হয়গাপজোজনবাআপেকি বাচে
test_kishoreganj_0039.wav,kishoreganj,বেয়াইনের লগে কি আলাপ করলাইন? এইতা বিষয়ে জানলাম। চামড়ার বুলে এইডা। হ। আরে আমার এক চাচাত্তো <> নাম কইতারি না <>দেহুনছে কি ঝামেলা। এইডা মনয় <> বানায়া নেওয়া,ািলিইআই আমারে সাআত্মহাদ নাপতি
test_kishoreganj_0040.wav,kishoreganj,"দ্যায়ামনে রাত্রে অ্যা? এ আয়ছ না ক্যারে? যা আনায়াম বুজা <> <> এ রিফাত, রাকিব্বা, আমি, তুই আর ক্যাডা ক্যাডা গ্যাছলামরে? এনে আর আন্টি আইতো না। বুইজ্জা চালায় যে। সিক্রেট বিষয় আছে ব্যাডা।",যানামগুলা থারগুয়াএেলিবা যাকিবে আমি তু আকে লাকালা
test_kishoreganj_0041.wav,kishoreganj,দেকতে অইবো। যেহেতু ছবি তুইল্লালচে। হেই উট। নেন। অ্যা? <> মামা ক্যাডা? এই মিয়া মই সরাও। কিতা করে।,অ্যাউড
test_kishoreganj_0042.wav,kishoreganj,"মেয়েলি বেফারে আফনে আইলেন কের লাইগা? কি? মেয়েলি বেফারে আইলেন কের লাইগা? কি? নাহ। <> বন্ধু রে আমি কইছি না, বন্ধু <> না না আমারে লয়াইতো ঘুরবাইন আফনে তো। <>",নাতানা আমালে তো বরকুবিনিসনা
test_kishoreganj_0043.wav,kishoreganj,"হাই ভিউয়ার্স, আমরা অনেক দূরে আসছি ঘুরতে। নাইমকে মাঠে নামিয়ে দিয়ে আমরা ডানদিকে চলে আসছি। অইলোনাতো তোর কন্টেন্ট। উডাইলো উডাইলো উডাইলো। ফাচশো টেহা দামের কামলা <> এই <> ছবি তুলতে। ফাচশো টেহা দামের কামলা, কের ছবি বেডা? এইডা আমি চশমা ফিন্দা ছবি তুলছি না। ফাচশো টেহাদেয়া কামলাই লইছি <> ছবি তুলার লাইজ্ঞা। হ ঠিকাছে। অহন ছবি তুল সুন্দর হইরা। খেতো নামাই দিছি, তোর লগে বন্ধুরা মজা লইতো না। খেতো নামায়া দিছি, ছবিইত্ত তুলব। হেই নাইম, নাইমের টেহা , হেইযে ছবি তুলতাছে, হেইযে খেতো কামলা, অহন টান দিতাছি উডনের লাইজ্ঞা। উড।",ার তে িছবিতুাতল্লকে মুবন্ধর মলে ধোনা খ্যাতনাও আইদিসি ি বাই মাইবাটা
test_kishoreganj_0044.wav,kishoreganj,"টাওয়ারটি দেখলে ফরিচয় অয়া যায় এইডা আমরা এলাকা। আল্লাহ না লাগলে থামায়া দেম। মুশারপ ছবি গেছে? ভিডিও গেছে? হ। হ্যাঁ? হ। <> আমার দিন। কি আন্নেরে বাইত গিয়া হোয়াসসেপে দেমনে ভাই। হ আইচ্ছা ঠিকাছে। আমি তো হোয়াসসেপে <> হোয়াসসে দেমনে। <> বিডিও আপ্লোড কইরালছছনি? আরে কের বিডিও আপ্লোড কইরালছি? <> গেছছ নি, দেখছেন? গেছে মনয়। কি? তর এইনো গেছে মনয়। এই নাইমের এইনতে ছবি নেম কিভাবে? আমার এইনতে হোয়াসসেপে, নাম হের নাম্বার লয়ালাইন তেইতো অয়। হের লগে আম্নের হোয়াটসেপে এড আছে না? সবার এইনো এড আছে। নাইমের লগে এড নাইগা মুশারফ",ধুমাদকি আনবাগ্যে ওয়ছাদেন
test_kishoreganj_0045.wav,kishoreganj,"<> হে আমার লগে, আমার লগে দেহা অইবো। তে তো মুশারফের <> অইবো",আজ রা় ফলিয়া ইহামিা মালোার
test_kishoreganj_0046.wav,kishoreganj,<> আম্নে কিচ্চু দেহুইন না। <> হ্যাঁ?,িউবাবাআলি খা
test_kishoreganj_0047.wav,kishoreganj,রইছে? অইয়ো। কতখানি অইছে? আধকানি খেত। কুহানো? বিলো। বিলো রইছে অহনো খেত? হাইয়ো? কুহান্দা? হেইন্দা। কাঁচা না ফানহা? একটু কাতা কাতা,যে া কযনবিলজনকে কোয়ান্দয়া
test_kishoreganj_0048.wav,kishoreganj,"কাঁচা? কাতা। ও লাস দেলছুইন? লাস কি এইডাই? আইয়ো। লাসতো এইনে কেরে, গরু নাইগাতো, বেইচ্চালতারবাইন।এই জাহাঙ্গীর ভাই, মন দেহা যায় আছে। মৌনং সম্মতির লক্ষনং। আইয়ো",াজাচুন লাসকাইদালাসবিএনকে গোনা গেতআয়া
test_kishoreganj_0049.wav,kishoreganj,"<> মতিউররে আফনে ছাইরা দেম, ইয়া, বে ফরলে আম্নে ছাইরা দেম একটা। দাদা ছাইরা দিব আমারে। ছাইরা দিতাইন না?",রামের চাহারির জামিয়াব্রাগা গামের পাগেজামাকলেজাসা়াদিয়সাইদু নেয়া
test_kishoreganj_0050.wav,kishoreganj,"ছাইরা দেম। বাতাস এবার বেশি না ? না কম? বাতাস তো বেতিই। বেশি? হ। ও , গরু কিনতাইন না?",বাতাসাদার বেশি নানা ক বেশি বলকিনতান না
test_kishoreganj_0051.wav,kishoreganj,"গরু বাছুর কিনতাইন না? গরু <> টেহা ভইরা, টেহাতা উডায়া লই। কবে তুলবাইন? এইতো টেহা দেলবো কয়দিন ফরে। ও। টেহাডি তুইল্লা ফরে, কয়দিন ফরে তুলবাইন? এইতো কয়দিন ফরে।",গরু বাসুকিন্তানিয়া দুলবায়কজমব দলুয়ায়
test_kishoreganj_0052.wav,kishoreganj,"হ্যাঁ? <> তেন টেহা থয়া কতা বলবা? <> টেহা লাগাইছুইন? হইয়ো। হ্যাঁ? হইয়ো। কয় মন ধান? চাইর মন। চাইর মন ধান <> এককানি খেতে <>, দশমন ধান না?",ি এলাকায় ছু সাইমুন দানী্দরকুমার একান নেতে পদ্ধ হবসুা
test_kishoreganj_0053.wav,kishoreganj,"আইন্নেরে কয়মন দিব? চাইরমন দিব। চাইরমন দিত কেরলাইজ্ঞা? কম ই দিব। কত দিছো পঞ্চাশ হাজার? হ। তে তো ফঞ্চাশ হাজার দিয়া ফঞ্চাশ <> আমারে লজেন দেও। দেমনে, দুহান খুললে দেমনে। না <> দুহান খুললে তরে লজেন দেমনে হ্যাঁ?। <> তরে তো কইছি লজেন দেম",া়িকত সমন্টাতরা েতমা দোয়ানপিল তোলাতদর্দে আন্থক সিল দন দে
test_kishoreganj_0054.wav,kishoreganj,"না অহন। লজেন দ্যায়াম। দুহান খুললে লজেন দ্যায়াম। না। মাহিন, মাহিন তরার ফরিক্কা শ্যাষ? হ। হ্যাঁ? হ। এই কি ফরিক্কা অইছে? <> দইরা তাতারি যাতা দে। তর কালহে কি ফরিক্কা অইছে।",লজনে দোমাং কুলে লমাইন তরাফর িকাশেশ কবকেছে তদে কিবই কিছি
test_kishoreganj_0055.wav,kishoreganj,"বাইংলা ফরিক্কা আউজ্জা। কালহা অইছে ইংলিশ। শুন, তরার বাহাত দু ইয়ো গাছ আছে। মেতি, মেতি, মেতি কায় হেই দুহান অহন। নাই হ্যারার দুহানো। তাতাড়ি যা। হেইডা, হেইডা। সব আইয়া একবারে এনো মেতি কাইতাছে। মাহিন কালহা ফরিক্কা আছে? নাহ।",অবাধইকাটাকা মৃতি ৃতিইডাইাকাল্লবের কাছে
test_kishoreganj_0056.wav,kishoreganj,কালহা অংক ফরিক্কা। কালহা অংক ফরিক্কা? হ। সবারেই? হ। ওহ আইচ্চা। সবারেই। দুহান খুল্লে কাওয়াইয়ামনে?,আলঅংগমিকা সবারে দোয়ানগুলাকাওয়ারনে
test_kishoreganj_0057.wav,kishoreganj,"অহন দুহান বন্দ অহন খাওয়াইয়াম কেমনে? না, কইছি না। কইছি তো খাওয়াইয়ামই। এইযে, এইযে ফক্কির ছাউ। কই? এই যে ফক্কির ছাউ। দুহান খুল্লে খাওয়াইয়াম তো। এই ছাউ আমার। কিরে বিলো মাছ টাছ আছে মারুন যাইবো? হ্যাঁ? বিলো তো আমি গ্যাছি না। ওই ছযাড়া কহনে গাছো উডাইয়া দিবা? ফক্কির, ফক্কির ছাউডা পাইরা দেও। কুন গাছো, কুন গাছো?",ন ায়েকরচিত কাল এমযব কিসািা
test_kishoreganj_0058.wav,kishoreganj,"কয়জন ফরছে? এইযে এইলারে জিগা। এইলান দিবো নে। ওইদ্দিয়া, ওইদ্দিয়া, ওইদ্দিয়া। ফক্কির ছাউ দিবা নি? নিতো গা? হেই গাছ রোকেয়ার চাল দিয়া থমুনি চাও। হেই যা রোকেয়ার গর দিয়া ফক্কির ছাউ বলে আছে? এইডা রোকেয়ার চালডা। হেই বাসাত দেই গা।",েগিএইলাজিা এলাজি পটাউড ভাউুবকে তদিবানিন্তুকা গালোযা কেটা রাথা ব কেধা কনাফুকে ারাধো
test_kishoreganj_0059.wav,kishoreganj,"এইডা আইন্নেরার গাছ দু। গাছ দু আইন্নেরার। নেউগ্যা গাছ নেউগ্যা। ফক্কিডা নিতোগা এইডা? আযান ফইরা যাইবো। কাশ কইরালচে। এ মাইন্না ফারিছ না, ফারিছ না। ফালতারতে না।",ইনিা ফাজিত নাই ফাজিত নে ফাল পাত্তেনা
test_kishoreganj_0060.wav,kishoreganj,"আরে পালতারতে না। ফারিছ না। ওইদ্দিয়া, ওইদ্দিয়া। আরে ফাহি নেইগ্যা। যে যার আছে ছাউ নেইগ্যা যা। নেগা। <> কি করতাম হাইরি টাওনো সুক নাই।",আই ফাল তাতে নাভাইস না উবঘইনেজাযা াড়াছে চানেকে
test_kishoreganj_0061.wav,kishoreganj,"হওর বাইতে, হওর বাইত গেছলে? বুসেন<> মুরুব্বি খালি কইরা যাইন। আইন্নের হাতো মুসলা। আরে উটতারতে না। ফইরা যাইবে। ওইযে ওইদ্দিয়া, আমরার কাডো হুইত গিয়া। তর বাফ, তর বাফে আমারে বহা দিবো। ফিজো থ গা, ফিজো থ গা,ফিজো থ গা। বহা দিতোনা। তর বাফেরতে আগে অনুমতি লইগ্যা।",আবুতাতেন পড়বে তলাতলার অবাধ হয়দি়ে ত অফিযু তব্তা়বাগমিনটলিখ
test_kishoreganj_0062.wav,kishoreganj,"তর বাফের এনতে আগে অনুমতি লইয়াইগ্যা যা। অনুমতি আমার এনতই লইছি। গিয়া তর বেফেরে জিগাইকগ্যা যা, আব্বা গাছো উটতাম? ফক্কির ছাউ ফারতাম? না। আম্মা কইছে। তর মাও কইছেনা। মিছা কছ ক্যারে? না কইছে। আমি তো ফুরাইয়াই দিছি। জ্যাডারে কইয়া দিছি না? জ্যাডারে কইছে, জ্যাডা তো কইছে ফক্কির ছাউ তরে নিতো।",রা ফ্যন তাকে মনুরুলযগেযে তরা দিয়াআাতারেদাফু়া ইদ সিজা দাক সিনে জায়া আকজে দা এত কৈসা পকিতা তন্ত
test_kishoreganj_0063.wav,kishoreganj,"ও চুল ছিড়ালচে। চুল, চুল ছাড়, চুল ছাড়। নিবির দা রে কও বাইর কইরা দিতো। চুল ছাইড়া নাম নাইলে খারাপ আছে। এমনে দইরা কামড় দিয়াম। পুলাফাইন। হেই দওরে ক্যাল্লা এইডা?",ুচুচাতুর সুরটানা নাম ানান কাপাতাছে াভাএদৌ একেলাইরা
test_kishoreganj_0064.wav,kishoreganj,উডাইয়া দিতাম কান্দো? হ। দুই গাছো। উডাইয়া দিতাম? জ্যাডা নামায ফরতাইন না? অইয়ো গুছল লইয়া। গেছে একটা বাদে গেছলাম। বাদে ক্যারে? কাম আছে।,৯সতে নেয়া গেছাউটা পা থেখাবাদেগারে কাম আছে
test_kishoreganj_0065.wav,kishoreganj,"ইশ! মাথা ব্যাতা? কাম আছিন। কামের লাইগ্যা আরকি। নাস্তা খাইছিলাইন? অইয়ো। দেহুইন,দেইক্কো ফক্কির ছাউ নিবোগা পাইরা। নেউগ্যা, নেউগ্যা। ফক্কিরারে তা নেইগ্যা পাইরা। আইন্নেরা ফালতো না কেউ? নাহ হ্যাঁ? নাহ। অহ।",নাকামানগবপগে তন্দাকে
test_kishoreganj_0066.wav,kishoreganj,আফনের নাতিনরে নিয়া। <>,ফোকেসরাউটে নেকে ভারিা
test_kishoreganj_0067.wav,kishoreganj,"অমুক-তমুক গিয়া, গিয়া, গিয়া, গিয়া তুমি গিয়া, গিয়া, গিয়া, গিয়া কই আছলা হহুর বাইত? কত দিয়ামওলে এলে এলে তর দিতাম না। না। দিবি না।",তু মুখিয়াগেযাগিয়াগে তুরগিযাগয়ািয়াডা কোইয়াস্তা হোরবাই জেমবে এর এল এলেতৈতাম
test_kishoreganj_0068.wav,kishoreganj,"দিয়ামতো দুহান খুইল্লালক। ফরে দিতারতাম না? অহন। তুমার বউ? যাহ, মাংডা। অহন বইয়া বইয়া কারে দেকবাম? মোজো মামা দুইডা ছাউ ফাইছে ছুডু। কিয়ের? বাতালিক্কের। বাতালিহের ছাউ ফাইছো? হ। অহ আইচ্ছা।",দ়ান্ত দো়ান খুলেলুতুবাতালিয়া ছাফাযইসা
test_kishoreganj_0069.wav,kishoreganj,"বাতালিকের ছাউ? নিবা? পালবা? না, আমি ফক্কি ফালি না। নিব্বা রে দিয়ালা। নাহ আমি ফালি না। তুই ফালবে? নাহ। জ্যাডা ফাল্বাইন? নাহ। আইন্নে তো ইয়ের দারো রাইক্কা দিতারবাইন। ইয়ের তলে রাইক্কা দিবো নে। ফক্কি ছাউ ফালি না আমি। ফক্কির ছাউ ফালি না। তুই নিয়া, তুই নিয়া ফাইল্লালা। আমারে তে টাকা দে।",ংকেন নিেলবেরাজা ভালোআইাই়াদ্া কিতাপাযর াটাকাতি
test_kishoreganj_0070.wav,kishoreganj,"আমি এইতা আনতে যাইয়াম? অইয়ো। জ্যাডা আমি নিলেও ট্যাহা লাগবো ফক্কির ছাউ কিনতে? তে কি? বিশ ট্যাহা লাগবো। আমি নিলে নি ট্যাহা লাগবো? তে কি? বিশ ট্যাহা লাগবো। তে জ্যাডা আমারে তো বালা ফাইন আইন্নে। বিশ ট্যাহা, বিশ ট্যাহা। তে আমার এনতে ট্যাহা নিবাইন? ট্যাহা দে তে আমারে। বিশ ট্যাহা দে।",আমি অতিহালা বহু কিছয় নিতে আমিনল ইতিয়াদাবু া আমার তো বাধা হয়নান আমা দতিয়ানিমা
test_kishoreganj_0071.wav,kishoreganj,"আরেহ না এইডা অয় না। বিশ ট্যাহা দে। বিশ ট্যাহা দে হাতো দিয়া ফক্কির ছাউ নেইগ্যা তুই। তে আমারে তো একটা মাগনা ছাউ দিতারুইন আইন্নে। ণেইগ্যা একটা মাগনা নেইগ্যা আরেকটার ট্যাহা দে। তে একটা নেই, একটা মাগনা নেই। আইচ্ছা। হ্যাঁ? আইচ্ছা। এই গুয়াইল তো পালতেন না, না? না।",বৃত্রিহাদো জন ে পকে আমা দাকে মা় নাদিত একেমাগুা
test_kishoreganj_0072.wav,kishoreganj,"না, আমারে কইও ফক্কির ছাউ দিতো। এডার দাম বিশ ট্যাহা চা। আমি বাতালিকের ছাউ বেছবাম। কিরে? বিশ ট্যাহার ছাউ দে না? জ্যাডা, জ্যাডা বিশ ট্যাহা চা। কি ও বিশ ট্যাহা চাও? কইলাম মাগনা দিয়ালাইন। আরেকটা পায়রা নেই গা।",দামবৃষ্টি ়াসা বে ২০২০ টিাসা ১বিসা ে মাঙাদাহ়নিগা
test_kishoreganj_0073.wav,kishoreganj,"ফাগের লাইগ্যা। হ্যাঁ? ফাগের লাইগ্যা। আজিয়া যদি বহে? ক্যারে বকতো হ্যারে? বকলে আগে আমি আছি। আমি কই জ্যাডা জানে কইতাইন। জ্যাডা কইবো আইন্নে কইছুইন আরকি আমারে। আইচ্ছা আমি কইয়াম নে। কইবেন নে? তাইলে তে আইচ্ছা আমি একটা নিয়াম নে? হ্যাঁ? আইচ্ছা। উডের বিত্রে তরে উডাইয়া দিছি না? না, মইসের গলাত আমারে আঙ্গাইয়া উডাইয়া দেও।",দেরদাগানে প়দান দা গোনানে প়ি াে ে
test_kishoreganj_0074.wav,kishoreganj,"তরে উডইয়া দিলে তো আমি নিতারতাম না। তুই নিয়া ফাইরা একটা লইগ্যা। তুই ফাইরা একটা নেইগ্যা যা। না। একটাই ফারাম। দুইডাই ফারাম। তে দুইডা ফাইরা নে। তুই নেইগ্যা। তুই নিলে তে আমি নিতাম না। না, তুমারেও দেও। তে নিবি ব্যাগও তুইল্লা নে। <> ব্যাগো থুইলে না? হেইদেক, হেইদেক ফাগলা আয়া বইছে খ্যাতো। তরে তুইল্লা দিছি না কতখানি? না, নিবির রে।",ত়ল গাদাে তামিজাতা মাতুন ভাই একেলগোে বুলনিনিবেদন কে
test_kishoreganj_0075.wav,kishoreganj,"আংগাইতারে না। না আমি আংগাইতারি না। আমি লাগুর ফাই না। নিবিরের ঘর। ফাগলা , ফাগলা <> আরে গাছ ডাইলের মইদ্দে উডতারতে না। ফ্যান্ট কুইল্লা, ফ্যান্ট কুইল্লা। তর <> থাহুক। <> দ্যায়া তুলবে নে। দরমু?",ইগাদাইলে ধুংাম্যানকলে মেয়ারদা তুলবে নে
test_kishoreganj_0076.wav,kishoreganj,"কিদ্দিয়া খাইছোছ? খাইছো কিদ্দিয়া? সহালে খাইছো কিদ্দিয়া? নাইলে মুবাইল দ্যালাও। দিয়াম নে মুবাইল দিয়াম কতক্ষান ফরে। আন্তাজি। জ্যাডা নামায, হগলে নামায ফরচুইন? অইয়ো। হ্যাঁ? ইদের নামায কই ফরছছ?",ফলেল অফেসেওযেন অকরির চ
test_kishoreganj_0077.wav,kishoreganj,"গরম ফানি। মিমরার বাসাত গেছলে? দ্যায়াম তো তো। না। আংগাইয়া দেও। আংগাইয়া দিয়া তর বাফে দেকলে দিতো না। আমি দিয়া দিছি দেহছ না ফরেততে দ্যায় না। নাহ, নাহ, আর কিচ্ছু কইতো না। আংগাইয়া যায়। আরে এইযে দেকছুইন? ফুলাফাইনে কতো কি <> দেকছুইন? না, না।",কোনদোনতআঙাইদার তবায়দার দাজিয়াে যাআর যেদেখছন পুলা অনেক পৌত্র েখ
test_kishoreganj_0078.wav,kishoreganj,"ফাইরগ্যা, ফাইরগ্যা। ফাইর গিয়া, ফাইর গিয়া। যা। জ্যাডা তো অনুমতি দিছেই। ফাইরগ্যা, ফাইরগ্যা আমি তো কইছি। কুনু ট্যাহা লাগতো না। তাইলে আমারে আংগাইয়া দিতো কও। আংগাইয়া দে। তরে নডির ফুতে আংগাইয়া দিছি না? এহ নিজে <> আই নডির ফুট হিবা তরে আংগাইয়া দিতাম? না, না, হিবা, হিবা, হিবা আংগাইয়া দে গা যা। হিবা তরে আংগাইয়া দিয়াম।",া া দেয়ত অনুমতি দিছে তিলাকা আিতউঁনটিয়া লাগবে ঐই বহিবানিম াগান আঙা
test_kishoreganj_0079.wav,kishoreganj,নান্দনে কার লাইগ্যা মারছিন? এইযে কি না ক? আস মারছে? ফাতি আস? চাইরটা মারছে। কালহা মারছে? হ। চাইরডার দাম আছে কতো অইবো? জ্যাডা?,নান্দকালোইয়ামাছিন কিনাক আশ মাছি ি
test_kishoreganj_0080.wav,kishoreganj,দুই তিন হাজার ট্যাহা বেছতারবো। কতো? দুই তিন আজার ট্যাহা? হুম। এরা বেছে না। খাইয়ালায়। এরা তো খাইয়ালায় দ্যাহা যায়। ফাতি আস খা। বেইচ্চালতো না? বেচ্চাইলায়। নিজেরা? হুম।,২ুতিনতিয়া বেছেন না খায়লাএ়াতখা আলাদাযা হাতফাভাদেশ কালবে মিো
test_kishoreganj_0081.wav,kishoreganj,"না, ফক্কিডি দেহুনই লাগবো আমার। দ্যাহি যে কতখানি লাম্বা অ। আই নেভি এমনে আইয়া বইন। একটা খেজুর লইয়া আইন। আই একটা খেজুর লইয়া একটা আইন খাইয়াম নে।",অ্যনেবিয়ানাবু খেদুল্লিং রজকযাদুলেন টাইমনে
test_kishoreganj_0082.wav,kishoreganj,"আম চুক্কা, জাম মিষ্টি। তুমকির ভাইডা গ্যাছে গা বেড়াইতো।",আমচুকা দামছোমে গা থাকে ব্যায়তো
test_kishoreganj_0083.wav,kishoreganj,কেডা? লোহেরা। হে? লোহেরা। <> হে। <> আফনেরার হেনদা গাড়ি চলে না? না। কতকান লাগে হাঁটতে গেলে আইলে? বেশিক্ষণ লাগে না। এক ঘন্টা? না।,আটাই লাগে া়কতকালা হাটে গেলে আইলে
test_kishoreganj_0084.wav,kishoreganj,হেন যাইতে বলে বাইজ্জা আটকায়া জাগা। আটকাইয়া ইতু জাগা আবার কি। গাড়ি যায়তুইনা? এ আমারও একটা লইয়া।,াদযলা বা াটেরাগাএ আমালআকলে এ
test_kishoreganj_0085.wav,kishoreganj,এহন সৌদি আরব কি এমন? নাহ। হে। বয়া থাহন যা না? হিনো মাডি পাইছোচ না? মাডি নাই। হে। সব পাথর। পাক্কা। হুম। সব পাক্কা।,না
test_kishoreganj_0086.wav,kishoreganj,হেদের খেজুর এমন হ কেল্লেইগ্যা? হেদি হেমুন কেল্লেইগ্যা? হেই দেশের খেজুর একরে মিষ্টি। এই যে কাঁচা ডাল আছে না। হে। কাঁচা ডাল গুরের মত মিষ্টি। হে দেশের খেজুর এমন বড় বড় এমন ফাশ হ কেল্লেইগ্যা? ইডি এমন কেল্লেইগ্যা? হে? কি কইয়াম। ইডি এমন আলি হিডিরমিতে তো বড় বড় আলি নাই।,েমুনকে লাগেএমন ব়ব ফােএজি এমন আলিহেদিমা ত বলব আলিনা
test_kishoreganj_0087.wav,kishoreganj,হিডির মইদ্দে ছুডু ছুডু আলি না? আলি ঠিক আছে কিন্তু হিডি খাইতে মিষ্টি লাগে কিমুন লাগে খাইতে। হুঁ। সৌদি আরবের খেজুর। ভালাওই লাগে। অহন ইয়া কি না ক।,আলিতিকে জাকেনদই দি কাইতে মিশটি লাগে কিংলা কাইতে
test_kishoreganj_0088.wav,kishoreganj,রোউজা। হেইদিন কি তুই ইয়ে আবিরার জমজমের ফানি কাইছোছ? হ। কিমুন লাগে? জমজমের ফানি বালো লাগে। বেছে না কিন্না খাইলাগে? মক্কা তুমার কি মাংনা? মক্কা মাংনা? হুম। হেইযে মদিনার মদ্দে ফানি কাওয়ায়। মদিনার মদ্দে ফানি নেয় মক্কারতে। মক্কারতে আইন্না কাওয়ায়? হ।,রোজা েি আবিজমন খানকা কি াবছে না কি মকা তুমামোদিয়ামে মানকযামোঅনা া
test_kishoreganj_0089.wav,kishoreganj,সবসমো? হ। ওহ। রাইহাইন্না কি কয়? কি কইবো? হুম? কি কইবো? হে শাট ফিন্দে না? না শাট ফিন্দে না। সবসমো ফাইঞ্জাবি ফিন্দে। সব পাকিস্তানি,ময এ্যামেকনিকোসাখমেনা সবানজরভ পাকিস্তি
test_kishoreganj_0090.wav,kishoreganj,"এ নামাজ ফরে? নামাজ ফরে। <> পাকিস্তানের লগে আছলে? হুম? <> মুডা বুলে বটকা বটকা? নাহ। হে? হুগনা, পাকিস্তানি হুগনা।",ফপাকিস্তানল কাতলিমুদাউলে ট্
test_kishoreganj_0091.wav,kishoreganj,"<> এইন্তে বুলে লুডি কা? কালি রুডি কা। লুডি কা? হুম!। অহ। ফুংডা আছে, না বালা? বালা। ফুংডাও আছে কোট্টি",লুজিকা রুডিকা ুনগাছেনা বালা
test_kishoreganj_0092.wav,kishoreganj,"কি কয়? পাকিস্তানি, পাকিস্তানি বাষা কয়, না সৌদি আরবের বাষা কয়? হিন্দি বাষা কয়। হিন্দি। তুমকো নাম কেয়া? হ। হ্যাঁ? তুমকো নাম কেয়া। এ মুস্কো এই তুমকি কি করো? তুমকো নাম কেয়া?",পািস্তান বাংলাদেশটে পাকিস্তানি ভাষা কোনো সুজা বাসাকো হিন্দি ভাষা হিন্দি তুমকো নামকযা তুবগনাকেবুস্কোয় টুকিকি করুতুকনামকেযা
test_kishoreganj_0093.wav,kishoreganj,"ও হের লগে অতদিন থাকছস? না? নামাজ ফরে ফাছ ওক্তো? ফাছ ওক্তো নামাজ ফরে। তরা ফরছস না হেইনো? নামাজ ফরছি, মাঝেমাঝে। কেরে হেইবালা ফরছস না? না। কেরে? এম্নেই। মছছিদো ফরছস? হ, মাঝেমইদ্যে ফরছি",হ্যালত থাকছ াজফরে ামচি
test_kishoreganj_0094.wav,kishoreganj,"মচ্ছিদো আমরা যেবা বইয়া তাহি, এবা কেউ বইয়া তাহে। মাইনষে, না? হুম! হ্যাঁ? নামাজডা ফইরাই তালা মাইরালা। এহ? নামাজ ফইরাই মচ্ছিদো তালা মাইরালা। কেরে? মচ্ছিদ কুলা তয় না",আমাই আমাদের বই তেবা কেবই তোনডবুর এইাঅনসরি মুিত
test_kishoreganj_0095.wav,kishoreganj,"বিআইপি মচ্ছিদ না বেডা? ছুরে নিবোগা? ছুরে নেওয়ার লাইজ্ঞা না। তাইলে সিসি ক্যামেরা ফিট করা আছে। কেরে? ফরে দিয়া আর নামাজ ফরে না? সবাই এক লগে নামাজ ফরে? এরফরে আর নামাজ ফরতো না কেউই? না, এরফরে তালা মাইরালা। এর ফরেদে কেউ আইয়ে? এরফরে দিয়া আর নামাজ ফরতারতো কেউ মচ্ছিদ। টাইম দেওয়া?",ফয়দা নোসন কলেনছরে এফায়ান
test_kishoreganj_0096.wav,kishoreganj,অহ। তে তুই এনো নামাজ ফরছস না? হ নামাজ ফরছি। গুসল হইরালায়াম মুশারপ। বইন। গুসল হইরালবাইন? <>,ন বই লে
test_kishoreganj_0097.wav,kishoreganj,"<> ফরিবেশটা কিমুন? বাতাস আছে? হ, বাতাস আছে। হ্যাঁ? <> গাছফালা নাই? গাছগাছালি নাই। হুম? গাছগাছালি নাই। গাছগাছালি নাই? মেগ আইলে ফানি কই যায় এইতা? মেগ আইলে ফানি রাস্তাত নাইম্মা ফরে। হ্যাঁ? রাস্তাত। রাস্তাত নাইম্মা ফরে? <> আমার লাইজ্ঞা একটা খেজুর লয়াইজ্ঞাছে, আমার লাইজ্ঞা, যাহ।",াম্যািে ফানি ইাসেবিকিআলাকাইলোকে কামো া
test_kishoreganj_0098.wav,kishoreganj,"<> মাগনা খাওয়াইবো? হ তুমি গেলে খাইতারবা মক্কা। <> হুম। হুম? কি কওন লাগবো? আরবি ভাষা হিকচুইন <> আরবি ভাষা কওন লাগতো না। তোমারে এও দে থয়া দিছে, এইবা কানি দেয়া, মক্কার কানি দেয়া, নল দেয়া থয়া দিছে। নল লাগানি। হমানে এয়া হরবা, চালু দিবা, ফানি বাইর অইবো। এইযে মসজিদের মত আছে না? এইবা সিস্টেম করা। হ এ গেলাস আছে। গেলাস আছে, গেলাস দেয়া থয়া দিছে। হমানে খাইতে থাকো",তুমি গেলাইাআরভিও আশা করনা তরে ইয়া ওজাদে যে বাকানি দিয়া মক্কারখানি দেয়া মলদাতৈরিছি নলাগানিও মনে য় ইনাবার চালু জিবা হয় নিবাটি উবদ বস্থিতমত আছে নাই১া গযালা আে গ্যালারদে ২লছে মনে কাইতা তা
test_kishoreganj_0099.wav,kishoreganj,"<> গাছ কি এমুন? না অইন্য কালার? না, এমনই।",হ সেলিবসকি মূন অন্নকালা
test_kishoreganj_0100.wav,kishoreganj,মুস্ক কি? কয় কিয়া বাত। কিয়া বাত। কি?,মুস্কো কি কেয়াবাত ইকি
test_kishoreganj_0101.wav,kishoreganj,"ক্যারে ফরতাছো? এনতে এই জাগাত কইছে না? হুম। ফর,ফর, ফর। উদ্ভিত তার খাদ্য বৃদ্ধির পরাগায়নে ও জিবের বিস্তরের জন্য প্রানির উপর নির্ভরশিল। নির্ভরশিল টিকাছে। ঊদ্ভিদ কুনডা আর প্রানি কুনডা এইডা ক?",এ উদ্বিত্তা খাদ্য তৈরি বিদ্ধি পোয়াগায়ন ওজীবের বিস্তারের জন্য পানির ওপর নির্ভীউদ্বি্তুনার ানেখক
test_kishoreganj_0102.wav,kishoreganj,"উদ্ভিদ অইছে গাছ-পালা। প্রানি- গরু, ছাগল, মানুষ। উদ্ভিদ অইছে গাছ-পালা, প্রানি অইছে? গরু, ছাগল, হাস-মুরগি, মানুষ। গরু, ছাগল, হাস মুরগি টিকাছে? হ্যাঁ। মাতৃ উদ্ভিদ তেকে বিভিন্ন স্থানে ছড়িয়ে এই যে, এই যে জিবে ছড়িয়ে পরাই হলো বিজে বিস্তরন। বিজে? বিস্তরণ। বিস্তরণ।",পা্রামাতনি উদবিত্তেকে বিভিন্ন স্থানে ছড়িয়ে জীবের ছড়িয়ে পড়াই হল বিজে বিস্তন বিদে বিস্তনিে
test_kishoreganj_0103.wav,kishoreganj,"বিস্তরন ঠিকাছে? আই ফানি খাইয়া ল। ইয়া বই ল,সাধারন গ্যায়ান বই ল। এইডা আর কয়ডা। এইডা তো কয়ডা তো ফরছছোই। ফাচ আর তিন কতো? আট। চাইর আর এক? তিন আর এক চাইর। ঠিকাছে। শুন্য শুন্য। হ্যাঁ অইছে যাও সাধারন বই লও।",ানিয়া ল ইা বইল াগতকতমাসআিত ৮সা়ারে৩চ
test_kishoreganj_0104.wav,kishoreganj,"আগে আমারে অংক দেও। পরে সাধারন গ্যায়ান বই। এইযে, জিবে, জিবে বিস্তর নতুন উদ্ভিদে, নতুন উদ্ভিদকে আবার গরে তুলতে সাহায্য করে। এভাবেই পরিবেশের উদ্ভিদ ও প্রানি একে অপরের উপর নির্ভরশিল। এভাবেই পরিবেশের উদ্ভিদ ও প্রানি একে অপরের উপর নির্ভরশিল।",জিবে জিবেবিস্তা নতুন উদ্ভিদে নতুন উদ্ভিজের আবাস গড়ে তুলতে সাহায্য করি এভাবে পরিবেশে উদ্বিত পানি একে উ
test_kishoreganj_0105.wav,kishoreganj,"হাত দো গা বাইরে যাইয়া। কতো জানি ক? তিন কদম। হেইদে, পুকা, মাকর, উদ্ভিদ কেয়ে বেচে তাকে, পুকা, মকোড় উদ্ভিদ কেয়ে বেচে তাকে, পুকা, মকোড় উদ্ভিদ কেয়ে বেচে থাকে। এইযে আমারও আবার, পুকা, মকোড় উদ্ভিদ কেয়ে বেচে তাকে। আমরা এইযে আবার।",পুকামাকর উদ্বিদকে বেঁচে থাকে পুকামোক উদ্ভিদকে বেঁচে থাে পুকামাকোর উদ্ভিদকে বেঁচে থাক়ে আবার
test_kishoreganj_0106.wav,kishoreganj,এই এইনি একটু ফরোছেন। শুইনা শুইনা একটু ফরোছেন। কুনে? এই একটু ফরোছেন। সকল প্রানীর শক্তি প্রত্যক্ষ বা পরোক্ষ ভাবে উদ্ভিদের উপর নির্ভরশীল। হুম,নিটি পা সকল প্রণীর সতি প্রত্যক্ষ বা প্রৎপরোক্ষ ভাবে তদ্ভিদের উপর নির্ভর শিশ
test_kishoreganj_0107.wav,kishoreganj,"উদ্ভিদ সুর্যের আলো ব্যবহার করে <> নিজের খাদ্য নিজেই তৈরি করে। পোকামাকড় উদ্ভিদের, উদ্ভিদ যে খেয়ে বেচে থাকে। আবার ব্যাঙ পোকামাকড়ের খাদ্য হিসাবে গ্রহন করে। এভাবেই সব ব্যাঙ খায়। এবং ঈগল সাপ",বিচ সুর্যের অলা ব্যবহার করে নিনামিতের খাদ্য নিজেরন বা উকা মাকর উদ্ভিদের উদ্ভিজ্যে খেবেচেথাকে আওয়ারবেন োকামাকরে খাদ হিসাবে রহণকরে ভাবে ইসব বযং ঘরে বং ইগোল সাপ
test_kishoreganj_0108.wav,kishoreganj,"খায়। এভাবে, এভাবেই শক্তি থেকে প্রানিতে প্রবাহিত হয়। বাস্তুসংস্থান উদ্ভিদ থেকে প্রানিতে শক্তি প্রবাহের এই ধারাবাহিক প্রক্রিয়াই",এভাবে এভাবেই শক্তি থেকে প্রাণীে প্রবাহিত হয় বাস্তবসংস্থান উদ্বিদ থেকে ্রাণীটে সক্টির প্রবাহের এই ধারাবাহিক প্ক্রিয়া
test_kishoreganj_0109.wav,kishoreganj,"হলো খাদ্য শৃঙ্খল সবুজ উদ্ভিদ থেকেই প্রতিটি খাদ্য শৃঙ্খল <> খাদ্যজাল। যেকোন বাস্তুসংস্থানকে অনেকগুলো, অনেকগুলো",হলো খাদ্যা শরৃণখলসঙর অবৃদ্ধেকেই প্রতিটি খাদ্যকিংহল পারেরন খাদ্যজৎযে কোনো বাস্তুবসংস্ার নেপমেকগুলো অনেকগুলো
test_kishoreganj_0110.wav,kishoreganj,"অনেকগুলো শৃঙ্খল, খাদ্য শৃঙ্খল থাকে। বাস্তুসংস্থান সকল। হুম! সকল উদ্ভিদ ও প্রানি কোনো না কোন শৃঙ্খলের অন্তর্ভুক্ত। যেমন - ঈগল, সাপ, ইদুর, কাঠবিড়ালী, ব্যাঙ ও অন্যান্য প্রানিকে খেয়ে থাকে সাপ।",ুলো শৃংখল খাদ্য শৃঙ্খলা থাকে বাস্তু সংস্থান সকল সকল উদ্বিধ ও প্রাণী কোনা গণশৃঙ্খলঅর্তর্ভুক্ত যেমনইগনসক দুর কড্বরইব্যাঙ ওনপ্রণিধ থাকে ওসব
test_kishoreganj_0111.wav,kishoreganj,"<> এই, এ পানিদের শক্তি <> ও অন্যান্য প্রানি খায়। একাধিক খাদ্য শৃঙ্খল একত্রিত হয়ে খাদ্যজাল তৈরি করে। এ পানিতে শক্তি পবাহের একই দারাবাহিক পক্রিয়াই হলো খাদ্য? জাল। শৃঙ্খল। খাদ্য? শৃংখল। এরফরে <> কুনডা <>",পানিরশক্দিঅন্রিক্াদ্যপানিতে শক্তি প্রবাহের একই দারাবা়ি পুক দিয়ে হলো খাদ্য াকুন এখন টাকা
test_kishoreganj_0112.wav,kishoreganj,"আমরা আঞ্চলিক ভাষা কইবাম, শুদ্ধ কইতাম না। হেইদে, কুনডা এইদে, ঘাসেরে খায় কেল খরগোশে, ঘাসেরে খায়? খরগুশ। আবার এ এয়া, ঘাস কেলা কারে খায়, আবার ঘাসেরে কেলা খায়? ফড়িং",ঞ্চিগাছেরে কাকালা খোল বসে গাছে রেকা আবা এইয়া গাছকে লাকা এলাকা আবগাছের কাতাকা ফ়িং
test_kishoreganj_0113.wav,kishoreganj,"ঘাসেরে কেলা খায়? ঘাস ফড়িং? আবার ইন্দুরেও ঘাস খায়। ইদুরেও? ইন্দুরেও ঘাস খায়। আবার কাঠবিড়ালি কি খায়? গাছ খায়। গাছের ফাতা <> ফরে কাঠবিড়ালি কি খায়? গাছের ফাতা খায়। আবার গাছের ফাতা খায় কেলা? হরিনে, হরিনে। গাছের ফাতা খায়? হরিনে। হরিনরে কেলা খায়? বাঘে। হরিনরে খায়? বাঘে",ইন্দোইদুদে় ইন্দুদেবগাসকাদবিয়ালিকিকা গাছাঠব্রিকিরা াগাছএফাতাকাকেলানোে তা রিনদালাকা রনাবাগ
test_kishoreganj_0114.wav,kishoreganj,"আবার এইযে প্রত্যংগ পরাগায়ন প্রানি এইযে দ্যাহ। আবার ফাকিরে ক্যাল্লা কা? ইগল ফাকিরে ক্যালা কা? ইগল। হ্যাঁ, ইগল হ্যাঁ। কিট পতংগ কারে কা ফাকি। কিট পতংগরে কা? পাখি। খরগুশরে কারে খালায় বাঘে। খরগুশরে কারে খালায়? বাঘে। খরগুশরে খালায় বাঘে। আর সাপেরে খায় ক্যাল্লা? ইগল। সাপেরতে। এইযে, এইযে এনে লেক।",েপত্তঙ্গ পয়োগি ানফাঁকিরেক এলাকা ইগোল ভাকিজাক এলাকা কিতপ্রতঙগা িতখগুসতা খাকালা বাগখুসে খাকালা সাব
test_kishoreganj_0115.wav,kishoreganj,"সাফেরে খায় ক্যাল্লা? ইগলে। হ্যাঁ ইগলে। টিকাছে? এনো কি লিকছে দ্যাহো। শক্তির মুল উৎস কূণডা? সুজ্জ। শক্তির মুল উৎস? সূর্য। সুজ্জ। এইডা তো আগে, আরও আগেরতেই মুহস্ত। ফরিক্কাত আইলে অক্করে ঠাডায়া লেইক্কালবা।",সাে শক্তি মূল উশ্বকুণ্ডা সুর্যশক্তিমূলস সুর্যজাগে আওয়াগেতি মস্ত হুইকাতাইলেকর ছাদআিে
test_kishoreganj_0116.wav,kishoreganj,"কুনটির জন্য প্রানিও উদ্ভিদের উপর নির্ভরশীল? খাদ্য। কুনটির জন্য প্রানিও উদ্ভিদের উপর নির্ভরশীল? খাদ্য। খাদ্য। কুনটির জন্য প্রানিও উদ্ভিদের উপর নির্ভরশীল? খাদ্য। খাদ্য। নিচের কুনটি সটিক খাদ্য শৃঙ্খল? চাইরটা, আমি কই। গাস, ফরিং, গাস, সাপ ব্যাঙ।",কুনটির জন্য পানিীয় উদ্ভিদের উপরনি বসে খাদ্য কুন্টি জন্য পানীয় উদ্ভিদওপ নি ন্ডি জনে পানিয উদ্ভিদপনিবসীর খদ্য নিচেই কুন্টি শোরটিক খাদ্য শিঙ্কল সাইটোমিুল গাস ফরি গাসাঁপব্য
test_kishoreganj_0117.wav,kishoreganj,"গাস, গাস ফরিং, সাপ, ব্যাঙ। সাপ, গাস ফরিং। গাস, গাস ফরিং, ব্যাঙ সাপ। কুনডা? গাস। গাস, গাস ফরিং। গাসেরে ক্যালা খা? আর গাস ফরিং রে? গাসেরে ক্যাল্লা খা? গাস ফরিং এ।গাসেরে খা? ক্যাল্লা খা? কি সুন্দর সুন্দর হরিন আছে না? গাসেরে। এই ডা ফরিং এই খা। গ্যাসেরে ক্যাল্লা খা, গাস ফরিং এ। গাসেরে খা কি সন্দর সুন্দর ফরিং আছে না? এইডি ক্যাডা খা? গাসেরে এই গাস ফরিংই কায়। আবার এই গাস ফরিং রে ক্যাডা খায়? ব্যাঙে। ব্যাঙে।",গাস গাসফরিং শাপব্যং শাপগাফু়িং াস ব্য াসগাশমড়ি ব্যংশাকুাগাছ গাছু়িন গাছেরেক এলাকা গাছ ফুড়িংয়ে গাছে রএকা উঝুহুরিঙাছে না গাছেরে গাছুয়ঙকা গাফরিঙিক এলাকা ভ্যাঙে
test_kishoreganj_0118.wav,kishoreganj,ব্যাঙের দেহা যায় ফাল মারে। লালা ফাডের মাঝে দেখবা <> ব্যাঙে ফাল ফালা। লালা ভাঙলে দেহুইনযে খালি ব্যাঙে ফালফালা। ফালফালায় কি খায়? ঘাসফড়িং। ঘাসফড়িং খায়। ঘাসফড়িং কি খায়? ঘাস খায়। আবার এই ঘাসফড়িং রে খায় কেলা? ব্যাঙে। ব্যাঙেরে খায় কেলা? সাফে। ব্যাঙেরে খায় কেলা? সাফে। সাফে। এভাবেই খাদ্য শৃঙ্খল। এভাবেই ? খাদ্য শৃঙ্খল। নিচের কোন খাদ্য শৃঙ্খল সঠিক? এইযে দেহো এইনতে বুইজ্জা ফরবা।,ালমালালামা়ি মাগাসাসমিংকেইকা গাসকাআর এই গাছ শু়িঙ়ে াকালা ব্যঙ্ে ব্েঙ্ে একাকালা এাবে খাদ্যশৃঙ্খলাবে খাদ্যনিচে কুন খাদ্যশিঙ্খল ছুটিকেবুা
test_kishoreganj_0119.wav,kishoreganj,"আচ্ছা হাফেরে কি ঘাস খায়? হাফে ঘাস খা? হাফেরে কি ঘাস খা, ঘাসরে খা? না হাফেরে ঘাসে খা না। আবার এইযে এইযে, ঘাসফড়িং কি ঘাস খা? ইশ! মুবাইল টিপ, এইডা কি লক লাগাইছো? তে মুবাইলো লক",হাফের একটি গাছ হাফে গাসকা ফাঁফের কি গাকা গাশেখা না হাে া গাস কু়িনটি গাছ মু
test_kishoreganj_0120.wav,kishoreganj,"কের লক লাগাইছে মুবাইল, আন্তাজি।ফরো, ফরো, আই অহন ফরো, ফরো, ফরো। ফরে <> এইযে মুবাইল বদ্দ হইরালছি এইযে। নিচের কোনটি খাদ্য শৃঙ্খল মন্তব্য দাও। ঘাসেরে খায় কেলা? ঘাসফড়িং, গাসেরে খায় ঘাসফড়িং। আবার ইয়া ঘাসফড়িং খায় কেলা? ব্যাঙে, ব্যাঙেরে খায় কেলা? সাফে",নিজেকুন্ কার্যজিগল মতবদ গাছাইকেকািাগাসুিা া গাসুনখাকেলা ভেঙ়ে ভেঙে এক এলাশাে
test_kishoreganj_0121.wav,kishoreganj,"<> ফতিদিন আইডিয়া নিলেতো। নামাত করি হ্যাঁ? <> ফরে আগে ফাস্টে বইডা ফরবাম, ফরে এনতে গিয়া গাইডেততে নইবিত্তিক <> এ পরিবেশ দুসনের অন্যতম প্রধান কারণ হলো কি? শিল্পায়ন। পরিবেশ দুসনের অন্যতম প্রধান কারণ হলো? শিল্পায়ন",ফর আগে ফাঁস্টে বোঝাড়াযপরিবেরদুষণে অন্যত পনাকান হলো কি শি্ন্তালো শিল্পায়
test_kishoreganj_0122.wav,kishoreganj,বড় বড় মিল ফ্যাক্টরি বা কারখানার মাইদ্দে গ্যালে তুমি ধার দিয়া আইতা না গন্ধ্যের লাইগ্যা। হ্যাঁ এইডা করা অইছে চাপ খাইলে ই খাইলেই এইডা ছুইট্টা যায়। বিভিন ধরনের আবর্জনা বা বিভিন্ন ধরনের ময়লা আবর্জনা ক্যারে ফালায় ডেইনে দিয়া। ডেইনে দিয়া ফালায়। সামনে দিয়া বাউলি দিয়া সামনে দিয়া গন্ধ্যে দুইন্নার গন্ধ। <> হ্যাঁ?,গল মিল ফ্যাটরি বা কারখানা ম্যাগাযা তুমি দাদেয়াতানা গন্দেল লাগযা বিভিন্ন নধানে আবজ্জনা মযলা আবেদনকেরে গন্দে ু
test_kishoreganj_0123.wav,kishoreganj,"<> এইডা। <> ডেলটাতো বালা, ডেলটাতো ফরিস্কার। কিন্তু বড় বড় মিল ফ্যাক্টরি, শিল্প কারখানা সচল রাখতে বিভিন্ন ধরনের জীবাশ্ম জ্বালানী যেমন, জীবাশ্ম জ্বালানী যেমন তেল,পাকৃতিক গ্যাস, প্রাকৃতিক",ডেলতাত াপুরিষ্কামিল ফ্যাক্টরি শিল্পকাখানার সচর রাখতে বিভিন্ন দনের জিবা সজলা নিজেমন জিবা সজনেমন তেল পাকৃতিক গ্যাস প্রাকৃতি
test_kishoreganj_0124.wav,kishoreganj,"তেল আরকি? পাকৃতিক গ্যাস, কয়লা ইত্যাদি ব্যাবহার করা হয়। কয়লা ইত্যাদি, দেহিছেন কি লেখছছ? বিশ আর অইছে ছত্রিশ কত অইব, ফঞ্চাশ আর অইছে ছাপ্পান। হ্যাঁ ঠিকাছে। দশ আর আশি নব্বই। সাতান্ন আর অইছে চল্লিশ",তেলাকে পরাকৃদিগ্যাস কয়লা ইত্যাজি ব্যাবকয়লা ইত্যাদি ২শআে ৭ফুচপতৈ৫৭আলচে ৪০
test_kishoreganj_0125.wav,kishoreganj,"নব্বই, সাতানব্বই ঠিকাছে। লক কইরা থু, লক কর, কঠিন লক দিয়া থ। আরে কটিন লক দিছি। এই আন্তাজি এই জিনিস। তুমি এই। এনো আমি বই ফড়তাছি অহন লক খুলতা?",৯৭কোটি লোগেরঅ্যাকমোটিলআাি়তুমি বই পাতে ছেন লক্ষটা
test_kishoreganj_0126.wav,kishoreganj,"<> তেল, গ্যাস, কয়লা,তেল, গ্যাস, কয়লা ইত্যাদি ব্যাবহার করে,ইত্যাদি ব্যাবহার করে, এ জীবাশ্ম জ্বালানী হিসেবে ব্যাবহার ই দূষণের প্রধান উৎস। প্রধান উৎস । গাছ পালা কাইট্টা কি হরে?",তেলগ্যাস কয়লা তেলগাস কয়রে ইত্যাদি ব্যবগ বগ এই জিবসজলান হিসেবে ব্যবহয় দূষনে প্রধান উনি উৎকর
test_kishoreganj_0127.wav,kishoreganj,"এইযে আমরা ইট ফুরা না? ইট কিদ্যা ফুরায়? কয়লা দিয়া ফুরায়। আর অহন বর্তমানে কি হরে? গাছ ফুরাত দেলা। ফরেইত্ত সরকারে এও ধরে, ট্যাক্স ধরে। সরকারে ট্যাক্স, সরকারি ট্যাক্স ধরে। <> তুই গিয়া আনতারলে না? ব্যাটারি ইও কইরা আনছ না?",আমাদের ইচুয়ানা ইনাকিদেবধা পয়লা জেব আনবর্তন ই়াকো গাছবা য়পরকারে চেকসেরটে
test_kishoreganj_0128.wav,kishoreganj,"<> আরে <> মুবাইল বদ্ধ হইরালছে,মুবাইল বদ্ধ হইরা থইছে। অই। কুন জিনিস কাঁচা থাকতে লাল অয় এইডা কইয়া দেও, ইয়া ফরালেহা দিছে আমগোরে। এইডা কাটলে লাল অয় তরমুজ, কুন জিনিষ কাটলে লাল অয়, কি? তরমুজ। তরমুজ",ত়া লৈর করে দইয়া বলালে হাদিশাকাঁদলাতৈমুখ পুনির কাঁদলে লালো কি
test_kishoreganj_0129.wav,kishoreganj,"<> এইত। এইযে এমুন, নানা রঙের ফুলফল, নানা রঙের ফুলফল, আমাদের দেশে, আলিফ বাইয়া কইছেনা, খেলা অইতনা? আরে খেলা অইব, এইনো এইনো এইনো ফর, গুডি দেখ, উডি দেখ কই থইছে। আই অহন ফরিস না, আগে সাইড কইরা লই। এইযে আমাদের",নানানঙ্ে ফুলপুলনানানঙ্ে ফুলফোল আমাদের দেটেআইখালে ফলসাদফুল আমাদের
test_kishoreganj_0130.wav,kishoreganj,"<> কুনডা, ফরা কুনডা? এইডি আমাত্তে বুজ্জস? কুনডা ফরাইছি? কুনডা ফরাইছি? এইডি। ব্লু কালারটা কই? এদেশে, এইযে এইযে ফলে হরেক রকমের ফল, এদেশে রয়েছে হরেক রকমের ফল। ফর সুন্দর কইরা । এদেশে রয়েছে অনেক রকম ফল, এদেশে ফলে",বাজ পুন্ধাজএদেশে ফলে হয়েকটকমেই ারানেকামফদেশে ফলই
test_kishoreganj_0131.wav,kishoreganj,"হরেক রকমের ফল। এই দেশের ফলে হরেক রকমের? ফল। ফল। এই দেশের ফলে অনেক রকম ফল। এই দেশের ফলে হরেক রকম ফল। এই দেশের ফলে অনেক রকম ফল। হরেক রকম ফল। হেইদে এনো কাছা থাকলেও কাছা। হরেক নাকি বিভিন্ন ধরনের। হরেক আর বিভিন্ন ধরনের। এই, এই নামডি ক ছেন। কি ফল নামডি ক ছেন। হেইজে, এইডি ক।",হরেক রকমের ফল এেশে ফলে হয়েকমে ফল েক কেশে ফলেঅরেক রকম পকা বিভিন্ন নান্যান কোথািবগনা
test_kishoreganj_0132.wav,kishoreganj,"কলা। কাডল। আম, কাডল, তরমুজ। হুম। পাবদা, লেছু, ডাব, এইযে না কি? বাঙ্গি, আনারস। হ্যাঁ। জাম। হুম, ফরে? হবরি।",লামতাডল তরাদালেসুডাপকিবাি
test_kishoreganj_0133.wav,kishoreganj,"জামরুল, কমলা। ফরে শুদ্ধ ভাষায় কইবে, বই এর ভাষায় কইবে, হ্যাঁ। কমলা, ডালিম, টাল, টাল, আরো ডালিম, আবার ডালিম, এইডা ফানিফল, এইযে ইয়াডা, ফানিফল না জারমুল জারমুল, জারমুল ফল হ জামরুল",সূদ্ধভাষা বইয়ে বাসা তদইানিফ
test_kishoreganj_0134.wav,kishoreganj,"জাম্বুরা, কমলা। এক্কেরে, এল্লা সুদ্দ অইয়া ফর। কলা, কাটাল। কলা, কাটাল, আম। এইযে দেকবা একটানে কইয়াম। শুদ্ধ ভাবে কইবে। কলা, কাডাল, আম, তরমুজ। হ্যাঁ, তরমুজ, পেঁপে। কলা।",কলাকাটাকলা কালাকাটাকামজমতরমু তেপি
test_kishoreganj_0135.wav,kishoreganj,"কাটাল, কলা। কাটাল। আগে এই নামডি ক ফরে ফরিছ। কলা, কাটাল, আম। কলা, কাটাল, আম। হুম। কলা, কাটাল, আম। এনতেইক্কা রিডিং ফর। <> দেখছ তুমরা তো আর বুঝ না।",িবার নিবাদনোটালআমতালাকাি
test_kishoreganj_0136.wav,kishoreganj,"কলা, কাটাল, আম। কলা, কাডাল, আম। কলা, কাটাল, আম। কলা, কাটাল, আম। এইযে এমনে মুহস্ত করবা। কলা, কাটাল, আম। এইযে এমনে না, না ,না। কলা, কাঠাল, আম। এই দেশে ফলে হরেক রকমের ফল। আইচা কলা, কাটাল, আমডা হিক্কালই? কলা, কাডাল শিকছই তো। কলা, কাডাল, আম। তরমুজ, পেঁপে, লেছু। হেইদে এমনে না।",এ দেশে ফলে হ়েকরকমি ফল কলাআধুনিক সূত্র কলাে
test_kishoreganj_0137.wav,kishoreganj,"অইছে? হ। কাটাল, কাটাল, আনারস, কাটাল, আনারস, আম, জাম, পেয়ারা। কাটাল, আম। পেঁপে, বাঙ্গি , তরমুজ, লিছু আরও পচুর ফলে আর অয় ডাব টা কিনছো। ডাব, ডালিম, ডাব, ডালিম । আমি বাতাবি। লেবু জানে না।",কাটাল কাটাল আনা কাটাল আনস আরামজা পিয়ারা পেটি নাঙগি তরমুথ লিস ওপচুর বলে ল় ডাপডালি ডযা ডালবাবাতাবি বাতাবি
test_kishoreganj_0138.wav,kishoreganj,"লেবু, বাতাবি লেবু, জামরুল, তাল, কমলা। কাছা আম, আছা আম, পেঁপে, পেয়ারা। বাঙ্গি সবুজ রংএর। বাঙ্গি কুন রংএর অয়? সবুজ রঙের। হ এইডি দিছিন, এইডি দিছিন। এইডি দিছিন। বাঙ্গি সবুজ রংগের। পাতায় পরে এগুলর রঙ হলুদ ব সোনালি হয়।",জাুতার কমলেপে পেয়াবাহাঙগীর সবুজ কুযঙাঙি সবুরসঙ্গে পাকায় পরে এগুলোরং হলুদ বা শুনালি হয়
test_kishoreganj_0139.wav,kishoreganj,"বাঙ্গি সবুজ কালার অয়। এইহানো ফর। বাঙ্গি সবুজ কালার অয়। রঙের। বাঙ্গি সবুজ রঙের। এইডা মুহস্ত কর। বাঙ্গি সবুজ রঙের, বাঙ্গি সবুজ রংগের, বাঙ্গি সবুজ রঙের, বাঙ্গি সবুজ রঙের। কুনো ফরাইছছ? এইযে এইনো দেও। এইযে এই দাগডা দেক ইম্পরটেন্ট।",বঙি সবুলকালায এ মত বারঙ্ে াবাহাঙী সবুজঙ্গি তহকোন বতো
test_kishoreganj_0140.wav,kishoreganj,"ডায়রিয়ার মতো, ডায়রিয়ার মতো পানি বাহিতো রুগ এবং বিভিন্ন চর্ম রুগে আক্রান্ত। এই এনো কিতা? এনো তো কিচ্ছু নাই। এইযে এনো দেও। এইদে, ডায়রিয়ার মতো পানি বাহিতো রুগ এবং বিভিন্ন চর্ম রুগে আক্রান্ত। এইযে পানি বাহিতো কি কি রুগ অয়?",দায়রিয়ে মত দা়িয়ামত পানিবাহিত রূপ এবং বিভিন্ন চরমরোগে আক্রান্ত এন কিতা দায়রিয়র মতো পানিবায়িত রূপ এবং বিভিন্ন চরমরগী আক্রান্তজেপানিমেয় কিদুবা
test_kishoreganj_0141.wav,kishoreganj,"ডায়েরিয়ার মত বিভিন্ন চর্ম রোগে আক্রান্ত হয়। খাটো যাই গা। খাটো যাইবেনে আগে এইযে কথা কয়া লই। মাডো যাইবা না? কতা কয়া লই। হেইদে, কীটনাশক এইযে মাটি দূষণ কি কইছে, মাটি দূষণ কি কইছে এইযে",দায়রিয়া মত বিভিন্ন টর্মযরোগে আক্রান্ত ের কতাকিটনা সকালে মাটি দূষনে যিগ মাটি দূষন কিগ
test_kishoreganj_0142.wav,kishoreganj,"কীটনাশক, গৃহস্থালী ও হাসপাতালের বর্জ্য , কলকারখানার বিভিন্ন রাসায়নিক, হেইদে, হেইদে, তুমরা কইছো কিন্তু। পদার্থ, তেল, ইত্যাদি মাটির, ইত্যাদির মাধ্যমে মাটি দূষিত হয়।ইত্যাদির মাধ্যমে কি? মাটি, দূষিত হয়। মাটি দূষণের মাধ্যমে কি কি অয়? কি কি কারণে মাটি দূষিত অয়? মাটি দূষিত অইলে এও, কি না কয়া দিছলা?",কিটনাসক গৃহস্থলী ও হাসপাতালে বজকয়কয়কানার নিনু আসা নিপদার্থটেয়ার ইত্যাদি মাটি ইত্যাদি মাধ্যমে মাটি দুষিত কিমাকি তুমাজেশনে কিকিও
test_kishoreganj_0143.wav,kishoreganj,"কীটনাশক এইযে বাঙ্গী, এইযে বাঙ্গী সবুজ রঙের, বাঙ্গী সবুজ রঙের, পাকলে হলুদ বা সুনালি রঙের হয়। পাকলে হলুদ বা সুনালি রঙের হয়। পাকলে হলুদ বা সুনালি রঙের হয়। প্রথম অইছে কীটনাশক, কীটনাশক, হাসপাতালের বর্জ্য, গৃহস্থালীর মানে <> বাড়ির আবর্জনা",বাহাঙ্গীবাহাঙ্গীর সবুজবঙ্গের বাহাঙ্গীর সৌবঙ্াকলে হরুদবাসুনালি অঙে সুনালি অঙেপ্রথমছে কিটনা সব িস্তলি াডি আবদ্
test_kishoreganj_0144.wav,kishoreganj,"ফরেদিয়া অইছেগা কলকারখানা। কলকারখানা ধোয়া। মানে কলকারখানার ধোঁয়া <> মাডির মধ্যে ফরে। বিভিন্ন রাসায়নিক, বিভিন্ন রাসায়নিক? পদার্থ। পদার্থ, তেল ইত্যাদির মাধ্যমে মাটি দূষিত হয়। ইত্যাদির মাধ্যমে মাটি কি? দূষিত। মটি দূষিত হয়",পয় কারখানা বিভিন্ন লাসানি বিভিন্ন আানি পরাপতেকাজিমাদে মাজিটি ি
test_kishoreganj_0145.wav,kishoreganj,"শব্দ দূষণ, শব্দ? দূষণ। শব্দ? দূষণ। বিনা প্রয়োজনে হর্ন বাজিয়ে, উচ্চস্বরে গান বাজিয়ে এবং লাইট স্পিকার বা মাইক বাজিয়ে মানুষ শব্দ দূষণ, কইতাছি, ক, পাকলে সুনালি রঙের হয়। আর আগে কিতা কালার থাহে ?",শব্দশব্দ শব্দ বিনা প্রয়োজনে হনবাজে উচে সরে গানবাজি এবং লাইডপিকাবা মাইকবাজি মানু শব্দ ্আগে গিতা কালাতে
test_kishoreganj_0146.wav,kishoreganj,"আগে কালার থাহে, বাদামী। হ। না না না, লাল লাল লাল। সবুজের মধ্যে সবুজ কালারের মধ্যে। অতখান ভরা এইডা ফরতাসস ? এই লাল ফরতাসস? নাহ সবুজ। সবুজ এইডা মুহস্থ হইরা ল, ফরে কইবে। এই ফরাহানি কইতারতে না। বাঙ্গী সবুজ রঙের, বাঙ্গী সবুজ রঙের। বাঙ্গী সবুজ রঙের। মানে কাচা থাকলে",াদানিসমিটির ময় এরনিরাপতা লালপতাসহ চবুদে যায় মস্এবাহাঙ্গীর স বুজঙ্গি বাহাঙগী সবুজমা কাছাগা
test_kishoreganj_0147.wav,kishoreganj,"কাঁচা থাকলে অইছে সবুজ আর ফাকলে অইছে হলুদ বা সোনালী কালার। এইনি <> বাঙ্গী সবুজ রঙের। বাঙ্গী সবুজ রঙের। বাঙ্গী সবুজ রঙের। বাঙ্গী সবুজ রঙের। বাঙ্গী সবুজ রঙের। বাঙ্গী সবুজ রঙের। বাঙ্গী সবুজ রঙের। বাঙ্গী সবুজ রঙের। বাঙ্গী সবুজ রঙের। এরফরে দেহো, শব্দ দূষণ, শব্দ দূষণ। শব্দ দূষণ কি কারণে? হর্ন বাজাইলে। শব্দ দূষণ কি কারণে হয়?",ে যেসবু থাকলে যে লুদবা শুনানি কাংসবজঙ্গে বাহাগীর সবদ োংি সব জগে বাঙগি সবদর বাংদগে বাংগী জবজার বাংগীশব্দোষন শব্দ ুসজন টিকানা হনবাজ নকিক নয়
test_kishoreganj_0148.wav,kishoreganj,"সাউন্ড বাজাইলে, উচ্চস্বরে মাইক বাজিয়ে, এবং লাইট স্পিকার এবং মাইক বাজিয়ে মানুষ শব্দ দূষণ করছে। <> শব্দ দূষণ মানুষের মানসিক ও শারীরিক সমস্যা সৃষ্টি করে। শব্দ দূষণ মানুষের কি করে? শারীরিক ও মানসিক? সমস্যা",হওনবাদা লহা উৎ্চ সুলে গান বাজি এবং লাইট স্পিকার এবং মাইক বাজিয়ে ানুব্দুস লছ শব্যদুের মানুষের মানুষিক ও সাহনিক সমশ্যা সৃষ্টি কর
test_kishoreganj_0149.wav,kishoreganj,"সমস্যা অইলে <> ঠিকাছে? অয়া যাইব। কুনটি বায়ু দূষণের কারণ? এইযে, কুনটি বায়ু দূষণের কারণ? <> বাঙ্গী সবুজ। কুনটি বায়ু দূষণের কারণ? কীটনাশকের ব্যাবহার? কলকারখানার ধোঁয়া। কলকারখানার ধোঁয়া। ঠিকাছে। কোনটি পানি দূষণের ফলে হয়?",কণটি পায়ে তুসনে বা়াে ণ্ডিবালে াে কিরনা সুবে ব্যকগাখানাকুনটি পানি দূষন ফলে হয়
test_kishoreganj_0150.wav,kishoreganj,"কুনটি পানি দূষণের ফলে হয়? ডায়রিয়া। কুনটি পানি দূষণের ফলে হয়? ডায়রিয়া। কলম ল, কলম ল। কুনটি পানি দূষণের ফলে হয়? ডায়রিয়া। মাটি দূষণের প্রধান কারণ কি? মাটির উর্বরতা হ্রাস, এইযে কীটনাশক ব্যাবহার। কীটনাশক? ব্যাবহার। ওষুধ দিলে কি অয়, মাটি নষ্ট অয়া যায়। ওষুধ দিলে <> ওষুধ দিলে মাটি নষ্ট হয়। পরিবেশ সংরক্ষণের উপায় কোনটি? পরিবেশ সংরক্ষণের উপায় কোনটি?",ুটি পানি দুনি মলেড্ায়ডি খুজবাদবিবয় হয় র্মডি মাটিডিফেনের প্রধান কারণ কি মাটি উবয়তা হাসকিটনাসর ব্যবটিকনা সব ওষু দিলা কিহমাি আছ ওাটি নষ্ট হয় পরিবেশ কোনে উপায় পয়কুনকি ওষিবের সং্য কোনো উপায়কোনট
test_kishoreganj_0151.wav,kishoreganj,"বাঙ্গী সবুজ রঙের হয়। বাঙ্গী সবুজ রঙের হয়। জীবাশ্ম জ্বালানী ব্যবহার করা, এইযে রিসাইকেল করা, রিসাইকেল করা, রিসাইকেল করা। হুম রিসাইকেল করা। বাঙ্গী সবুজ রঙের হয়। বাঙ্গী সবুজ রঙের হয়।",া মসিকাল রাি
test_kishoreganj_0152.wav,kishoreganj,"<> উদবিদের দেহে নব্বই, পায় নব্বই বাগই পানির মতো। উদবিদের দেহে পায় নব্বই বাগই পানির মতো। উদ্ভিদের দেহে প্রায় নব্বই ভাগ প্রানি। উম পানি, পানি। উদ্ভিদের দেহে প্রায় নব্বই ভাগ পানি। উদ্ভিদের দেহে প্রায়। পায়, পাকার পরে এগুলোর রং হলুদ বা সোনালি হয়।",উদ্ভিদের দেহে নপায় নব বাবু পানি মত উবিদে প্রায় ৯াি পািং াপাকায় পড়ে এগুলো রং হল ুৎবাসুনানিয়ঙে
test_kishoreganj_0153.wav,kishoreganj,"<> পাকা বাতালি লেবু ভিতরটা হাল্কা গুলাপি রঙের। ভিতরটা হাল্কা গুলাপি রং। পাতা। ভিতরটা <> পাকা বাতালি লেবু, পাকা> বাতালি লেবুর ভিতরটা হাল্কা গুলাপি রঙের। ভিতরটা হাল্কা?",পাকা বাতালী লেবু বৃতরটা হালকা গুলা পীড়ঙ্গে বিতর্তা হালকা গুলাপাকাপাকা বাতালীলিু পাকা বাতালী লেবুর বৃতর তা হালকা গুলাবীড়ঙ্গে তটা হালকা
test_kishoreganj_0154.wav,kishoreganj,"গুলাপি রঙের। মুহস্ত হর। ফর, ফর",গোলাবিলঙে মতোভাভ
test_kishoreganj_0155.wav,kishoreganj,"হুম! হুম! ফর, ফর, ফর। বাতালি লেবু ইয়া হরলে না কিমুন অয়? পাকা বাতালি লেবুর ভিতরটা হাল্কা গুলাফি রঙের। হাল্কা? গুলাফি রঙের। পাকা ডালিমের ছুটো হয়। ছুটো দানা টুকটুকে লাল। পাকা ডালিমের <> দানা <>",লনখ কিমন পাকা বাতালি লেবুর বিধত্তা হালকা গোলাভীরঙ্গে গুলাি পাকা ডালিমে ঠুট ছুট দানা টুকটুকেলাল া কাকা নিলে দানাজা
test_kishoreganj_0156.wav,kishoreganj,টুকটুকে লাল। পাকা ডালিমের ছুটো ছুটো দানা টুকটুকে লাল। পাকা ডালিমের দানা ছুটো <> টুকটুকে লাল। পাকা ডালিমের ডানা টুকটুকে লাল। পাকা। উদ্ভিদের দেহে পায় নব্বই বাগ পানি। উদ্ভিদের দেহে কত বাগ পানি?,বাগাদালি মিট্রুটেশিটো রানা টুকটুকে লাল পারালিমের দটুটউভিরেজে হেপায় নবি বাগ পানি উদ্েজাবা কতায়া পানি
test_kishoreganj_0157.wav,kishoreganj,"<> কতভাগ পানি? নব্বই ভাগ। নব্বই ভাগ। মানবদেহে সাইট থেকে সত্তর ভাগ পানি, মানব দেহে সাইট থেকে সত্তর ভাগ হচ্ছে পানি। মানব দেহে কত ভাগ পানি? সাইট থেকে সত্তর ভাগ। মানব দেহে সাইট থেকে সত্তর ভাগ হচ্ছে? পানি। মানব দেহে কতভাগ পানি? সাইট থেকে? সত্তর ভাগ হচ্ছে পানি। হ্যাঁ ঠিকাছে",বুদের ব্যাপতা অপানি নবুগা মানবদে ৬ থেকে ৭ত ভাগ পানি৭ঘাটদেরে বছেতলাপান স ব
test_kishoreganj_0158.wav,kishoreganj,"পাকা ডালিমের দানা <> আমোরা কি কখনো সকালে , আমোরা কি কখনো সকালে, ঘাসের উপর বিন্দু বিন্দু পানি জমে থাকতে দেখেছি? হুম হুম। সহালে যেন ইয়া বিন্দু বিন্দু ফানি জইম্যা থাহে, দেখছো এইডা? দেখছো না? দেখছি। <> দেখছে না। তুমারতে বেশি",আমরাদি কখনে সহকাল আমারপরে সকালে গাশেই উ প বিন্দবিন্দু পানি জমে তাকতেই দিখেছি সোনিয়া বিন্দুবেন্ধ হাইনি বলে দেখে দে
test_kishoreganj_0159.wav,kishoreganj,"কিতা? ভুর সহালে গাছের লতার মধ্যে যে ফানি জইম্যা থাহে দেখছছ? ধানের এও এর মধ্যেও তো জইম্যা থাহে। হ। সহালে দুর্বার মধ্যে জইম্যা থাহে, এইডা অইছে কুয়াশা বুঝছছ? অহন তর এইডা ফর। ডালিমের দানা টুকটুকে লাল। ডালিমের দানা টুকটুকে লাল। ডালিমের দানা",বসল গাছফাইকুয়া কুয়াশ দালিমেডদানা টুকটুকেলা লাদাইলিমিট জয়গা টুক টু কেল
test_kishoreganj_0160.wav,kishoreganj,"টুকটুকে লাল। ডালিমের দানা টুকটুকে লাল। ডালিমের দানা টুকটুকে লাল। ডালিমের ছুট ছুট দানা, ছুট ছুট দানা, টুকটুকে লাল। ডালিমের দানা , ছুট ছুট দানা, টুকটুকে লাল। ছুট ছুট দানা, টুকটুকে লাল। ডালিমের দানা টুকটুকে লাল। ডালিমের দানা",িমেডাুক গেলা া়ঠিক ঠুটুদাচত ুটো দানা টুটুকুল ানদানা ুকটক ডল ানাকটে লাড়িে ডানাক
test_kishoreganj_0161.wav,kishoreganj,"এইযে মানব দেহে সাইট থেকে সত্তর ভাগ পানি, মানব দেহে সাইট থেকে সত্তর ভাগ পানি, মুহস্থ হর। মানব দেহে সাইট থেকে সত্তর ভাগ পানি। মানব দেহে সাইট থেকে সত্তর ভাগ পানি। মানব দেহে সাইট থেকে সত্তর ভাগ পানি,মানব দেহে সাইডেরতে সত্তর ভাগ পানি। মানব দেহে।মানব দেহে সাইট থেকে সত্তর ভাগ পানি । মাইনষের শইল্যো সাইডেরতে সত্তুর ভাগ ফানি। মাইনষের শইল্যো সাইডেরতে সত্তুর ভাগ ফানি",মানবদে ৬া০ থেকে শত৬০ ৫ানমনুবদিনদে ট ে দে ৬াহিত থেকে শতা পন ৭া়ে
test_kishoreganj_0162.wav,kishoreganj,"মাইনষের শইল্যো সাইডেরতে সত্তুর ভাগ ফানি। গাছের শইল্যো নব্বই ভাগ ফানি। মানুষের শইল্যো? সত্তর ভাগ । সাইট থেকে সত্তর ভাগ পানি। বেঁচে থাকার জন্য, এইযে , বেঁচে থাকার জন্য প্রয়োজন",টডেটে৯০ বলাহনো সাহ থেকে শত বাপানি বেজে যাকার জন্য দি বই জাগার জন্য দ
test_kishoreganj_0163.wav,kishoreganj,"এইযে প্রাণিদেহে, বেঁচে থাকার জন্য প্রাণিদেহে পানির প্রয়োজন, প্রাণিদেহে পানির প্রয়োজন। গরু ছাগলের কি প্রয়োজন? পানি। পানির প্রয়োজন। মানুষের? পানির প্রয়োজন। মানবদেহে সাইট থেকে সত্তর ভাগ পানি। মানবদেহে সাইট থেকে সত্তর ভাগ পানি। মুহস্থ হর। মানবদেহে সাইট থেকে সত্তর ভাগ হচ্ছে পানি। মুহস্থ হর। মাইনষের শইল্যো সাইডেরতে সত্তর ভাগ ফানি। মাইনষের শইল্যো সাইডেরতে সত্তর ভাগ ফানি",ানিতে বেজিতাকালিন পা়িজিত পানি পানি দের পানি বোঝওলে কিুগন ু মাংসে া ু মানবদে ৬াহ থিকে সত্বান মানবে ৬০ থেকে সা
test_kishoreganj_0164.wav,kishoreganj,মুহস্থ হর। মাইনষের শইল্যো সাইডেরতে সত্তর ভাগ ফানি। মাইনষের শইল্যো সাইডেরতে সত্তর ভাগ ফানি। মানুষের মানবদেহে সাইট থেকে সত্তর ভাগ পানি। মানবদেহে সাইট থেকে সত্তর ভাগ পানি। মানবদেহে সাইট থেকে সত্তর ভাগ পানি। মানবদেহে সাইট থেকে সত্তর ভাগ পানি। মানবদেহে কতভাগ পানি? সাইট থেকে সত্তর ভাগ। সাইট থেকে সত্তর ভাগ পানি।,র দা মানুষের মাজলেসাদারভাগোতপানিু দম
test_kishoreganj_0165.wav,kishoreganj,"ডালিমের দানা টুকটুকে লালা। ঘাস হচ্ছে গাছপালায়, গাছপালা ইত্যাদির উপর বিন্দু বিন্দু জমে থাকা পানি বা শিশির। পানি বা ? শিশির। <> থাহে <> শিশির সহাল সন্ধ্যা না? ডালিমের দানা টুকটুকে লাল। তুমি আমার গাছের শিশির, কাছে আসো",গাছ হচছে গাছপালায় গাছপালা ইত্যাদি উপর বিন্দুবিন্দু জমে তাকা পানি বা শিশি ানি াশি
test_kishoreganj_0166.wav,kishoreganj,"আমি সকালে। এ আছে বনের মদ্দে। শিশির <> কি মানে, দুব্বার মধ্যে ফানির মধ্যে শীতকালে। অহন কম থাহে গরমকালে, শীতকালে, বেশি থাহে। ডালিমের দানা টুকটুকে লাল। এইযে দেহো। রাতে ঘাস, রাতে গাছপালা ইত্যাদির উপর যে বিন্দু বিন্দু পানি জমে থাকে, তাকে শিশির বলে। তাকে?",িেরএকিমানে দুশীতেরকালে াে রাতে গাস াতে গাস গাছপালা ইত্যাদি উ পর্যে বিন্দুবিন্দু পানি জমে তাকে তাকিশিশিব তাকে
test_kishoreganj_0167.wav,kishoreganj,শিশির বলে। শিশির বলে। বায়ু যখন ঠান্ডা কোন বস্তুর সংস্পর্শে আসে তখন বায়ুতে থাকা জলীয় বাষ্প ঠান্ডা হয়ে পানির ফোটা হিসেবে জমা হয়। পানির ফোটা হিসেবে? জমা হয়। জমা হয়। ডালিমের দানা টুকটুকে লাল,চিে বায়ু যখন ঠান্ডা কুনুগস্তুসংস্কৃতে আসি তখন বায়ুতে থাকা দলীয় বাস্প ঠাণ্ডা হয়ে পানির পুতা হিসেবে জপানি পূটা সে
test_kishoreganj_0168.wav,kishoreganj,"বাষ্প থেকে বলে, বাষ্প থেকে বলে পরিণত হওয়াকে ঘনীভবন, পরিণত হওয়াকে ঘনীভবন, বাষ্প থেকে বলে পরিণত হওয়াকে ঘনীভবন। মুহস্থ করো। আমি কিন্তু এইডা <> ডালিমের দানা টুকটুকে লাল। এইদেহো, বাষ্প থেকে তরলে পরিণত হওয়াকে ঘনীভবন বলে, বাষ্প থেকে তরলে পরিণত হওয়াকে ঘনীভবন বলে।বাষ্প থেকে তরলে পরিণত হওয়াকে ঘনীভবন বলে।",বাসপর্দেকে বল বাসাদেকে বলে পরিজিত ওয়াকে বুনিবনৃত য়াকে িাে অবাঁসবদ দেকে তলে পর্ণত হওয়াকে গণিবম্ব বাসালাগে তলে পর ওয়াকে ুনিওন র্য
test_kishoreganj_0169.wav,kishoreganj,"বাষ্প থেকে তরলে পরিণত হওয়াকে ঘনীভবন বলে। বাষ্প থেকে তরলে, তরল থেকে তরল থেকে। বাষ্প থেকে তরলে পরিণত হওয়াকে? ঘনীভবন বলে। বাষ্প থেকে তরলে পরিণত হওয়াকে ঘনীভবন বলে। <> তরমুজের ভিতর টা খুব লাল। তরমুজের ভিতর টা খুব লাল। তরমুজের ভিতর টা খুব লাল। হুম, আচ্ছা, তরমুজের ভিতর টা খুব লাল।",ালেপরিন্তকে তৌমুধে বিটর তা খুব লাল তৌমুদে বিট়টা খুব লা তমুলে বিত ুরথ্য অনুযায়ী বিট়তা খুপলা
test_kishoreganj_0170.wav,kishoreganj,তরমুজের ভিতরটা খুব লাল। তরমুজের ভিতরটা খুব লাল। তরমুজের ভিতরটা খুব লাল। তরমুজের ভিতরটা খুব লাল। কি যে কীটনাশক এবং রাসায়নিক সারের ব্যাবহারে <>,জমিতারতা খুগ লাল ডর্ম জাবিটার টাকু ব্লালডমে ডেবটার দ্র তমি ডা়ভতক ুবিজিইিটনাসক এবং রাসায়নিক সাজী ব্যবহারে কমিয়ে
test_kishoreganj_0171.wav,kishoreganj,"<> তরমুজের ভিতরে লাল টকটকে, তরমুজের ভিতরে লাল, তরমুজের ভিতরে লালে লাল , তরমুজের ভিতরে লাল",মৃতমজের বিতরেরালচকপকেরের ির ি
test_kishoreganj_0172.wav,kishoreganj,"তরমুজের ভিতর লাল, তরমুজের ভিতর লাল, তরমুজের ভিতর লাল, তরমুজের ভিতর লাল <> তরমুজের ভিতরটা? লাল । ফরেরটা মুহস্থ হর।",জের তলেতলেতোমাদের বিটোটা বযপরামতে
test_kishoreganj_0173.wav,kishoreganj,"<> নিরাপদ পানি, নিরাপদ পানি। পুকুরের পানি নিরাপদ না অনিরাপদ? নিরাপদ। পুকুরের পানি নিরাপদ? কেলা কইছে? অনিরাপদ। এইদে",নিরাপদ পা় নিরাপদপুকুরাবানিয়ান নিয়াপ
test_kishoreganj_0174.wav,kishoreganj,"হেইযে ফরা। নদীর ফানি? নিরাপদ। অনিরাপদ। নদীর পানি নিরাপদ। রেড অর্থ কি? লাল। এইডা মুহস্থ কর। রেড অর্থ লাল, রেড অর্থ লাল, রেড অর্থ লাল, রেড অর্থ লাল",নীবানি হেহাদত কিলা মতের বিতলরেডতলেরতলেড
test_kishoreganj_0175.wav,kishoreganj,"লাল, রেড অর্থ লাল, রেড অর্থ লাল, রেড অর্থ লাল। ছাকনী দিয়ে, ছাকনী দিয়ে ছেকে পানি পরিষ্কার করা হলো ছাঁকন। ছাকনী দিয়ে ছেকে পানি পরিষ্কার করা <> নাম কি? ছাঁকন।",আাকুন গি ঠাকুরদেথেকে পানি পরীক্ষা করা হলো াকথাকন দেপান ুকুউুপ়নাম কি
test_kishoreganj_0176.wav,kishoreganj,"লাল। রেড অর্থ লাল। ছাকনী দিয়ে,ছাকনী দিয়ে ছেকে পানি পরিষ্কার করা হলো, প্রক্রিয়া হলো ছাঁকন। প্রক্রিয়া হল ছাঁকন। এইতো কইতাছি। রেড অর্থ লাল। মুহস্থ কর। রেড অর্থ লাল",াপুনি দিয়ে শাকুনদী চল তে কি পানি প াপলো গেল
test_kishoreganj_0177.wav,kishoreganj,"লাল, রেড অর্থ লাল। হুম। রেড অর্থ লাল। আচ্ছা অরেঞ্জ অর্থ কমলা, অরেঞ্জ অর্থ কমলা কালার। অরেঞ্জ অর্থ কমলা কালার, অরেঞ্জ অর্থ কমলা কালার, অরেঞ্জ অর্থ কমলা কালার, অরেঞ্জ অর্থ কমলা কালার, হ্যাঁ এইবায় ফর। অরেঞ্জ অর্থ কমলা কালার।",রড উত্তলাল র য়া্চকলমূরং চত্কবর অরেন চত্তকমলা কালার রে চতকবরন চদকতকরা কা
test_kishoreganj_0178.wav,kishoreganj,"অরেঞ্জ, ক তে কমলা, কালার। অরেঞ্জ, ক তে কমলা, কালার। এইযে, কি না ক? জিবানু মুক্ত, জিবানু মুক্ত পানি নিরাপদ পানির জন্য বিশ মিনিট বেশি সময় ধরে রাখতে, বেশি সময় পানি রাকতে হবে। পানি রাকতে হবে।",যেজীবাণুমুত জীবাণুমুক্ত নিরাপদ পানির জন্য বিশ মিনিট বেশি সময় ধরে আখতে বিপুবিসম় পানি আঁখতে পানি আঁখতে ে
test_kishoreganj_0179.wav,kishoreganj,"কত মিনিট ? বিশ মিনিট। অরেঞ্জ অর্থ কমলা কালার। অরেঞ্জ অর্থ কমলা কালার। এইযে বিশ কিলোমিটার, বিশ, <> বিশ কিলোমিটার। বিশ কিলোমিটার। বিশ কিলোমিটার বেশ সময় অরেঞ্জ অর্থ কমলা কালার। অরেঞ্জ অর্থ কমলা কালার।",আামলালানচতখ২শ কিলোমি ২ কলতিকত গুজে ২০ কিোমিট ২০ ি২০ কিলোমিতা বেশ মট
test_kishoreganj_0180.wav,kishoreganj,"অরেঞ্জ অর্থ কমলা কালার।অরেঞ্জ অর্থ কমলা কালার। অরেঞ্জ অর্থ কমলা কালার।অরেঞ্জ অর্থ কমলা কালার।অরেঞ্জ অর্থ কমলা কালার। জীবানু মুক্ত নিরাপদ পানির জন্য বিশ মিটারের বেশি সময় লাগে, বিশ মিনিটের বেশি সময় লাগে",জীবাণুমুক্তি নিরাপদ পানির জন্য বিশ মিটারি বিশর সময় লাগে বিষ্ণুদেবীর সময়
test_kishoreganj_0181.wav,kishoreganj,"অরেঞ্জ অর্থ কমলা কালার। আর অরেঞ্জ অর্থ হলুদ, ইয়েলো অর্থ হলুদ। এইল অর্থ হলুদ, এইল অর্থ হলুদ, এইল অর্থ হলুদ, এইল অর্থ হলুদ, এইল অর্থ হলুদ,",অরাং চতাকমলাকা অনত হলে দিলতল এলত লতেলতহলএলত হলুতেলতহলতলতলুত এলতহলত
test_kishoreganj_0182.wav,kishoreganj,"কি ফরে, এইল অর্থ হলুদ? এইলো এইলো। ওয়াই ই ডাবল এল ও। এইলো অর্থ হলুদ। এইলো অর্থ হলুদ। এইলো অর্থ হলুদ। এইলো অর্থ হলুদ। এইলো অর্থ হলুদ। উদ্ভিদের পুষ্টি সুশনের জন্য কুনটি প্রয়োজন? মাটি।",এর উদিরে পুষ্টিশুশনের জন্য পুনডিপইবিমা
test_kishoreganj_0183.wav,kishoreganj,"মুসারফ ভাই খারাও এক মিনিট। এহন মাততাম না। এইযে এহন বানাইতাম না। ফরে বানাইয়ামনে আয়। আলিফ ফইক্কা গেলে। ফরিক্কার ফরে। এইযে <> বানাইতাম। এই ফরিক্কার ফরে, এই আগে ফর। আই তরে কইতাছে না তুই ফরবি তুই এইতানো গ্যাছছ ক্যারে?",এবামামেদ অন্মানআলি পইকে গেলেএফইকা পরে এই আগে বড়
test_kishoreganj_0184.wav,kishoreganj,"এলো অর্ত হলুদ। এলো অর্ত হলুদ। আলিফ। এলো অর্থ হলুদ। ইয়োলো অর্থ হলুদ। হ্যালো অর্থ হলুদ। হ্যালো না। অয়াই, ই, ডাবল এল, ও। ইলো অর্থ হলুদ। ইয়েলো অর্থ হলুদ।",এলত হেল নাওয়াই ইদারেলজইলি পরিচালক বা
test_kishoreganj_0185.wav,kishoreganj,"এই ল তে লাল, ল তে লাল। অহন ফরবা না বানাইবা? ফরিক্কার ফরে বানাইয়াম নে। এহন বহা দিবো, তুমারে বহা দিবো। ফরিক্কার ফরে বানাইয়াম নে। ফরিক্কার ফরে বানাইয়াম নে। এলো অর্ত হলুদ। আমার, ফরিক্কার ফরা ফর। এল্লেইজ্ঞযা তো কইতাছি এলো অর্ত হলুদ, এই হলুদ। এইডাই তো কইতাছি।",িঅিবৈকাবাব এ লোতল
test_kishoreganj_0186.wav,kishoreganj,"গিন অর্ত সবুজ, গিন অর্ত সবুজ। গিন অর্ত সবুজ। গিন অর্ত সবুজ। গিন অর্ত সবুজ। গিন অর্ত সবুজ। ফর আরও ফর। গিন অর্ত সবুজ। উদ্ভিতের পুষ্টি সুধানর জন্যা কুনটি প্রয়োজন? মা একটু উদ্ভিতের পুষ্টি সুধানর জন্যা কুনটি প্রয়োজন? মা একটু মুহস্ত করো।",জিনত সবুজ গিনত সবুজ নতসবগিনউদভিদে পুষ্টিশু নেন পুদ্দি পরিত মাটি উবিদে প৯ তান মাটি মছ
test_kishoreganj_0187.wav,kishoreganj,"সবুজ, গ্রিন অর্থ সবুজ। গ্রিন অর্থ সবুজ। কছ না ক্যা? উদ্ভিতের পুষ্টি সুধনের জন্য মাটির প্রয়োজন হয়। কছ না ক্যারে। উদ্ভিতের পুষ্টি সুধনের জন্য মাটির প্রয়োজন হয়। উদ্ভিতের পুষ্টি সুধনের জন্য কি প্রয়োজন? মাটির প্রয়োজন। মাটির প্রয়োজন। কুনটি পানি দুষণের কারন। নদ, বা বর্জ্য।",াউরে পচি মাটি াপাগি পৈলফুঁটি পানি দুশুনের কারণ নমা নদ মা নদবা
test_kishoreganj_0188.wav,kishoreganj,গ্রীন অর্থ সবুজ। গ্রীন অর্থ সবুজ। কুনটি পানি দূষণের কারণ? নদ- মা <> মুশারফ ভাই বানাও দেহি।<> তুমি বানাইবা অহন। গ্রীন অর্থ সবুজ। এইদে এইদে গ্রীন অর্থ সবুজ।,কুঁডি পানি দুষনে কারো নদমালবনদবা
test_kishoreganj_0189.wav,kishoreganj,"গ্রীন অর্থ সবুজ। এইতাই ইস্কুলের? ব্লু অর্থ নীল। না এইযে কিতা। ব্লু অর্থ নীল। ব্লু অর্থ নীল । আমি অহন বানাইতারতাম না, ফরে বানায়াম। অহন বানাইবা তুমি? অহন ফরা থয়া বানাইতাম না। আমিও আজকে ফরতাম না। ব্লু অর্থ নীল। হুম",বলত নিন্ানিলোতনিঅফতে
test_kishoreganj_0190.wav,kishoreganj,"বু অর্ত নিল, বু অর্ত নিল, বু অর্ত নিল, বু অর্থ নিল, বু অর্ত নিল, বু অর্ত নিল। বু অর্ত।",বতালি মুতািলবতালি তলিলুবলি মট
test_kishoreganj_0191.wav,kishoreganj,"বু অর্ত নিল, বু অর্ত নিল, ব্লু অর্ত নিল, ব্লু অর্থ নিল। বাইরে ফালানি। বু অর্ত নিল। অইছে আর কুন লাগদো না। <> হুম? বু অর্ত নিল। আমি নিল দেখতাছি মনয়। অহন বহা দিমু। ব্লু অর্থ নিল। ব্লু অর্থ নিল। এরফরে আরেক ফেরা বাড়ান লাগবো কইছি তো। তুই ফরে আমারে জীবন বরা কইবে।",লিগুতলতলতএব আইপাবানানবিজিত প
test_kishoreganj_0192.wav,kishoreganj,"বু অর্ত নিল। হ্যাঁ, উদ্ভিদের পুষ্টি সুধনের জন্য কুনটি প্রয়োজন মাটি। উদ্ভিদের পুষ্টি সুধনের জন্য কুনটি প্রয়োজন? মাটি। মাটি। কুনটি পানি দুষণের কারন? নর্দমা, বর্জ্য, নর্দমা, বর্জ্য। পানিতে মিশে থাকা বালি, কাঁদা ইত্যাদি সরানো।",উদ্ভিদে পুষ্টি সুল ৯ টি জন াটক পুনটি পানি দুশনের কারণ নদনদযমা দমা মা রযপানিতে মিশে তাকার মাদেমি থাকা বালিকাঁদা ইত্যাদি সনু
test_kishoreganj_0193.wav,kishoreganj,কে কি বলে ? থিতানো। কে কি বলে ? থিতানো। ব্ল অর্থ নীল। ব্ল অর্থ নীল। হুম ইন্ডিগো এইডার অর্থ অন্য <> বলে। হেইতা <>,বোকেকি বলে খিতর হইিলে ইন্দ্িগ যে অতরণ রেখি
test_kishoreganj_0194.wav,kishoreganj,"হুম এইডি থাউক, এল্লা এইডি লেখ। দেইখ্যা দেইখ্যা লেখ। পানিতে মিলিত বালি, কাদা, ইত্যাদি, ইত্যাদি সরানোর প্রক্রিয়াকে কি বলে? থিতানো। ইত্যাদি সরানোর প্রক্রিয়াকে কি বলে?",পাইদে মির দেখা বালি কাঁদা ইত্যাদি ইত্যাদি সরান নুপকষে কিবলে খিতস্বয়ংবুকেকিবে
test_kishoreganj_0195.wav,kishoreganj,থিতানো। থিতানো। <> চরকা বা টায়ার বার্ন ঘুরিয়ে বিদ্যুৎ <> চরকা বা টায়ার বার্ন ঘুরিয়ে কি উৎপাদন হয়?,িটরকাবা টাহায় বান গুড়িে বিলুবংতামান গুয়ে কিউতঙক
test_kishoreganj_0196.wav,kishoreganj,"বিদ্যুৎ উৎপাদন করা হয়, মুহস্থ, জানি এইডা মুহস্থ আছে আমার। শুকানোর জন্য, শুকানোর জন্য হেয়ার ড্রায়ারে বায়ু ব্যবহার ব্যবহার করি। শুকানোর জন্য হেয়ার ড্রায়ারে বায়ু ব্যবহার ব্যবহার করি। মুহস্থ হর।",সুকানুর্জনে সুকান্দের জন্য হ্যাড দেবে বাইপাবা হবে সুকাজি
test_kishoreganj_0197.wav,kishoreganj,<> মাইরালছি। <>,যুপাফয়ফতে দোবা হতে ত
test_kishoreganj_0198.wav,kishoreganj,<> সে নাকি বিদেশে <>,
test_kishoreganj_0199.wav,kishoreganj,<> আল্লাহ <>,পরম
test_kishoreganj_0200.wav,kishoreganj,"একবার <> ফর ফর ফর, ফেইসবুকে এম্নে আও, ফরো ফরো ফরো। না হো। কি?",সাস ফিামাদেফকি
test_kishoreganj_0201.wav,kishoreganj,"সানি, সানি এই দুইডারে মসজিদো বওয়া। <> কত বাজে দেহিছেন। <> আই এম টি আই। টার্বাইন ঘুরালে কি উৎপাদন হয়, বিদ্যুৎ। মুহস্থ কর, মুহস্থ কর। টার্বাইন ঘুরালে বিদ্যুৎ উৎপাদন হয়",ােশেএতাতদ বিদ্যুৎকা
test_kishoreganj_0202.wav,kishoreganj,"আমি একলা <> আচ্ছা ভেজানো শুকোনোর জন্য কি ব্যবহার করা হয়? ডেইয়ের। এইযে হেয়ার ডাই, হেয়ার ডাই ব্যাবহার করে কিভাবে বায়ু প্রবাহ ব্যাবহার করে? হেয়ার ডাই কিভাবে বায়ু প্রবাহ ব্যাবহার করে? কুন জায়গা? অগ্নি নির্বাহক যন্তে কার্বনডাইঅক্সাইড ব্যাবহার করা হয়। অগ্নি নির্বাহক। মানে আগুন নভানুর জন্য কি ব্যবহার করা হয়? কার্বনডাইঅক্সাইড। এইডা মুহস্ত কর।",বেজাল সুকোনোর জন্য কিবহ্েয়াডাহযাডদেদেবখিয় বাইব হে অগ্নিনিবারজনতে কারবনডাই অক্সাইড ব্যবহার অগনিআগুন নিমল জন কিভাবা করা কারবন ডাইঅক্সাইড মথ
test_kishoreganj_0203.wav,kishoreganj,"আগুন নিভানুর জন্য কার্বনডাইঅক্সাইড দরকার। ক্যাডা কইছে? ফানি দু। এইডা মুহস্ত কর কার্বনডাইঅক্সাইড দরকার। আগুন নিভানুর জন্য কি দরকার? পানি। কার্বনডাইঅক্সাইড। মুহস্ত কর, মুহস্ত কর, মুহস্ত কর। এনো আগুন লাগলে ফানি দিয়া রাখলেই তো নিভে। উম, নিব্বা যাইবো গা। আন্তাজি নিব্বা যাইবো গা?",আগুন নিবার জন্য কারবন্ডাআগুনিমািয় কিবাকমআনতেই নিবিদেগা
test_kishoreganj_0204.wav,kishoreganj,"তিরিশটা মিনিট দরা ছলতাছে, হ্যাঁ? বদ্দ হইরালচি আর <> বদ্দ হইরালচো? অহন কিতা? অহনো তো ছলতাছে। এই যে এই যে বদ্দ করে পেলেচি। তুমি এইটা কিতা ভাসতাছো? ঘ, ঘ উ কার ঘু। না, হেই যে ইয়া। হেইডা তো ইয়া আমি তো জানি না। বেগুনি। কই? হেই যে বেগুনি লেইক্কা থইয়া দিছে। কই বেগুনি লেইক্কা",েমিদ্দ্দফিলিে ফিলিয়েছিতুরি একটা কিতা ভাস্ত সতে় আরবার এলাইকো
test_kishoreganj_0205.wav,kishoreganj,"দুইশ, দুইশ। কি হরতাছি না হরতাছি বেকতা তুলতাছস। এর লাইজ্ঞা তরে <>",২ে
test_narail_0001.wav,narail,ওই যে কি ভালো এট্টা নাম জানু। আমরাতো ভাবতাম ওর চাহোর। তা যেই বিয়ে ওইরে ওঠলো সেহেন্তে ঠিক ফালাম যে আলাদা শরিক। কি ভালো এট্টা নাম জ্যানু। তিন শরিকির শরিক।,সেইনতেটিকপালাম যে আলাদা শরিাতিনশটিকিছ
test_narail_0002.wav,narail,"বাগাইনে বাছাড়, ফুইলেসশর, নৃপেন বাছাড় আর ওই যে এট্টা কি নাম জ্যানু। ফুইলেসশরের ভাইর বিটা। বুইছো? কি ভালো নাম। ফুইলেসশরের জমি তাও তো তোর বাবা এই টাহা-ফয়সা দিয়ে।",ানিা ফুলি়াশা নীরিবেনবাসার আর ওইজ্যাট্টাকি নামজান ফুলে সারার বাইর বেটাপয়স দিয়ে
test_narail_0003.wav,narail,নেছে। তা তো সাইরে সুইরে নি নাই। উরা এওনে ভয়তে আছে। আমি যে জমি যে ধরিছি। ওগে কানে গেছে। এবার আমারে ডাইহে কচ্ছে কি যে এরকম ভাডি জমি তো আমরা খাচ্ছিলাম।,রে ভয়তে আছে আমি যে জমিতে ধরিছি ওবে কানে গেছে মারে ডায়েকছ ক ে াড়ি জমি তোমরা খাচ ছিলাম
test_narail_0004.wav,narail,ম্যালা আগেত্তে কাকা আমাগে দিয়ে গেছেলো। এই জমি নিয়ে কি ঝামেলা-টামেলা করবানে নেকি? আমি কচ্ছি ভাই ঝামেলা আমিতো আর কিছু বুঝি-টুঝি না। আমি দেহি জায়গা জমি কি অবস্থায় আছে। তারফরে খাচ্ছেন খান আমি তাই কইছি। তারফরে দ্যাখফানি। তাহরে আমি কইছি আমি তো এগুলো কত্তিছি না। কত্তিছে এক কাগা। কাগারে দিছি।,মেলাগেতে কাকা আমাকে দিয়ে গেছেল এই জমিেকি ধামেরেটা মেলা করমান নি আ াই জামেলামিত কিছু বুঝিটো জি না আমি দেহি জায়গাজমি কি অবস্থায় আছে া খাচ্ছেন খান আিতাইরাংবিছে আমিতেগুলো করতিছে না করতিছে এ কাগা কাগারাদিশি
test_narail_0005.wav,narail,উনি কত্তিছে। ফুইলেসশরের জমি ফুইলেসশরের জমি থুইয়ে ওইভাবে ফুইলেসশর। তা সেইভল জমি <> অতো তো জানি নেকি। তোগে ঘরের খবর আমরা কি এইরে জানবো? তুই তাই ক।,ওয়াতজানিলেকেতব্যবর কত কিরটিকা
test_narail_0006.wav,narail,মনে কল্লিও তো আসতো কতো তাই শুনতাম। মানষির সামনে। তা তোগে ঘরের অতো খবর আমরা কি তোর বাবা কি কইছে নাকি যে এই জমিতি এই ওই জমিতি ওই। এসব তো আমাগে কইছে নাকি? আমরা জানবো? এতো এই যে এগে জমি-জাতি ইরা খাইছে। কিনিছে। এইযে মনে কইল্লে জমিডা এওনে এইনতে একজন কিনতিছে।,মে ্ পয়ত পাইমু রে রক্ত খ্বর আমরা কি তো বা বাকে কইছেনিকি যেই জমিতি এই ওই জমিতোই এ সব তামেগে কইছেএতই যে এদে জমিজাতীরা খাইসিএ কেনিসে এই জমান কেলে জমি ডানানতে একজন কি
test_narail_0007.wav,narail,"অই যে নিতাই কিনতিছে। এই যে তকী কিনিছে। ওই যে আরেক মিয়া কিনিছে। আমরা দেখতিছি, জানি। ওই আলোচনা হইছে। থাকতাম তাই শুনতাম। ওই জমি কিন্তু ফুইলেসশরের ওইনে আছে। এ বড় ভাই বইলে কইছে টাহা ফাটাইছে বাবার চিগিসসার জন্নি?",তবে ি ামিআরা দেখতেছি ঐই আলোচনারইছে থাকতাম তাইসু ়জনে কিন্তু কুনে সএবড়বড়বাই বলে কইছে টা হয়েছে বাবা চিকিৎসার জনি
test_narail_0008.wav,narail,তা সে টাহা তো তোর মাসির ছল দি নেই। তায় কি অরবো? মাইসেতো ছলরে তো কলাম। মাইসেতো ছলরে সরাসরি কতি কইছি। মাইসোর ছলরে ও তো কয়ে দেছে আমি টাহা পয়সা বাবারে চিগিসসা অত্তি কোনোদিন <> না সুমন বইলে এরকম কিছু কই নাই। সুমন নিজি কইছে আমি শুনিছি। সুমন আমি মাইসোতো ভাইরে ফোন দিছিলাম,টত মাশি সেত সাল্েতের কলামাসেতো সালনি সরাসরি কষতি কইছ োজ ত ক়িদাসািটারপয়াড২াসুমনবলে রকম কিছু কনে সুমন নিজি কইছি আমি শুনিছি সমন্বয়ে আমি মাসেতে বাইড়ে ফোন দিছিলাম
test_narail_0009.wav,narail,আমি কলাম যে কি এরিছেন টাহা ফয়সা? টাহা ফয়সা তো আমরা ফাইছি দশ হাজার টাহা। তা শুনলাম যে এতো টাহা। কতো টাহা দেচ্ছে আমাগে। চিগিসসা হতি। এই টাহা ফয়সা তালি কি অলো? আফনি খাইছেন নালি আমরা খাইছি। কচ্ছে তালি তুই লাইনি থাক। আমারে লাইনি থাইহে মনির সাথে কথা কলো। মনির সাথে কথা কইয়ে কচ্ছে যে,িগুলামে কিয়েরি সেন্ টাপয়সা টাকাপয়সা তো আমরা ভাসি ১শ াযাঠা তা শুনলাম যাত মকত ঠা দেচ্সামাগে চিকিৎসা অতেই ঠাবসাতআলে কি আলো আপনি খাইছে নালে আমরা খাইছি কাতালিতই লাইনি থাক আমারা লাইনি থে এমনির সাথে কথা কলো মনেরসাথে কথাকরছে যে
test_narail_0010.wav,narail,মনি কচ্ছে না আমি তো এরকম কোনো কথা কই নাই। আমি তো এরকম কোনো কথা বলি নাই। আমি এরকম টাকা পয়সার ব্যাপারে কোনো কথা বলি নাই। বলি নাই। আমি শুনতিছিলাম। আমি শুনিছি। ও কচ্ছে যে তালি তুই শোন তালি আমি চোর হয়ে যাচ্ছি। তালি তুই শোন। হয় এডা সত্যি কথা। ও কচ্ছে আমি তো চোর হয়ে যাচ্ছি তালি। ও তো ও নিজিই তো কইছে এই সরজিৎরে টাহা ফয়সার কথা কলি কয় কি যে,মনি করছে না আমি এরকম তো কোন কথা কইনি আমি তো রকম কোন কথা বলি নাই আমি এরকম টাকাপয়সা য ো আমি সবরশুনতেছিলাম আমি শুনিছি প্কাশিতে তালি তুই সন তাইলি আমি শোহরে জাস সিতালি মিশন ওকাসে আমি তো সহরে যাচই তা কইছ শরজাত্রা় তা কাশাকা তাকলেকাকিই যে
test_narail_0011.wav,narail,আমি বাবুরে চিগিসসা তা ও কইছেলো কি যে বাবুরে চিগিসসা অত্তি টাহা দিছিস। তা বৌদি তো দশ হাজার টাকা পাইছে। আমরাও তো জানি দশ হাজার টাকা বৌদি পাইছে। দশ হাজার টাকা। তা কচ্ছে কি যে না আমার মাইসোতো ভাইর কাছে আমি অনেক টাকা দিছি। ও নিজি কইছে। এওন যদি কয়ে যদি কয় যে আমি কই নেই।,আমি বাবুর স্তিত চিকিৎসা দেওয়া কয়চালকে যা বাবুরা চিকির সাতে তারাদেছে তা বৌধিতো ১০ হাতা তাকা পাইচের আমরাতো চনে ১০ হাজার টাকা বলধি পাইচি ১০ হাজার টাকা তা কসেকি যেন আমার বা২শত বাইির কাছে আমি অনেক টাকা ও়ার নিদিক চাদে কয়াদতে কয়েত আমে কই
test_narail_0012.wav,narail,আরে ও শালা অচ্ছে ভালো না। এ কথাও যে মানে যে প্রমান হয়ে যাচ্ছে না? এইডে কইছে ঠিক পাই নেই যে আমারে ধরবেনে। কিন্তু আরে মেন কথা অচ্ছে যে বাপ-মা রে ভাত দি। বাপরে দেহি নাই। তার কথা বিশ্বাস করা যায় নেকি? কউ। আর এহনে এই সমস্ত কথা শুনলি আমার হইয়ে যায় মেজাজ গরম।,া পরমানা গাচ্ছে এইটা বয়তা ঠিকপাই লে আমার ধরবেন মেনগতাখে যে বাবমারে বাধদি বাপড়ে দেখিনে তার কথাও বিশ্বাস করা যায় এ হনে এই সমস্ত কথা শুনলে আমারয়ে যায় মেরোজ গরম
test_narail_0013.wav,narail,আমি তোর তোর ওর কোনো খারাপ কথা কইয়ে ব্যাড়াই আমি গিরাম অঞ্চল দে? না ওর নামই তোল না। আমি কোনো সুমা বাজে কথা। আমি কোনো সুমা তুলি তার কথা? নামই তো <> আমি তুলি না যে ভাই তুই ভালো থাকলি ভালো থাক। খারাপ থাকলি থাক। যার জন্নি টাহা ফাটানুর কথা। সে গেছে মইরে। টাহা দে আমি কি বাড়া অরবো? আর এহন,আমি তর তোষা তরে ওর কোনো কোনো খারাপ কথা কয়েবাডরাই আমি গিরা মজান্চ আমি তনটবাজেব আমি কোনো সম উঁত্তুনিতেআমি তুলি না যাবাই তুই ভালো থাকলি ভালো থাক খারাপদেলিতে যাজধনি টাহ ভাটানোর কথা সে গেছে মৈরি টাদামি কি বা়া রব আরাহন
test_narail_0014.wav,narail,তারও তো জমি-জাতির ভাগ আছে। না? সে যদি কয় যে আমার জমি-জাতির ভাগ দ্যাউ। সে যদি নিতি আসে আমি তো তারে কোনো সুমা কবো না যে তুই জমি-জাতির ভাগ পাবি না। সে আসুক। নিয়ে যাক। সে আসুক। সে আইসে কোক যে আমার এহেনি জমি দে। আমার ওহেনি জমি দে। আমি পাবো। তুই পাল্লি নিয়ে যা। তোর হক আছে। তুই নিয়ে যাবি। কিন্তু তুই এই সমস্ত কথা বলবি ক্যান?,তারত জমিজাতির বাগ আছে না সে যদি কয়দামা জম যিতি বাগদাও সেযদির নইতিহাসে আমি তারেত কোন কবনাযে তুই জমিজাতির ভাগ পাবেন সে আসুখ চে আসুখ সে আইসেও কোক জামারেনি জমিদে আমার অনি জমি দেমি বাক তৈ তুই পালে নিয়েহক আছ দুনিয়ে যাবে কিন্তু তুই আই সমস্ত কথা বলবিকেন
test_narail_0015.wav,narail,"তা তুই বাপ-মা'রে টাহা দিস নাই। তোর কাছে কেউ শুনতি গেছে নেই? তুই টাহা দিস নাই। তুই কতি গিছিস কি জন্নি যে আমি এরকম টাহা দিছি। তালি আমরা চোর হই। নালি ওই বাবলু চোর হয়। হয়। আমি বাবলুরে এই ফিলি কইছি যে বাবলু তুই বলে টাহা আনিছিস? তালি এতো টাকা কই গ্যালো? আমরা তো পাইছি দশ হাজার টাকা। আমার। কলো, তা আমি আমারে এই কথা কলো যে ও কাকিমা।",এতুই বাবমারের টাহা দিশনাই় তর্কা থেকেও সুন্তিগেছেনি তুই টা দিশ নায় তু কষতি কিছিশিকিছে নিজে আমি এরকম ঢাজিতাইলি আমরাসহ রইনালি পই বাবলুসোরা বাবলু রেভিলি কি বাবলু তুই বলেটাহনিফিস তালি টায়ত টাকা কই গেল মরাত মা২সী ১০ হাজার টাকা আমার রএকথাক
test_narail_0016.wav,narail,তুমি তো জানো। তুমার কাকুর ব্যাফারে ওই যে মনি দশ হাজার টাকা পাঠাইছেলো। তা তো তুমার কাকু আমারে গালাগালি পাল্লো। তারপরেও আমি সেই দশ হাজার টাকা আনলাম। তা মনি বলে সরজিৎরে বলে কইছে মনি যে আমার বাবার জন্নি ম্যালা টাকা ফাটাইছি। তা ও কলো যে কার কাছে ফাটাইছির? তা ও কলো যে আমার মাইসোতো ভাইর,তুমি তো জান তোমার কাকুর ব্যাপারে যে মনি ১০ হাজার টাকা পাটাইছেল তাতো তোমার কাকু মারা গালাগালি পারলো তারপরও আমিশে ১০ হাজার টাকা আনলাম তা মনি বলে ঝটয্ন্ত্র বলে ক়চে মনই মেলা টাকা পাটাইছি তাওব কালো তে কারকাকা পাটা আইছে তাও কলো জানা আর মা শুক্রুবার
test_narail_0017.wav,narail,তালি সেই সরজিৎ আইসে আবার কইছে যে মাইসোতো ভাইর কাছে বলে ম্যালা টাকা ফাঠাইছে। দাদা দাদারে চিগিসসা ওত্তি। তাই তো মনি কলো। তা আনে মাইসোতো তালি কচ্ছে যে তালি ভালো কথা। গুরুপদর ছলে কাছে ফাটাইছে। তালি আমি গুরুপদর ছলের কাছে শোনবো। যে গুরুপদর ছল তালি টাকা তো খাইছে। আমাগে দি নাই।,তালিে সরতে তা সেবার ক়ছে যে মাইশুহতা বাইের কাছে পলে মেলা টাকা ফাটাইছি বাতাইতমনিকল তানা মাইশের তার তালি কাউসেদো কালি বালোকথা গুরু বদ্ধ সলের কেছা পাটাইছি তালে আমি গুরুপদ থলের কাছে শনবো যে গুরু ভাদ সলতালি টাকা তো খাইচি আবানবেই নাই
test_narail_0018.wav,narail,তা আমরা তো খাই নাই। তা আমরা খালি খালি সে <> আমরা খাই নাই। যদি ওর মাইসোতো টাকা যদি সে দিয়ে থায়ে। তাইলতো ওর মাইসোতো ভাই খাইছে। তয় মাইসোতো ভাই চোর অবে। আমরা খাই নাই আমরা চোর অবো ক্যান? আমরা চোর ওতি যাবো ক্যা। আমরা দশ হাজার টাকা পাইছি। তাও তো তোর মা ও জানে। সেডা সবাই জানে। আমি সবাইরে কইছি। যে দশ হাজার টাকা পাঠাইছে। এতো সব ম্যালাদিন আগে আমরা সবাই জানি।,তা আমরাতো খাইনেতা আমরা খালে খালে রা খাই না যদুওর মাসুতে তাটা বদেশে দিয়ে াতা মাসে তোবাই খাইছি তা মাসে তো বাইসুে আমরা থাই ারা া১০ হার টাকা পাইছে তা তরমা ও জানে সেটা সবাই জেনা সবারাইি এতোসব বেলাদে নাগা আমরা সবাই জা
test_narail_0019.wav,narail,বাবলু। বেশি আওনে মাইসোতো ভাই ওইছে। ফিসোতো ভাই ওইছে। মামাতো ভাই ওইছে। সেই সুমা বাল ছিড়ে কেউ ছেল না। সুজন মাষ্টেরের। সে সুমা কেউ ছেলো না। ওসব কথা আমার শুনতি ইচ্ছা অরে না ভাই। আইজকে মা মত্তো না। সুজন মাষ্টেরের বঊ মত্তো না। এইডে সত্যি কথা। মল্লো তো খালি,নেমাসেওতবাই রইছে ফিশিতবাই রইছে মামা তবাই রে সে সব আঞ্চলিক ্লছল ৌসবকাতে মা শুন্তে স্তাএেমাতসূদনস্তারের বৌ মত সত্যা মলতখালী
test_narail_0020.wav,narail,ওগে জন্নি। গুরুপদরে কইয়ে গ্যালো। এই এরে কয়ে গ্যালো। ওরে কলো। আর সে গুরুপদর ছল-পল হইছে বড় মাতুব্বার। আমার বাপ কইছে তো সে কথা। ছোট জনের ছল-পল হইছে বড় মাতুব্বার। কোনোদিন তোর মারে এট্টু নিয়ে <> হয় যে ভিটেয় আসো। যে ধনুরে থুয়ে বুন। ধনুরে এট্টু আনিস। এট্টু নিস। তোগে এই দিয়ে যাচ্ছি। গুরুপদরে এতো দিয়ে গেছে।,ুরারা কইয়াগেল রক১ রএকল আছে গুরু ঘত সলবা লেসে পড়রাব কইছে গনস সলপালসে পারামারত কোনোদিন তোর মা আরেকট নিই বলি িয়া াচ্ছেগুরে আতমাি
test_narail_0021.wav,narail,যে বাবা আমি চইলে যাচ্ছি। ধলুরে এট্টু আনা নিয়া ওরিস। জীবনে কোনোদিন মা'র ও পরিচয় দি নি। যে তোর মা মইরে গেছে। তোর এই মা আইছে। সেই সুমাত্তে সব আইসে আইসে আইসে আইসে ভুলোনি ভুলোনি কথা কয়। এ <> ম্যালাদিন আইছে। ওই যে তুমার বড় দিদিমা। ছোট মামি-টামি ওই যে আইছে।,ে জীবানুকতার পরিচযত মাহামারির কথা তরে ই মাইসে শৈ শুবাত্থকেসব আসিয়া এসে এসে এসে বুলনগুলোন কথা এ বিকশর মেযল আধিনাই ঐে তোমার বড়দিরিমা ছোটমামি প্রমিওত আইসেন
test_narail_0022.wav,narail,"আরে তুমার বড় মামি আসতো। বড় দিদিমা আসতো। তুমার ছোট মামিও এই বাড়ি আসতি সাহস পাই নাই। যে আহনে যিডার সাথে ওই যে পিরিত ওইছে সুজন মাষ্টেরের। পিরিত শ্যাষে ওইছে। মরিছে ছোট মামি। সুজন মাষ্টেরের ছোট মামি। ওই ছোট মামির সাথেও খাতের ছেলো না। ছেলো অলো বড্ডার সাথে খাতের। টোকোন, নিলা",আাতিমার ১়মামি আসপরদিদিমে আস্ত মা ফোটমা় মরনারনাস সদস্পাইনে জাআানে দি দেরশতাই যে পিরিট়িছে সুদরমাস্ পিরি শেইসেমরিছে ছোটমানি সুদনেতে ছোটমামি ছোটমা় নিষত্ব খাতাচ ছিলনা লাল বার্দা শতাকার প্রকনিলা
test_narail_0023.wav,narail,শিলা। ওই আইছে গেছে খাইছে নেছে সেইডের সাথে। এগে কোনোদিন পরিচয় ও দি নি। এই ছোটোডার। শেষকালে তো এই যে এইডের সাথে। সেইডের সাথে ছুইটে যাইয়ে খাতের ভাইঙে এইডের সাথে খাতের অলো। ওই ছোটোডার সাথে। ওই ছোটো দি কোনদিন ওই তোর ছোট মা দাদু ছোট মামা,এঐইআইসিএগ্যাসের খাই সিএনেআরসের সেঈদের সাথে এ রাধা কোনোদিন পরিচয় দেই ছোশেষকালে ত় জে এইডেরসাথে সাইদের সাথ ছুটিয়ে দে়খাতে বাঙিে এইজেশাতা খাতা োছোট অদেগে কোনকোন তর ছোট মা পাদ ছোট মামা
test_narail_0024.wav,narail,"মামি আসি নি। আমি দেহিছিলাম না? বঊ আনলি। যে সুমায় আইছে? সে সুমায় বড়দা আইছে। কমলি আইছে। কমলির মা, কমলির বাবা। ওই টোকোন। ওই এট্টা বিষ খাইয়ে ওই যে মরিছে কুনডা।",সবর্ডাইবলিয আইছে কামলি মা আসামলির বাবা ঐইটোঅফন একটা বিষ্কারিত মরিচে উুনরা
test_narail_0025.wav,narail,সেইডে। ইরা তো এই কয়দিন আইছে। কিশোররা তো ফাছে এই যে মানে তোর মা মইরে যাআর পরে। তারপরে কিশোরগে সাথে খাতের ওইছে। কিশোররা তার পরে আইছে। এর আগে কিশোরগে সাথে কোনো সম্পক্ক ছেলো নেই?,রাত এ কয়েদিন আছে কিশোর নাথো খাসেই যে মানের তর মামরিয়া যার পরে তাকান কিশোরকের সাথে োকা কিশোরকের সাথে েন সম্পর্ক
test_narail_0026.wav,narail,বুজিছো? যে ছেলেপেলের খ্যালার মাঠ নাই। আমারে এইটুকুন দান কইরে দিলাম। আর ওই বেল গাছ-টাছ ওই ধারদে ওগে ভিটে সব ওরিয়ন। ওই নাইরকেল গাছ-টাছ ওই যে ওই পযন্তু। এয়্যার এর কূয়োর কানা পযন্তু। ওগে জাগা। <> তার ওই তো ওই মাঠে।,র েলাঠে আার এরই ব্যল ্াস্তা চৈদার তৌদিজিটি ফরিয়াল নারকুলগাজতাঐভগমুরত এরেকুর কাঁ্দাহজি তার হয় তৈ মাঠে
test_narail_0027.wav,narail,ওই মাঠ। ওর বাবা নিয়ে আর ওই নিতা মালাকারের জাগা ওর বাবর গাঠির টাহা দে কিনে। তয় ওহনি ইস্কুল কল্লো। ইস্কুল ও কল্লো ওই ধারের টুক ওর বাবা নিয়ে গ্যালো। ওর বাবা নিয়ে গ্যালো। বাবা দান কইরে দিয়ে গেছে। তা তো আর আমি চাচ্ছিনে। তালি আমার গাঠির ফয়সা দিয়ে আমি কিনে তুমাগে দিচ্ছি।,ওই মাঠ ওর বাবা নিয়ে আরনি তাম এলাকার জা ঘর বাবার গাঠের টাহা দেখনিন পায়নেস্ুরাবা দামকারি তেতেতাতোন চাক্সিনে লামার কাঠির ভাশাতে আমি কি নিয়ে তোমাকে দিচ্ছি
test_narail_0028.wav,narail,এনি ইস্কুল করো। ওই যে ইস্কুলি কতো <> ওইটুক অলো ওর বাবার সম্পত্তি তো নিজস্ব। আমাদে ধার দ্যাও। আমি তো বুঝতাম না। বইসে থাকতাম <> বুইছো? এইডে আমি শুনা কথা। বানায় থোতো না ওই জাগায় <> আচ্ছা এই ইসে ওই যে খাল কূলি আসাদ মিয়ার কোনো জমি খায় নেকি?,নঅটুদলার বাবা সম্পতিত নিজস্বএডিয়ামে াইসেখালকুলি আসাদ মিয়ার কোন জমি খাইনি
test_narail_0029.wav,narail,কিডা? আসাদ মিয়া। আমাগে আসাদ মিয়া। ওই যে ওই ধারে বলে কুয়ানে ছেলো। ওই জমি নিয়ে কি? ওর কিছু জানো? না ভাডি। আমি ওসব কিছু জানিনে। আগে তো শুনিছিলাম তোগে তোগে। আমাগেই। তারফরে আসাদ মিয়া ক্যাম্বায় নেলো কিয়্যাল্লো জাইন্নে। আসাদ মিয়া অল্ফুট্টু খাতো। এনতে সেনতে আসাদ মিয়া ম্যালা খায়।,ওই জমিনে কি এর কিছু জান আগাসথা শুনেছিলাম পোগে তোগে আমাগিুনপা়ে আসাদমিয়াকোম্বাইনুলকি আসাদ মিয়া অলফুট্ট খাতে এনে সেনতে আসাদম্যাম এলাখায়
test_narail_0030.wav,narail,এহনে। নাইরকেল গাছের নিচে ওই যে ওই দিক জাগা? আমি তো ভালো বলতিয়ারি না। নাইরকেল গাছের নিচে এই ফারে। আমি তো কাগজে কতি ফারি। কাগজ দ্যাখলাম। ওই যে ওই হইরে গে যেই কাঠাল গাছ ছেলো। এই যে খাল কূলি যাইতে। এগে জমি। সব ওগে। হি? হয়। তাফরে আসাদ মিয়া ক্যাম্বায় নেছে সিডা তো আমরা জাইন্নে।,এইআমি তো কাগজে কতি পারি কাগজ দেখলাম ওইজে রি জায়ে কাটাল কাছেলএযেত খালকুলিযাতি ই এগে জমি ারপরে সাদ মিয়াজাকেম্বা
test_narail_0031.wav,narail,না আসাদ মিয়ারে দিয়া ওইছেলো কিছু। বেচা ওইছেলো। তা ওত্তে আরও বেশি উনি অচ্ছে খায়। তা ওই দখলে? দখলে না। টফি আমারে কলো যে ভাই এরকম এরকম। আমি ও নিয়ে আমার মাথা ব্যাথা নাই। আমি এর পিছনে দৈড়চ্ছি। আগে এইঠুক দেহি।,নাসাদমের দিয়াই ছল কিছু বেশি বেসাইছ লোক তা অত্যেরও বেশিউনি আছে খায় তাও দখলে না টফি আমার কল জেএরকম রম তাওনি আমার মাথাবা থানায় আমি এর পিছনে দর ওসি আগেই ঢুকদেই
test_narail_0032.wav,narail,কায়দা ওইরে নি। যেটুক নিতাই নেছে। ওইটুকির ফিচনে দৈড়চ্ছিস? ইস্কুলির নামে যিডা দিয়া ওইয়ে গেছে ওঠুক তো ইস্কুলির নামে। ইস্কুল পাবে। হয় ইস্কুলির যেটুক। ইস্কুলির নামে এগারো শতক। ওই এগারো শতক বাদ দিলিও তো উরা এওনো ম্যালা খানিক পাবে। ওঠুক বাদে। শিব বাবুর জমি আছে।,মি কাইনে চৈটুকে বিছানা জরচ্ছে স্কুলের নামিজেরা দিয়া গেছেঠুক্ত স্কুলে নামে স্কুল পাবে স্কুলে নামে ১ শতক ও খুব বাদে শিবাবু জমি আছে
test_narail_0033.wav,narail,"শিব বাবুর জমি তো ওই ইস্কুলির পুতা। শান্তিগে ধারে না? না, ইস্কুলির পুতা। ইস্কুলির পুতায়? ওই তো ওই জাগাঠুক পাবানি। ও জাগাঠুক মিস অবেনানে। ইস্কুলির পুতায় ওই যে। আর দৈড়োদৈড়ি কল্লি আরও পাওয়া যাবেনে। কিন্তু আমি তো আর দৈড়োদৈড়ি কত্তিছি না। কত্তিছে অচ্ছে লোকরে দিয়ে। সেলিম শরীফ। বুচ্ছো?",শিলপাবুমিতে ই ও শানতিকে শান্তিকে দারেনা মাওই জায়গা দৌরদরিগলের পাওয়া যাবেনি কিন্তু আমি তার দরদরি করতিছিনা সেলিমশ
test_narail_0034.wav,narail,উনি যদি পারে। আর যদি আরও পুনারো কুড়ি শতক পাইস। তালি <> আমার ফাওয়ার দরকার নেই। উরা না পালি অলো। হয়। তাই তো। উরা না ফালি অলো। তুই চাকরিডা ফাইস নাকি তাই দ্যাখ দিন। হয়। উরা দলিল কত্তি না দিলি <> কি এরবিনি? তারফরে,ি যদিআমার হার দরকার ইও চাকরীরা ভাসনাকে তাহিদা কবিন
test_narail_0035.wav,narail,চাকরি ফালি আফন ইচ্ছায় তাফরে ওই দিকি ঝোক দিতি ফারবি। ওই জন্নি মনে অয় ওইটুক বেচতি ফারি নাই। না? বাচতি ফারবে নাকি? ওই জমির কোনো ব্যাচার ই ফাই নাই। ইস্কুলির জাগা না <> ও জাগায় তো দলিল ওগে নাই। দলিলির দলিল নাই সমীর সাহার। ওই রইছে না সেইভাবে পইড়ে? আমিও শুনিছি যে ওই জাগাটুক উরা বেচতি পাত্তিছে না। ওই তো আমি এই যে শুনলাম এই যে কলো,রিলি আহনিগোলিলি দোদলি নাইর িষারয়েছে না সেইপরি
test_narail_0036.wav,narail,ওই ওই ধারে খাল কূলি কাগে জাগা? কোন জাগা? ওই যে ওই যেহেনি ব্রিজ ফোল ওইছে। কাগে ভিটে ছেলো আগে? ওই তো ওই কোলে তো। তোর বাবার শুনিছিলাম। না না আগে ভিটে ছেলো কাগে? না আগে ছেলো ওই যে। এইডে আমি কতি ফারবোনানে।,ইদারে খালগুলিক আগে জাযগাযি বিরিজ ফল ইছে েিটে াবা
test_narail_0037.wav,narail,মইনেগে। মইনেগে তো ছেলো ওই ফাশে। ও ফাশে <> ইডাগে ছেলো। মইনেগে তো ছেলো ওই ফাশে। তুই ক্যাম্বায় কবি? তুই দি ছোট ছিলি। আমরা দেই বড় হই ছিলাম না। ও কইয়ে ঊল্টোয় দেচ্ছে। <> আমি ওইঠুকির কথা কতি ফারবোনা।,ওমাইনিগাতসালো অভাষেমনেগাতসলে ঐভাটুকুর খবর র
test_narail_0038.wav,narail,"<> । এখন, এখন, এখন যদি তুমি আসল দলিল বাইর করতি পারো তুমি যতই দখলে যাও সব কাটা হইয়ে যাবে। এহন নিয়ম পাইল্টে গেছে। যার নামে দলিল সে এহন দখল করতি পারবে। এই হচ্ছে সিস্টেম হইছে। <> এইটুক আমি বেঁচে দিছি। না, ও যা হবেনে একতা।",খন খন এখন যদি তুমি আসল দলিল বাডরি করতি ভারও তুমি যতই দখলে চলে যায় সব কাটায়াজান নামে দলই সে এমন দখল করতে পে এিস্োও
test_narail_0039.wav,narail,বিয়ে ওইছেল্লা ওই যে শান্তির ভালোবাসা? ওর দিদিমার জমি অলো ওই। ওই জমি আমরা কত্তাম। ওই যে উরা বেইচে থুইয়ে চইলে গেছে। উরা বেইচে থুইয়ে চইলে গেছে। <> সাইরে-সুইরে নিয়ে যায়। তা ক্যাম্বায় সাইরে সাইরে নিয়ে যায়। আমাগে <> উনার বলে বাফ ছেল না। না ভাই ছেল না। কোন জাগা জমি? উনরা কয়। এই জাগা,সান্তিবি মাধ বও বিধিমাধ্যমইয়াতো ওই এই বলি আমরা পাথতাম নরা বেশি দি়েছেদিয়ে দিযেলবা়ছেনাই
test_narail_0040.wav,narail,এইসব সংবাদ পাবো নানে। আমি ওইটুকই শুনবানি। রাস্তা কাইটে মাটি কাটলো না? আমাগে দুইডে <> । ওই তো <>,ব সংগঠনমিইটুকি ল
test_narail_0041.wav,narail,"বাবার দুই তিন সম্পত্তি, কয় না। <>। কত বড় বলদা বিটা? ওইযে দুজনি এহন সেই <> ঝামেলা করতিছে। এইটুক কোনোদিন নেব না ওরা যতদিন বাইচে আছে। এ দি, ওইযে ইসি",এদ ও যে ইশি
test_narail_0042.wav,narail,"সুব্রতগে বাড়ির বাগানের ভিতরে। অইহিনি কোনো জমি ছেল নেই? অথচ শুনিছিলাম যে এই ভিটের সাথে বলে ওই বড় বাড়িগে ভিটের সাথে তোগে বলে কোহানে এট্টু পাবে। ও ওইহেনে বলে এট্টু জাগা আছে নাকি? ওইযে বাগানের ভিতরে। ওইহেনের জাগার কাহিনী জানো কি? না ভাই। আমি তো জীবনে যাহি জানিও না, আমি ম্যাপ দেইহে দেইহে কতিছি। না, আমি জানি ক্যাম্বায়, এ না, ওই জাগার কাহিনী শোন।",র বাগানের ভিতে ওনি কোনো জমি ছিল নাই নি বলে টো জা়গা আে বাগানের িঅনিতার কাহিনি তামি তো জীবনে জাহিদার্যাব মইদাদার কাহনি শ
test_narail_0043.wav,narail,"জেঠুরা অলফো অলফো জানি যা, ওইযে ইডা ছেল না? কি, চোহিদের ছেলো তো? আরে শশ্মান, শিবুর বাবার নাম তো কি ছেলো? দাদা কোতি পারবেনে। শিবুগে? হয়। দাড়া, ও অলো ওইযে কি জ্যানু দফাদার। দফা-দফাদার",েটরে অলগল্পাসলা কিজইর সশাংসেবূর বান্তকিদফাবার
test_narail_0044.wav,narail,"দফাদার। দফাদার গে জাগা রাখলো , দফাদারের জাগা রাখলো তোর বাবা। ওই যে, ওই পাশে পুহর কূল যাইতে। দফাদারগে ওই যে শ্মশান-শিবু। তুই তো চিনবিও নানে তাগে। ও চেনবে নানে। শ্মশান হচ্ছে কিডা? ও চেনবে না নে। ওইতো বড় বাড়িগে বংশের ছওয়াল।",ভাদারনেন দাদাদভাদারা জাগা রাকলো তৌরওই জযৈ ভাষা ফুর কুলদাক দফাবার্গে সশানশিবু িত সেনভুও মেসেবোকিতো বডরারিকবংসল
test_narail_0045.wav,narail,"ইন্ডিয়া চইলে গেছে সব। শ্মশান রে তো চিনি। ওরা আছে। আরে। আরে তুই তো কচ্ছিস ইডার ছওয়ালের কথা। আরে আমি যে শ্মশান রে চিনি তার কথা কচ্ছি। তুই তো কচ্ছিস ও শ্মশান না ও হলো বড় বাড়িগে বংশের লোক বুঝিছিস? কিনুগি বংশের লোক, সুধীর বাবুগি বংশের লোক।",তারা আছেতুমিত ক্রত্তাচারীরাএল বড়বাড়িকে বংসের লোক্যচেষে কিনুবই মাংসের লোক সুদিরবাবুগিব ংশের লোক
test_narail_0046.wav,narail,"তা সেই জাগা রাহিছে তোর বাবা, ওই যে ওই পাশে। ওই জাগার সাথে ওরা ভাগি ছেল । ওই জাগার মাধ্যমে ওই যে ওইহেনের জাগা তোগে পাবি। ওরা ওই জাগা কিনে রাহিছে না? ওই জমি, সেই জমির বদলে সেহেনে পাবি।",সেই জায়গা রাইযতর বাবা ওই জবাইভাসে ওই জায়গার সাথে ওরা বাকি ছেল ওই জায়গার মাধ্যমে ওহনির জাগারা ওই জা়গা কিনে রাইছেন ওই জমি সেই জমির বদলে
test_narail_0047.wav,narail,বুঝিছিস? এইটুক আমি শুনিছি। অইতো ওই সিস্টেম কিন্তু ওই সিস্টেমে তো পাওয়া যায় না। আর ওই সময় যদি দখল করতো বাবা। তালি হতো। তালি হতো। এহন ও সিস্টেমে হবে না। আমি তাই যে শুনিছি ওরা যে ভাগি যেহানে সেই ভাগির।,এইটু কামিশঐ সিস্টেমেতা পাওয়া যায়না আরই সময় যদি দখল করতআমি তাইশনি জিত ওল জেওরাজা বাগই যেহানে সেই ভাগির
test_narail_0048.wav,narail,"হুম, ভাগ সেহানে পাবে তোর বাবা। হুম। বুঝিছো? এহনে ওই বড় বাড়ির ফহিরের ছাওয়াল পাবেনে? বুঝিছো? ফহিরির ছাওয়াল তো অন্যরকম। কয় আমাগে দীপু মাটি কাটিছে আমাগে রাস্তার কোলের তে। এহন আমারে কচ্ছে এ কুমুদীনি, আমি কচ্ছি কি? এইতো চার -পাঁচ দিন আগে।",বাক সে়ানি ভাবে তোর াআনা হযইর সাফদঅন্যরকম আমাদেদেবু মাতেকাটিছে আমাকে রাস্তার পলেটআাকমাধুনি তুকি ইয়াইতর কাই
test_narail_0049.wav,narail,"আমারে কচ্ছে কি। কচ্ছে এই শুইনে যা। আমি কচ্ছি ক্যা? কি এইছে? সুর আলাদা দেছে। আমি কচ্ছি কি এইছে? কচ্ছে কি এইছে ঠিক পাচ্ছো না? আমি কচ্ছি না রে ঠিক পাচ্ছি নে। ক কি এইছে? কচ্ছে এহেনি আয়। আইছি, গিছি। কচ্ছে এই যে মাটি কাটিছিস।",নি়দাকিআইছ কিয়াইজেটে পারসনােনা আরাি িএইজেমাটি কাঠেছি
test_narail_0050.wav,narail,"এ কোহান্তে মাটি কাটিছিস? আমি কইছি ক্যা? মাটি তো আমি কাটিনি ক্টিছে অনিমেষ আর আমার বউ মা, তা কি হইছে? কচ্ছে আমার জাগার মধ্যি পড়িছে। আমি কচ্ছি তোর জগারত মধ্যি যদি পড়ে, আমি তোর বাবারে যেসুমা জাগা মাপামাপি হয়",মািকে মাঠে তো আমি কাঠেনিয কাঠিারঅনিমোবমা পিআইকছতা আমাক জাঙান মধ্যে পরিছে দ চাখার মধ্যে পড়ে আমি তোর বাবারা ঝমার জাগামামাভি়য়
test_narail_0051.wav,narail,"তোর বাবারে তোর কাগারে ডাহিছিলাম। তোর বাবা একশো একশো বার ওইহেনে জাগা মাপ হইছেল তোর বাবা জানে যে এসব জাগা ওগে, তোর বাবা আইছেল হাজির হইছেল, কয় কি আমাগে যাওয়ার সুময় নাই। তারপর যহন খুটো পুতি সেই সুময় এক-দেড় হাত ছাইড়ে পুতিছিলাম। অনিমেষরে কইছিলাম তার যতক্ষণ হাজির নাই ।",া ১০কবা র হনে যাকা মা ফ়স উল্তর বাবা জানে যে শবদাকা ওগে তোর বাবা আইস্লাফে রছি কানা া সুমাযই তার ফর েহ খুটুবতই সে সময় এক দেরা খারিযে ভুঁতেছিলাম অনিহশা করেছিলাম তো তারা যত্থ নাজেন নাই
test_narail_0052.wav,narail,"এক দেড় হাত ছাইড়ে পুতপি জাগা, যাতে আমি কোনোদিন না ঠগি মানুষির কাছে। বুইছো? তা তুই এইহেনে আসপি, বলে বেচপি। তাগে বেইচে ফেললিও মাইপে দিবি, আর তুই আসলিও মাইপে নিবি। যদি বাঁচে তুই ওই জাগারতে <>। আমি তোর জাগা বালি দিয়ে বুইজে দেব যদি তোর মধ্যি থাহে। হুম। আর আমি কইছি <> আমার হইল এক আইল।",একদ্বারা ছাড়ছাড়িুতরি জাগা তাতাআমা কোনদিন না আটকে মানুষেতোই এনে আসবে বল বিযআাসবে াবে ভেলেও মারকি় দেবে তুই আো মািজদি বাদা তুল কত তলের দুবিমকতুপুদ্দার গাই না মারাই লেয়াকাই
test_narail_0053.wav,narail,"এক আইলির জমি। <>। এক আইন নেকি তুমাগে? পুদ্দারগে আইল আমাগে আইল, এক আইলে জমি। তার তোর যদি <>। ওডা কত নামাব্র দাগে তুমাগে জমি? তা কি জানো? তেরশো চোদ্দ না কত জানি এইরকম। তেরশো তেরশো সাতারো টাতারো বা চৌদ্দ মৌদ্দ <>। ওইরম ওইরম। দশেরতে কুড়ির ভিতরে।",৪১ জমিউদ্ধার দেওয়া লমা দা়ইলে একালিক জিগটাকত নম্বর দাগি৩১৭০ে
test_narail_0054.wav,narail,"আমাগে এই জাগা হচ্ছে এই যে শিবু, শুব বাবুর নামে যেডা অডা তেরশো ছাপ্পান্ন, সাতান্ন দাগে মনে হয়। আমার অনিমেষ কতি পারবেনে, তেরশো কত জানি। মেলা মানষির জমি জ্যাঠা রাখছে <>। ওইযে এই সুব্রতগে বাড়ির ওই জাগার কথা কচ্ছে না ওই জামির সাথে ম্যাচ। সেই জমির সেই জমির ভাগ <>।",আমাগেইদা কাছ থেকে শিশিব্বাবুন নাে ১৩৫৬৭ ও়জে এউসুদল থত বাড়ি র়ে দাগার কথাথা ছোন ওলজমির সপে আরকু মিয়াজ রইজর শোমির া্
test_narail_0055.wav,narail,"এইজন্যি আরো লাভ হইছে জানিস? এইজন্যি আরো লাভ হইছে। এহন যদি ভালো কোন মিয়া মানূষ হতো তালি ওগে সব জমির বাইর অইরে নিয়ে আসতি পারতো। কারণ ওইসব সব জমিরই বাব্র সব জমিরই ঝামেলা হইছে। মেলা জমি আছে সেসব জাগা খালি টাহা দিয়ে থুইছে, কাগজ রাইহে দেছে কোন নামপত্র নাই। হয়্য, হয় সত্যি। হিন্দুগে ভিটে মিটে তো খালি <>। এইজন্যি ওরা কিছু করতিও পারতিছে না। এই যে আমাগে মাঝে পইড়ে।",ি াল কোন মেয়ামানুষযত তাি ওগে শবজমি বযর ারণ ওইসব সব জমিরই বাবা শবজবিলিতা মেলা আছে মেলা জমিয আছে সেসব জায়গা খালি টাজি থুইসে কাগস্রা়কোনো নামপত্ত নেই এই এই জন্যেই ওরা কিছু কত্রিও যাতেছে না ও এ আমাকে মাঝে ভরে
test_narail_0056.wav,narail,"শিশিরির ধারে নাকি কার ধারে নোটিশ আইছেল আমাগে নামে। শিশির মাগে মেলা দিন পরে দেছেল। ওর ভিতরে ওরা দলিল কইরে নেছে। আমাগে এই যে বাধার রাহিছেল না দেবে কইয়ে কইয়ে ওই ভিটে ঠুক আমাগে দেবে, ওই ভিটে ওইগে নামে দলিল হচ্ছেল না, এইজন্যি মেলা। যেই রেকর্ড হইয়ে গেছে সেই আমাগে দেছে।",িশিরিরদারে নাকি কাঁদারে নোটিসাই আমােআমাকে নামে আমাকে মেলা দিনে রওইর ভিতরেও রার দলিল করে েআমাগেযে বাধাইরা ইছলোনা জমির কথা কয়েক তই বিটা ঢুক আমাকে দেবে ওই ব্িটা ও ইগন নেমে দলি লস্ ছেলো না এজনি মেলা যেই রেকর্ডই়ে গেছে সে আমাকে
test_narail_0057.wav,narail,"বাদ দিয়ে, যে তোগে জমি দেব না। আর এইহেনে যদি কোনো ভাল সুযোগ হতো। ভাডি ভগবানের উপর ভরসা যদি থাহে <>। ওই আর কি। আমাগে তো কোনো কিছুর অভাব নাই। আমরা দুই মাই পুতির তে আমরা মেলা ভালো আছি। খাইয়ে-দাইয়ে, চইলে-ফিরে আমরা সে সুময় পাছহি নে। ভালো থাক, আমরাও কই ভাই। বাবা চইলে গেছে, চাকরি ভিত কর, তারপর তোর যদি ভাগ্যে থাহে, টাহা-পয়সা হলি তোর যদি।",কোনো ভালোর বান ভর বড়নথে থাই আমাকেতমিগুছের অভাব াআমরা দইমাহবিতিতে আমরা মেলা ভাল আছি খাই িসতাইাছলিয়ে গেছে চাকরির বিক্ত কোয়া তারলাতক্তর বাগ্যে তাকাসাঅলে এরক তথযদে
test_narail_0058.wav,narail,"উনি কইছেল এইজাগা এটটা <> হলি মাঝে মাঝে আসপে, এই কইছেল। এ তয় যাবে তোর কোলে। আজকে আয় <>। মেইন কথা হচ্ছে কি ওই টাউট বাটপারি কইরে তো আর টিহে তাহা যায় না। জমিতো ভালো ভাবে নি নায়, ওর জমিও ভালো ভাবে থাকপে না। ও দেইহো সিস্টেম এটটা কইরে ফেলাবানি। এই যে কিছু কিচু জাগা। বেইচে ফেললি ক্যাম্বায় থাকপে?",আজকার মেনগাজা থেকেই ওই টাউডবাঁঠফা়ি করে তার কনি দিয়ে থারা যায়া জমিতে ভালোভাবে নি নাযই ও যমি ভালবে থাকবেহসিস্টেম এ
test_narail_0059.wav,narail,"উপায় নাই, এন্নে তো বেইচে ফেলাতিছে সব। ও যেভাবে হোক, ফান্দে পড়বেনে ওইথিই বেশি <>। যেটুক <। মত জমি সেটুক সেটুক বেচতিছে। আর, যেটুক আর কিছু নাই। ও চন্দন, যেটুকি কিছু নাই সেটুক দলিল অরতি পারতিছে, বিক্রি অরতি পারতিছে না।",যেভাবেদে খান্দে হরবেনা ঐতিে বাইমকং জ্বমী স োট বেজেঠোকার কিছু নাই অসন্দ যেটুকু কিছু নাই সেটুক দলে লক
test_narail_0060.wav,narail,"বুইছো? সেইটুক সেইটুক বিক্রি দিতি পারতিছেনা। <>। আমি কই ভাই, লেহাপড়া ওরতিছিস, চাকরি <> অর। তারপরে পয়সা-কড়ি অলি তাপরে যেসুমা বুঝবিনি সে সুমা হাত দিস কেনে।",এটুকেটুক বিকির দিতে রাফেসি চাকরুর্দওযআর ার র ফয় শাখরি হলই তার ভরমা বুঝবেনি হেই মাআগবিশকেনে
test_narail_0061.wav,narail,<> । এহনেরতে ওই লোভ লাগায় লাগায় কাগজ-পাতি ঠিক কইরে ফেললি কাজ হবে। এহনেরতে গুছা। এ তোর মাইয়ে সেই মালাই খাওয়ার জন্যি রাস্তায় গিছে। ওরে কপাল! এই তিন ঘণ্টা বইসে রইছে।,েতলুনবাংা এলাকায় কাোাে লে
test_narail_0062.wav,narail,"ওই পুকুর পাড়ের ওই পাড়ের ভিতে কাগে ছেল? শিবুগি? ওইযে শিবুগে ছেল? বেত বাগান ভরা ছেল। বেত বাগান ছেল না? হয় হয়। বেত বাগান ভরা ছেল, তাই কাইটে হেলায় তোর বাবা অনে কুফি লাগালো, আলু লাগালো। এই পুরুরের এই পারে? না ঐ পাড়ে।",পুকুরপারে রৈপারের বিটে কাঁকে ফেলঐদে শুবুগে ব্যএকুকুরেই বেড়ে ও
test_narail_0063.wav,narail,"<> । ফহির বিশ্বাসের পুহুরির ভিতর? হ, এই ধারেরটুক। <>। হ সেই সুমায় <>। তাই নি? অর্ধেক বাইধে গেছেলো। <>। আমার বাবা মেলা গাফিলতি অরিছে।",ফুরুহরবি শেষে পুকুরিতেরআবেমা দির বাবা মেলা গাফিল
test_narail_0064.wav,narail,যদি এট্টু মানে ঘাড় বাধায় সব মাইপে মাইপে দখলে রাখতো না? তোর বাবা তোপ মাপে নাই। দলিল কইরে রাখলিও হতো। টাহা দেতো দলিল <>। দলিল ছেল কিন্তু দলিল কইরে রাহে নাই কিছু কিছু জমির। আগের মানষি তো দলিল মলিল অতো বোঝতো না। আগে দলিল ছাড়া <> ।,যিএটু মানে গাড়বাধায় সবমাইখিমাখে দখলে রাখতো না কেপ নানি
test_narail_0065.wav,narail,"ওই জমির ইসিই তো, ওই জমির দাগে এইহেনে ইট্টু পাবে ভাগে। বুঝলি, জমির ব্যাপারে সবাই বোঝে না <>। এন্নে কি দিয়ে কি অরবেনে বুঝিনা। কোন জমির দাগে? ওই জমির দাগে? এ দি, ওই শিবুর ছাওয়ার, তালি ওই দাগের জমি এই জাগা।",ঐজমেরশি তো ঐই জমির দাগাই এ হেনেটুপাবে ঐৈজমির দাতারিত ঐইদাগের জমি়ে
test_narail_0066.wav,narail,"এইতো এই জাগা ওরা নেছে। ওরা শরিক না? হুম। তাইলি শরিকির জমি রাহিছে। তালি সেডা তো তোর বাবাও পাবে। এ তোর মাইয়ের মালাই দিছিস? হয়, অন্তরের ধারে রইছে। বাদশার ছাওয়াল, বাদশা কত তেজি লোক ছেলো, লেহা পড়া জানে চাকরি অইরে",রেখনা শরীতি তমি রাইছে তবে বেগা কতো বা
test_narail_0067.wav,narail,"সরকারি চাকরি অরে তাই জমি-জাতির ব্যাপারে কিচ্ছু বোঝে না, দেখছো? তাল গাছ নাকি, এই ধার পর্যন্ত এই যে কাটা কাটা <>। তারজির কাছে বেচিছে তো ওই ধারের টুক। এই ধারের গাছ গুলোন ঝুইড়ে ফেলায় দেছে। জমি জাতির ব্যাপারে",জমিজাতির বযভারে
test_narail_0068.wav,narail,"আমাগে এই অত্র দেশে এই জেলা কই, জেলার মধ্যি সবতে ভালো বুদ্ধিমান লোক আছে কেষ্ট ঠাহুর। হয়। ভারি বুঝা বোঝে না? এর উপরে হালিম শরীফ তাই কচ্ছে, সেলিম শরীফির আব্বা। উনাগে সাথে ঘোরতো তো। তা আমি কচ্ছি কি কেষ্ট ঠাহুর এরম কায়দা অইরে নেছে। উনি কচ্ছে কি ওরে বাবা, ও যে কি মাল ।",াকেই ওঅত্রদেসে জেলাকই জেলার ভিতর সবচেয়ে ভালো বুদ্ধিমান লোকরাজে খেশোএর ওপরে এরওপরে আলিম শরির তাই কছে যে সেলিম সরিোনাগের সাথে র
test_narail_0069.wav,narail,"ওই যেযার জমি ওই ওই জাগা আছে, ওইহেনে আছে যার জমি সে বাড়া জানে না কিন্তু ও জানে যে তোর জমি কোন দাগে আমি কইয়ে দিতি পারি। এরম মাল উনি। উনি কিন্তু ভারি বুঝা বোঝে, ভারি ব্রেন। তোগে বেড়ার আগে তো এগে সবতা উঠোয় দেছে মামলা দিয়ে। শয়তান হাতি এট্টা।",ওই ঐতেকা আছে চুতা ও়নি আছে জাস জমি সেবারাদানে না কিন্তুওজ আনে যে কোন দাকে তজ্জমি কোন্ধাকে আমি
test_narail_0070.wav,narail,"বাইধে গেছে তো। সমীর স্যার-এর সাথে বাইধে গেছে তো। সমীর স্যার ছাওয়ালের সাথে। মেলাদিন আগে বাধিছে। ভালো হইছে। মেলাদিন আগে বাইধে গেছে। জ্বালাইছে আমাগে কম জ্বালাইছে নেহি? আরে ওই ঠাউরির যে জমি, কেষ্ট ঠাহুরির হলো মেলা জমি, ও জমি তো ঠাহুর খাইয়ে যাতি পারবে না।",আরাওঢাউরিজে জমি ও জমি সাউডুরা মেলাজমিওজনমত ঢাঁউঁর খাইতে তেরবে না
test_narail_0071.wav,narail,"ভালো <>। ও জাগার ওই মিয়ারা জীবনে খাইতি দেবে না। ওই যে ভিটে, যে ঘরে থাহে। যেইহেনে থাহে, তারপর ওর ওজাগা বহুত বাগান-টাগান। না, কেষ্ট ঠাহুরির নিজস্ব বাড়িতো এই ওগে সামনে আইসে। ও বাড়িও তো ওখানা। ও বাড়িও তো জানো? বাড়ির কাহিনই জানো?",ওজা১রই মিয়া রাখা জীবনা কাত দেবেন িতেকিকা এই থায়ে তাহর ওরিরা বভুদ বাগানা নিজর া়িতাই এই সমগের সামনে ারিও থোকে না ওবাডে তোজানো গয়াডগাহিনী যানে
test_narail_0072.wav,narail,"ও বাড়ির কাহিনী জানো না। ও বাড়িও তো ওগে না। ওর বাপ ওই সুমা দখল কইরে নিয়ে নেছে। তাই? ওই বাড়ি হচ্ছে এই যে অ্যা কি কবো, ওই যে <> দীলিপ আছে না? আরে মায়া-টায়া থাহে না ওইযে ঘরে? হুম",কাহিনও াওই বাড়িও গেবা পৈসমা দখল করে নিয়ে নেছে ওই বাড়িলাইটমাইট সাড়ে দি টিলি াসেনা মায়াটাথায় া
test_narail_0073.wav,narail,"উনার কুন কাকার মূলত ওই ঘর। ওগে থুইয়ে ওরা পাশে থাকতো। মাইয়েরা যে ঘরে থাহে, ওই ঘরে ঠাহুর থাহে। অইতো মাইয়েরা খোপে, এক খোপ ছাইড়ে দেছেলো থাকতি। ওই জাগা থাইহে পরে ওইতুক দখল কইরে নেছে। ও তাইই হবে। মায়ের সাথে ভালো এট্টা খাতির ছেল।",কুন কাকার মূলগেউঠ ওগে ধুয়ে ওরা পাশে থাকত ছোমায়ারা ঘবে মায়ারা এ ফরিত ও ও ওই জায়গা থাইমায়াচত বালোটা খাতাচ ছ
test_narail_0074.wav,narail,কেষ্ট ঠাউরির। ওই মায়ারে এট্টু যহন জাগা দেছেলো মায়ারে থাকতি এট্টা রুম। সেহেনি মায়া থাকতো। তাফরে মনে অয় ওই ভাবে ওই ভাবে কোন ভাবে নিয়ে নিয়ে নেছে। থাহে আনে। নিজস্ব জাগা না আমিও শুনিছি। দুলাল সরকার কতো। অনিমেষ ওই যে কাজ কত্তো না? দুলালের গুলায়?,মায়ারা ত্রধান জাগাতে ফলে থাকতে একটারোম সেনেমায়া থাকত ভাবে এইভাবে কোন ভাবিনিজের সজাগানা াজ
test_narail_0075.wav,narail,"আমার ঠাম্মারা গাইলোতো উনারে, চোখ বুইজে গাইলোতো। <>। সব ঠাহা উনার হাতে আমার ঠাম্মা গুইজে দেতো। এ কালকে কেসের দিন আছে, এই কয় ঠাহা দিয়ে যাবি। <> বেইচে সব ঠাহা নিয়ে আমার ঠাম্মা । আমার ঠাম্মার সাথে আমিও গেছি। কত ঠাহা খাইছে। ওই ঠাহা গুইনে গুইনে কেষ্ট ঠাউর খাইছে। মাল হচ্ছে বেকায়দা মাল।",াড়ি ও তোাে সবটা মারাতামাএইতে তেচাদ্দিন আছা এইকয়টাবেনিয়ে আমাথামাঠাতা
test_narail_0076.wav,narail,"<> । তা উনার কি? উনার তো কোনো কিছু টিকতিছে না। ছাওয়াল এট্টা পাগল। ভাডি ছাওয়াল এট্টা পাগল, দুই বাপ-বিটা ঘাপাঘাপি কুটোকুটি <>। মাইয়ের ওইযে বিয়ে ভাইংগে গেছে, ছোট মাইয়ের ক্যান্সার হইছে বুকি।",তা ওনার কি নার ত কোন কিছুই ত ঠিক টিছো াুোগাভা গাভী কুটো াইি েক্যানসারেছে বুকি
test_narail_0077.wav,narail,"এ ওইগুলো তো হইয়েই যায়। ওইগুলো নিয়ে কোনো। ও ছাওয়াল বিয়েও দিতি পারবে না ছাওয়ালের কামাইও খাতি পারবে না। মাইয়ে এট্টারও বিয়ে হই নেই। বড্ডার বিয়ে হইছেল ভালো জাগা। সেই বিয়েতে আমরা ছিলাম। কেষ্ট আমাগে সাথে ভারি খাতের। বিয়েতে যাইয়ে খালাম। সেই মাইয়ের বিয়ে ডিভোর্স হইয়ে গেছে। বড় মাইয়ের, অ্যা?",ওগুলো তে হয়েই াুলো নিয়ে কো সালভিঅর্ডার বিয়ে ছিল ভালো জায়গা সে বিয়েতে আমরা ছিলাম এ সময় সাথে বাড়ি খাতের বিয়েতে যে খায়ারলাম রেমায়ের বিয়ে দিবরতে
test_narail_0078.wav,narail,"ঢাকায় না কোহানে বিয়ে হইছে জানি? রাজবাড়ী, ফরিদপুর। বিশাল আয়োজন কইরে বিয়ে হইছেল, আমরা ছিলাম তো। শুনছিলাম ঢাকায় বিয়ে হইছিল। <> ।",দাজবাড়ি ফরিদপুর িশামাল আয়োজন করে গিয়েছিল আমরা সিলাম
test_narail_0079.wav,narail,"ফোন হ্যাং করতেছে। আমার ফোন তো অবস্থা ভালো না। ও, তুই কথা বলতিছিস, আবার বুন্ডি রাগারাগি করবে না তো? বুন্ডি রাগারাগি করবে ক্যা?",তা আমার ফ্লোনস অবস্থা পালনা এতই কথা বলতে যে সবার বুণ্ডে লাগারাগে করবে না োবুন্ডির আকারাগি রে
test_narail_0080.wav,narail,"<> । ফোন দিয়াতে তুমি খুশি না অখুশি সেইডা কও? আমি কি, আমি কি তোরে বলিছি আমি যদি অখুশি হতাম তো আমি কথা বলতাম না। আবার সেই শুদ্ধ ভাষায় কথা কয়। আমি সেই কালিয়ার ভাষার লোকজনরে খুঁজতিছি। আমার মনডা এট্টু ভইরে যাবে।",িআমি কি আমকেতোরা বলেছি আমি যদি অখুশই হতাম তানু কথা বলতাম না ্ধাআিটু কালের বাসার লোকজনতেছি
test_narail_0081.wav,narail,"এরেয়া যে ক্যান এতো শুদ্ধ হইয়ে গেলো হঠাৎ কইরে। অইনে নে কচ্ছি এবার তোরে, আমি যদি অখুশি হতাম তাইলি তোর সাথে কথা কতাম না। হইছে? এইতো তুমি তো আমার সুনা। আমার সুনা বলতি কী? ও শুনা সে সুনা না, বোঝছো?",এত শুদ্ধওয়াটনেকোস বিযআইারা গালীতলতোরশকে কথা কথাশ্চি্িহাস কমিশনার সের সুমা
test_narail_0082.wav,narail,"নিরোধ আবার ওইযে। <> ভালো আছো? হ, হ। খবর কি তুমার তাই কও? আমার খবর, ওই বাউরি ডাক্তার দেখাতি যাইয়ে আমি আর ডাক্তার দেখাতি টেখাতি পারতিছি না। মানে দেখাইছি, ওষুধ নিয়ে আইছি আমার।",নিবাদাখবরকি তোমার াইআমার খবরওই বাবুরি দাক্তার দেখাতে গিয়ে আমি়া দাক্তা টাকতে দেখাতি পারতেব আর দেখাইছি ওষুধ নিয়া এসি
test_narail_0083.wav,narail,"মানে দেহাইছো, তাই তো? হুম, দেহাইছি। তুমি কালিয়া আসপা কবে? কালিয়ায় বললাম না? তিন-চারদিন এ জাগা থাকবানি। <> আইসেনে। মানে বাসায় বলতি যে <> বাসায় তো আসপা নানে।",ালিয়াসপাতারেই বলাম নাতিনচাদিনের জায়গা থাকবানা
test_narail_0084.wav,narail,"<> । ভয় পাইছি। বুঝিনি? কচ্ছি কি বাসায় আইসেনে মানে দঊলতপুর আইসেনে। আচ্ছা, যাবাবনি। আইসেনে এক সুময় এট্টু ঘুরতি। অঙ্কুশ কোহানে? অঙ্কুশ কলাম না ওর বাবার কাছে রইছে।",বাছায় সেনে হশজাবানিঅং্কোশফলনা ওর বাবার কাছে রাইচে
test_narail_0085.wav,narail,"ও। খুলনার দিক এর ভিতরে কয়বার গিলে? দুইবার গেলাম, আবার যাবো। ও। আমার এই যাওয়া শুরু হইছে আর কোন কালে যাইয়ে থামবো ঠিক নেই। ও।",দুরভার গেলাম তাবাজ দাব আমারা দাওয়া শুরুহযইসার করনকালে যে থাম্ব তা ঠিক নিই
test_narail_0086.wav,narail,"তুমি তো <> ভুইলেই গেছো। আমি ভুলে যাইনি। আমারেই ভুইলে গেছে, আমারে সবাই ভুইলে গেছে, আমি কাউরে ভুলে যাইনি। <> কচ্ছো ক্যা? ফোন দিছি আমি, কথা কচ্ছো আমার সাথে, আবার সবার কথা টানো ক্যা?",আমি ুলে যায়নি আমারাই বুলে গেছে আমারই সবাই বুলে গেছে আমি ঘারো বুলে যায়নিোন দিসি মি কথাকসামা
test_narail_0087.wav,narail,"ওই সেই কথাই। তুই তো ভুলে গেছিস। তুই যদি ভুলে না যেতিস, তাইলে এই মাস পরে যাইয়ে আমারে ফোন দিতিস না। পাঁচ মাস গুইনে রাহিছো নেহি? হ্যাঁ ? আমি ইন্ডিয়ারতে আসার পরে তোড় সাথে আমার একদিন কথা হইছে। যেদিন ইন্ডিয়ার থেকে আইছি।",ইকথাই তুৈত বুলে তু যদি ভুরে নাজাতেস্থায়ী পাঁচ মাস পরে বেয়মারা পন জিতেশে মা্গুনরামি ইন্ডিয়াতটা আসর পরে তস্চেতামেরে একদিন কথা হয়েছে যুদিন ইন্ডিয়াক থেকে আইছে
test_narail_0088.wav,narail,"তারপরের দিন তোর সাথে আমার কথা হইছে, তাছাড়া তোর সাথে আমার কথা হই নি। তুমারে কইছিলাম ইন্ডিয়ারতে আইসে আমার ধারে এট্টু আইসো। ওমা! তুমি আমারে বোলোক কইরে থুইয়ে দেছো আমি তুমার ধারে যাবাবনি। আরে, ব্লক তো আমি করি নাইরে বাবা।",তার পরেদিন তোসেটামার কথা হয়েছে তাইছে তো সেখানে কথা হযইনি ম ছিনা জি ইন্দিয়া তাই সে আমাদারেরটাইি আমার বচুমি আমরা বুলক করেচিয়া দছে ওয়ামি তোমার দরের জাবান তামিকরি নাইরে বাবা
test_narail_0089.wav,narail,আমি একটা কথা বলি চন্দন এবার তোরে? বলেন। ব্লক কান্তা করিছে সেটা আমি মানলা। তুই কি কান্তারে একটাবার বলতি পারিস না তোর সাথে আমার কি সম্পর্ক? সেইটা তুই তো কান্তারে বুঝাতি পারিস।,আমি এটা কথা বলে বন্দেবত্তরে বোলকান্তা করেছে সেটা আমি মানলাম কুলগিকান তরে একটা বার বলতে বারিজ না যে আমার শাতেতের কীর সম্পর্ক সেটা থুতে কান তাকা বুঝাতে পারি
test_narail_0090.wav,narail,"তুমারে একদিন আমি সব খুইলে কবানি। এসমস্ত কথা বাদ দাও। তুমি আমার সাথে যেদিন সরাসরি কথা কবা, সেদিন তুমারে আমি খুইলে কবানি। ফোনে কথা কলি দেহা গেলো তুমি রেকর্ড কইরলে, রেকর্ড কইরে। আমার ওই স্বভাবটা নেই।",মারে একদিন আমি সব ফিলে বানি সরাসরি কথাকবার সে দুন্দুমানে খুলে খবানি থাকলে দেখা গেল তুমি রেকর্ড করিলে রেখরিআমারওই সভাগটা নেই
test_narail_0091.wav,narail,"আরে আমি এমনি মজা করতিছি। মানে তুমরা তো ভারি, ভারি বিটি মানুষ তো। তা আম্রে কি তোর বিটা মানুষ মনে হচ্ছে নিকি? তা তো আমি চেক কইরে দেহি নেই, কউ দি?",মজাতুমরাত ভারীবারিএ আমারে কেতর বিডা মানুষ মনে আছে নাইতাতমি চেকরে
test_narail_0092.wav,narail,পিযূষির কাছে শুনতি হবে। হ শুনিস কেনে তাইলি। শুনিস কেনে ওর কাছে। পরের কাছে শুনলি আবার মন খারাপ হয়। নিজি মাতুব্বর হওয়ার পিছনে এট্টা আলাদা ভাব আছে।,ুনতেএেএালসুরুসকে নিহর কাছে পরে গেছে শুনলে মার মন খারাপ হয়নিজি মাতুব্বড়োয়ার পিছনেটা আলাদা বা
test_narail_0093.wav,narail,"আরেকজন মাতুব্বর আইছে তার গল্প শুইনে লাভ আছে। সে যাই হোক এসমস্ত গভীরের আলোচনা আমরা নাই করি। তুমি আবার এসমস্ত কথা আবার কিছু মনে কইরো না। দেহা গেলো, ভাইবলে যে ভাডি আমার কিরম ধরনের কথা কচ্ছে।",আরেকজন মাতব্বেরে এছে তার গল হোসেনের লাভ আছে সে যাই এ সমস্ত গভীরের আলোচনা আমরা নাইক বরি তুমে বারে ই সমস্ত কথা আবার কিছু মনে কইে না নেগরো ভাবলে জে বা্ডী আমার কিরম ধরনের কথা কচছে
test_narail_0094.wav,narail,"আমি যদি মনে করতাম তাইলে তোর সাথে কথা বলতাম না। বদমাইশিপানা কথা কচ্ছে। আমি কিন্তু এরমই কথা কই। মানে এরমই আরকি ইয়ার্কি-ফাইজলেমি অইরে কতাহ। এইডে তো তুমি জানোই ভালো কইরে। একসুময় তোর সাথে আমার যে পরিমাণে কথা হইছে, তা কন্তার সাথে তোর",মজদি মনোরবদথন্তলতের সাথে কথা বলতাদমাইসিখানা গতা মিকিনতে রমিকথা এগিতুমি জানোএকসময় তোৎসাথে আমার যে পরিমাণে কথা হয়ছে তা কান্তাশেতে দল
test_narail_0095.wav,narail,"যতটুকুই ভালো সম্পর্ক হোক না কেন কান্তা ওরম কথা বলতে পারিনি। এইতো জানেমান তুমি ধইরে ফেলাইছো। এই যে তুমার সাথে আমার যে সম্পর্ক, তুমার সাথে আমার কত কথা হইছে, একথা তো কেউ জানতো না। এই কথা নিয়ে আমি এখন কথা শুনি যে আমার সাথে যে তুমার।",টিমালো সম্পরতবএ রকম কথা বলতে ােমান দমিতদেরে ফেলাইছ এই েধুমাসেদআমার সম্পর্কধমার কথ কথা কাকেউ কানে নাএথা নিআমি এখনো কথা শুনি জামাশাদুতে তোমার
test_narail_0096.wav,narail,"ওর সাথে যতটা কথা হইছে আমার সাথে তোমার ততোটা কথা কোনোদিন হই নি। একটা উধারণ মনে পড়ে গেলো। উধারণডা খুবই বিশ্রী ও বাজে উধারণ। ঠিকাছে, তাইলে আর দিয়ার দরকার নেই।",ঐশ্বাত যতটা কথা হয়ছে তা মাসে দৌথমতটার কথা কোনোদিন হইনি দাহরণ মনে হয ে উদাহরণটা খুবই বিসিরি এবং বাজে বাজেও ধারিতো দিতাম
test_narail_0097.wav,narail,"ও তাইলি শুনবা না। বল। না, মেলা বাজে উধারণ তো দেহা গেলো কইলে এ কোনতোরো কথা কয়?",ুবানা নাদারন্ত দেহা গেল েকনত তাকায়
test_narail_0098.wav,narail,"রাত্তিরি কি খাওয়া দাওয়া হইছে না বিয়ে বাড়িরতে পিটেই আইছো? বিয়ে বাড়িরতেই খাইয়ে আইছি। পিটেইছো? ভীম পিটেন দেছো? নাহ, আমি ওরম পিটেন দিতি যাই নে। তুমি তো অল্প খাও। গিরামে বিয়ে হইছে তো, তারা জানে যে আমি কেমন খাই, কিরোম খাই, জানে ভালো কইরেই।",রাত্রি কি ঘা তাইছে না বিয় বাড়িতে পিটে ছেবিয়বাহিত পিজ িটেগ্ামে গ্রামে বিয়ে হয়ছে ত তারাগানে গামি কেমন খাই কি খায় তারা জানোল করে
test_narail_0099.wav,narail,"আর যে দিচ্ছিলো সে আমার দাদা। সুতরাং, সে আমারে হিসেব কইরেই দেছে। হ, আমিই খালি দিতি পারলাম না তুমারে। ক্যা? তুই তো খাওয়াইছিস। ডিম ভাইজে, আলু সেদ্ধ।",আর যে দিচ্ছিল সে আমার দাদা ফেতে রংশে আমারি হিসাব পুড়াই দেছে মিটুখারি দিতে লামনা তুমারে ধিত খাযবািশ াজিয় ালুসেদ্য
test_narail_0100.wav,narail,"কবে? সে তো অনেকদিন আগেই খাওয়াইছিস। ও তোরে একটা গুড নিউজ দেই। এ তুমারে কইছি কি শুদ্ধ ভাষায় কথা কবা না। না, শোন শোন।",অনেকদিন আগেওদরাট গুড নিউইলবিচযাকম্যাট কছি কিনসুই সুদ্ধবাসা কথা কবা না নাসনটরন
test_narail_0101.wav,narail,"ওই, বিপুল বাবু বিদেশে থাকতি তুই আর আমি খুলনাতে ডাক্তার দেখাইছিলাম মনে আছে? আড়াইশো বেডের তে? আমার থাইরয়েড ধরা পড়িছেলো। ইন্ডিয়ায় যাইয়ে আমি। আমার বুক কাইপে উঠিছে জানো? ধরলাম না ছুম্লাম না আবার ডাক্তারের কাছে। ইন্ডিয়ায় যাইয়ে ডাক্তার দেখাইছি আমার থাইরয়েড নাই।",বিপুলভাব বিদ্বেষে থাকতে তু়িয়ে রামিপুল নাতে ডাকতার দেখাইছিল আমার থায়ারোড দরা বরিছিল ার গলাইকুল ডিডাকাে ডলামসলাম আবার ডাক্তারকেসিনিনডিডাকতার দেখাইছি আা ায়ই
test_narail_0102.wav,narail,এখন। যাক আলহামদুলিল্লাহ। কিন্তু কঠিন রোগ বইয়ে নিয়ে বেড়াচ্ছি এ আর কউয়ার মতো না। যত দিন থাকতি হবে অষুধ খাইয়ে যাতি হবে। কী? কী ম্যাডাম?,জাকালহামদবিাোগ কিন্তু কঠিন রোক বইয়ে নেয় বেরাসি এয়র করতনা াতেবং ােবে
test_narail_0103.wav,narail,"বুকে টিউমার ধরা পড়িছে না! মানে বুকে বলতি? ভিতরে? হ্যাঁ । অপ্রেশন করিছো? অপারেশন করার কথা কই নেই? না, না। টিউমারটা এমন জায়গায় সেটা তোর",করে েমানের বুকে বলতি ভিতরে পারশন করিছো নপারেশন করার কথা কহনি টুমারটা এবন জায়গায় সেটাদল
test_narail_0104.wav,narail,"আমি যে ডাক্তার দেখাইছি ওষুধ খাওয়ার পরে অনেকটা <> ভেঙে ছোটো হইয়ে গেছে, বুঝছিস? অনেক সুময় থ্যালাসেমিয়া হয়, মানে মাংসপিণ্ড আরেট্টা হচ্ছে টিউমার। না মাংসপিণ্ড না, আমার একবারের জাগা ছয়বার",আমি যে ডাক্তার দেখা যি ওষুধ খ়ার পরও অনেকটাই টিউমাটরা ভেঙে ছোট হয়ে গেছে অনেক সময় সেজের থেলা স্মিয়া য ানে মাংসবিন্ড আলটাআার এক বেলার জায়গায় আমার ছয়ভারে
test_narail_0105.wav,narail,"ই করা হইছে, ব্রেস্ট ইউএসজি হইছে ছয়বার। কয়দিন আগে একজনরে নিয়ে আসছিলাম, ওর ও টিউমার হইছেল ঘাড়ে। অপারেশন করিছে ঠিক হয়ে গেছে। তোমার ওইডে অপারেশন করার সিস্টেম নাই? অপারেশন করার সিস্টেম আছে কিন্তু",রেচটি ৬র ক়দিনাগা একজন একজন্ নিয়াসছিলাম ওরো টিউমারেইছিল াড়ে পরেশন করেছি ঠিকহগেছে া তোমারঅপারেশন করার সিস্টেম আছে কিন্তু
test_narail_0106.wav,narail,"এখন তোর দাদা আগের দিন বলতেছিল যদি অপারেশন করতি হয় তাইলে ভেলোর চইলে যাবে অপারেশন করতি। কিন্তু, অপারেশন আপাতত করা লাগতিছে না। ওইডে ভেঙে ছোটো হইয়ে গেছে আর আগে যেমন জ্বালা যন্ত্রণা ই-টি করতো না? সেরকম করে না বুঝছিস?",এখনটোদাদা আগেদিন বলতেছিল যে যদি অপোরেশন করতে হয় তালে ব্যালস চলে যাবে রতে কিন্তু অপারেশন আপাচিত করা লাগতেছে না ওটেক ভেঙে আস ছোট হয়ে গেতোঁর আগে যেমন জ্বালা যন্ত্রণা এটি করতেনা সে রকম করে পশ
test_narail_0107.wav,narail,"যাক, যাক। ওইটা হচ্ছে গিয়ে যখন ডাক্তার দেখাইছিলাম ইনফেকশন হইয়ে গেছিল। আর এবার দেখালাম তা ইনফেকশনের ইটা কইমে গেছে আর ওটা ভেঙে গেছে, খণ্ড-খণ্ড হয়ে গেছে। যাক।",ওটার থেকে যখন ডাক্তার দেখায়ছিল আম ইনফেকশন হয়ে গেছিল আর এবার দেখালাম তা ইনফেকশনেরটা কমে গেছে আর এটা ভেঙে ছোট হয়ে গেছে
test_narail_0108.wav,narail,"<> সংবাদ। আর, আছে শুধু ফ্যাট টিস্যুটা, ওটার এখনো কোন পরিবর্তন হই নি। ওই ফ্যাট টিস্যুটা এবার যাইয়ে দেখাতি হবে কি হয় না হয়।",আর আসে শুধু ফ্যাটিসুটা ওটার এখনো কোনো পরিবর্তন হয়নি ফ্যাটিসুটাও টা দেখি এবার যে আবার দেখাতে হবে কি হয়য
test_narail_0109.wav,narail,"ভালো সংবাদ। তাই বিপুল বিশ্বাস আমারে বলতিছে দুই মাইপুতির পিছনে টাহা ভাংতি ভাংতি আমি শেষ হইয়ে যাচ্ছি। থাকপো না কালিয়ার গ্রামে। আমি কচ্ছি দূর হইয়ে যাও, কোহানে যাবা সেইহেনে চইলে যাও। এরম এট্টা বউ পাইছে তার কপালের ভাগ্য। না, ছয় মাস অব্দি দেখবে, ছয় মাস পরে বিদেশ।",তাই বিপুল বিশ্বাস আমারে বলতেছে দুইমাই পিসেন প্রিমার পুতির পিছনে টাকা বাং চিবানকে আমরা আনিশের রেয়ে গেছি থাকবো নাকালের গ্রামের কিছু দূর রয়ে গও কনা যা চলে দাও মটা বহবাডইি ফেত কাপলে না ৬য় মাসবদি ডাকবে ৬য় মাস পরে বিদেশ
test_narail_0110.wav,narail,"বিদেশ যাবে কিডা,উনি? কচ্ছে এবার আর বাড়ি আসপো না। আমি কচ্ছি ঠিক আছে মনে থাকে জ্যানু। বাড়ি আসলি তোরে ঘরেই উঠতি দেবো না। আর তুমি থাকতিছো কনে? এই এই এই বাংলাদেশে ? না ইন্ডিয়ায়?",বিদেশ ধাবে গেডা ওনি একছে বারার বাড়ি আসব নামি্ঠি আছে মনে থাকে যেন বাড়ি আসতরে গরেই তুমি থাকতে কনে এইবাংলাদেশে না
test_narail_0111.wav,narail,"<> । ওহ, কি শুনোইলে তুমি! এ তুমি কি কইলে। কারণ, অঙ্কুশিরি নিয়ে কালিয়েয় তো একটা বছর কালিয়েয় থাকব, ফাইভি বিত্তি দিয়াবো। কারণ শাহিন স্যারের ওরে নিয়ে খুব স্বপ্ন বুঝছিস?",িশনালে তুমি তুমি কি কলে কারণ অঙ্কুরশিরি নিয়ে কারিয়ত একটা বছর কালিয়ায় থাকব সা়বী বিক্তে দেয়াব কারণ শাইনসার রোেলের নিয়োগ খুব স্বপ্ন অবশিষ
test_narail_0112.wav,narail,"তুমি যদি খুইলে থও তুমার আর পীযুষির সংসারে কিন্তু আগুন ধইরে যাবেনে আমার জন্যি। আমি কিন্তু আল্টিমেটাম দিয়ে রাখলাম। তোরে আমি একটা কথা কই লিখে রাখ, ওর আর আমার সংসারে কোনোদিন আগুন ধরবে না, তুই লিখে রাখ।",ুিমারার পিতুশি সংসারে কিন্তু আগুন বেড়ে যােআলটিমেটাং অন্তরে আমি তোরেমেয়েরটা কথা কইলিখে রাখ ওরারমা সংসারেগনদিন আগুন ধরবে নােিাখ
test_narail_0113.wav,narail,"ওরে কফাল! এইতো দিলে চরম এট্টা ব্যাথা। ক্যানো জানিস? কারণ তুই হচ্ছেগে আমার বুন্ডিরে সামলাতি ব্যস্ত। আহহা! বুন্ডি-মুন্ডি বাদ, বালডা।",রেকহলএইত দিলে চরমেটা ব্যথা েন জানিস করণ তইিয়াছাকে আমার বন্ডিরে সামলাতে ব্যস্ত মুন্ডিমন্ডিবাদ বাল্লা
test_narail_0114.wav,narail,"<> সব বাদ। তুমি থাকপা অচ্ছে আমাদ্দারে। এই হু , ফাইভি বিত্তি পরীক্ষাডা ওরে দিয়ে দিয়াবো, দিয়ায়ে তোর খুলনা জেলা ইস্কুলি বা পাবলিকি বা নৌবাহিনীতি যেকোনো একটায় মানে, ওরে সবকয়ডায় ওরে ই দিয়াবো। হ্যাঁ, হ্যাঁ আরে সে দায়িত্ব আমার। ওরে কুথায় বর্থি করাবো, ওরে আমি নিজি পড়াবো",ে ারে ভাঈইবি বযকতি পরীক্ষাটালো দেয়াবোধ দিয়ায়তর কোন যা জেলা স্কুলেই বা পাবলিকি বা নৌবাহিনীতে যে কোনো একটা মনে সবকরাওরেই ো তামাত রে কোথায় ভর্তি করাতে বে সেদায় তাউরে আমি নিজই পড়াবো
test_narail_0115.wav,narail,"তুমি কি বলো আমার আমি যখন টিউশনি করাতাম, তখন আমার ম্যালাডিক এডমিশনের ইস্টুডেন্ট ছেলো। তাদের কিভাবে পাবলিকে চান্স পাওয়াতি হয়, কিভাবে নৌবাহিনীতি চান্স পাওয়াতি হয়, কিভাবে জেলা ইস্কুলি পরীক্ষা দেওয়াতে হয় এ সমস্ত জিনিস আমি ভালো জানি।আমি নিজে দায়িত্ব নেবো কোনো সমস্যা নাই।",কি বল মার চগামী যখন টিউশনি করাতাম তখন আমার ম্োলাডিক অযাডমিশনের স্টোডেন ছিল তাদের কি ভব পাবলিকেসান্সপদ্য় কীভাবেই নৌবায়নটি সান্সপাতাতে এ কিভাবে জেলায় স্কুলে পরীক্ষা দিয়াতে এ সমস্থা জিনিসামি ভারো জানি আমি নিজে প্রোগ্রামে সমস্যা নে়
test_narail_0116.wav,narail,"উম্ম! তাইকি আমি মজা কত্তিছি না। আমি তো জানি সেইটে, তোর দাদা আমারে বলছে না সবকিছু। এয়্যা, শোন তোরে আমি তোরে আমি একটা কথা বলি তোর দাদা আমারে এসব সম্পর্কে বোলিছে তোর সম্পর্কে যে তুই কেমন কি ছিলির তা তোর দাদা আমারে বোলিছে, বুচ্ছিস?",মলা হচনামতু জানেসেটা ুকাথা আমার বলছেন আসকত ন তিরা তোলেমে একটা কথা বলিত দাদা আমার এসব সম্পর্কে বলি যায় তরুপ সম্পর্কের যেতরি কেমনকি ছিলি ত দাদা মরে বলি
test_narail_0117.wav,narail,"দাদা মানে কোন দাদা? পিযুষ দা, ও ওতো ছোটো মানুষ , ইস্টুডেন্ট । মাই ইস্টুডেন্ট। ওরমতো কতো ইস্টুডেন্ট মানুষ কোইরে ছাইড়ে দিলাম। তুমি মোনে করো যদি",ছোটতি স্টুডেন্ট নয়াস্টুডেন্টপরমত কথ স্টেডিনে মানুষ করে ছেরিলাম তুমি মনে করা যদি
test_narail_0118.wav,narail,"খুলনায় আসো খুলনায় যদি থাকো, তাহলি কি করবো কউদি? আমার ওই কয়দিনির ভিতোরে আমার এট্টা যদি এট্টা পজিশন তৈরি হয় আমার ব্যবসা-বাণিজ্যের। আমার এট্টা অফিস নিয়ার পরিকল্পনা আছে মানে এহনো দাড় করাই নাই ,পরিকল্পনা আছে ভবিষ্যতে। ওই কম্ফানিত্তে ওট্টা অফিস নেবে তা",ায় আসো খুলা যে থাকতো তাহলে কি ক্রগদি আমার কয়দিনের ভিতরে আমার একটা যুদিটা প্রদুশন তৈরি হয় আমার ব্যবসাবাণিজ্যের আমারেটা অফিস নিয়ের পরিকল্পনা আছে মান মনও দাঁড় করাই নাই পরিকল্পনা তে ভবিষ্যতে ওই কোম্পানী কেটা অফিস নেবে
test_narail_0119.wav,narail,বাসা প্লাস অফিস নিয়ার এট্টা ইয়ে আছে। মনে করো তুমি থাইকলে এট্টু রান্না-বান্না কইল্লে। আহাহা হা ঘোমের বাড়া গেছে উইড়ে। এইবারা আমি এট্টা কতা কই? আমি খুলনা আসলি তো তোর আর বুন্ডির সংসারে অশান্তি যাবেনে ধইরে। আরে বাড়া,বাসাপ্লাস অফিস্নেরা ইয়া আ তুমি থাকলে একটু রান্নাবান্না কইলে এবেলা আমেটরা কধারআমি কুরোলে আরসিতে তোর আর বুণ্ডিরসংসার অসান্তি ুে াবেনা তারপরে
test_narail_0120.wav,narail,"তুমি খালি আমার ধারে থাকলি অলো। তুমি <> থাহ না <> আমি <> সেডা কোনো বিষয় না। তুমি আমার ধারে থাকলি এতো কথা কওয়ার তো দরকার নাই। সে তুমি পিযুষির সংসারে আগুন লাগানুর দরকার নাই, লাগাচ্ছে না, কিন্তু আমার সংসারে এট্টু আলো জ্বালায় দিও",খনে আমাদের ঢাকেই এল হিংসাকাত্যাবার্বা না আমি আওনিসংকর সেটা কোন বিষয় া আাএসে দুহফিসংসার আগ াগাদলাগাচ্ছে না কিন্তু আমার সংসেটালো জেলায় দি়ে
test_narail_0121.wav,narail,"হাহাহা! তালি কথা কিন্তু ওইডে। উম্ম, না ওই শাহিন স্যার বলিছে, বুইছিস? আজকেও কথা হলো শাহিন স্যার বোল্লো বিত্তিটা ওরে দিয়াও",নাওলের এই সায়ন্সার বলিতেবআগেও কথা হলো সায়েন্সারগুল্ো বিত্তিটাওরে দিয়াও
test_narail_0122.wav,narail,"দিয়ানুর পরে অরে খুলনায় নিয়ে অ্যাডমিশন করায় দিও, তুমার এই কালিয়ার ইস্কুলি ওরে পড়াইতি হবে না।সেটা বল্লো। আমি কইছি আচ্ছা ঠিকাছে। শাহিন স্যার জানিস অঙ্গকুশরে এতো ভালোবাসে ,শাহিন স্যার কেনো সব স্যাররা ওরে খুব ভালোবাসে। তুই বুঝতিছিস? না ভালো স্টুডেন্ট না! ছয় মাসের ভিতরে একমাস ক্লাস করিছে একমাস পিরাইভেট পড়িছে। ছয় মাসের ভিতরে",পরে ওরে খুলনায় নিয়াড মিশন করে যতমারে কালিয়ার স্কুলে রে পড়া তেবে না াঈনসাধানে ংকুষ্টি এত ভালো শায়েন্সার্গাম সবছারা ওর খুব ভালবাসা ছয় মাসের ভেতরেই এক মাস ক্লাস রছে এক মাস ক্রাইভেট করিছে ছয় মাসের ভেতরে
test_narail_0123.wav,narail,"আহহা! সবগুলোয় নাইন্টি পার্সেন্ট মার্ক। তার মামা তার মামারে সবাই ভালোবাসে, এই বুড়োত্তে শুরু ওইরে গুড়ো সবাই ভালোবাসে।তোরে আগেদ্দিন তোরে আগেদ্দিন কান্তারে নিয়ে যাতি দ্যাখছে আমাগে রাহুল ,যাইয়ে তাই আমারে বলতেছে। জানো বৌদী চন্দনের ফিছনে দেখলাম বোরকা পরা এট্টা মেয়েরে নিয়ে ওদিক যাচ্ছে",ন্টি্ট মার্ক তার মামানা তার মা মারে সবাই ভালোবাস এই বো়তে শুরু হরে গুরু সবাই ভালোবারে একেরদিন তরে একেরদিন কানতারের নিয়ে দাখে দেখেছে আমাকে রাহুল দাই়াদা় আমারে বলতে চেয় জানাবৈধি জন্দনের বিভিনে দেখলাম ভোরকাপরাটা মেয়েরা নিয়ে অধিক যাচছে
test_narail_0124.wav,narail,আসসা তোর কোনো সমস্যা? কচ্ছে না ওরে সবসুমায় দেখি ওরে ওর পিছনে। আমি কইসি তা তোর সমস্যা কুহানে? ও না আমি তো যেখানে যাই সেখানেই মায়া বাড়ায় আসি। উম্ম। সেখানে মানুষজন আমারে ভুলতে পারে না ।,কোনো সমস্যা রসুবরে সবসময় দেখিবর পিছনে আমসাতো সমস্যাগনে া আমি তো যেখানে যাই সেখানে মায়া বাড়ায ়ের সেখানে মানুষ আমাকে বলতে পারে না
test_narail_0125.wav,narail,"সেখানে মানুষজন , আমার মতো মানুষ জন খুইজে বেড়ায়। আমাকে তারা আবার পরবর্তীতে ডাকে । আমি আবার তাদের কাছে যাই না। তোর তোর তোর ছবিতি পিপাসা রাখিস , ভালোই তো । আমারে তো স্মরণ করিসনে ,পিপাসারে তো ঠিকই স্মরণ করিস। আরে না আমি এট্টু গানের কলি দিছি , গানডা আমার বিরাট প্রিয়।",সেখানে মানুষজন আমার মত ানষজন খুঁজে বেড়ায় আমাকে তারা আবার পরবর্তি িতে ডাকে আবিমা চাদের কাছে যাইা তরতর ছবিতি টিপাশা রাখিস মারত সারণ পরিশ্নে পিপার সারে তে ঠিকিস গানের কলি দিছে আমার গান ডা অনেক ক্রি
test_narail_0126.wav,narail,"কমেন্টে গিয়ে তো ঠিকই বলেছো । আরে শুনবা তো আরে শুনবা তো । এই জন্যই তো পিপাসা রেখেছি ,হ্যা আমি দেখেছি। সুনা আমি দেখেছি। এরে উনার সাথে এট্টু কথা কতি হবে ,উনারও একা একা থাকে। একা একা কুহান্তে থাকে? ওইতো বর থায়ে না ধারে।",কমেন্টে গিয়ে তোি ারেখেছিম দেখেছি আ দেখেছি মাসকাদেটি কথাগতি বেবনারও একটা থাকে াগন্থে থাকে ঐইত বড় থায়ে না দাঁড়ে
test_narail_0127.wav,narail,"মানে বিয়ে করিছে। ক্যান?বর কুহানে? বর কুহানে থায়ে? বর থায়ে বাড়ি থায়ে বোলে বেশিরভাগ সুমায় তা কচ্ছে অ থাকে না থাকার মতো একদিন ফোন দেছেলো, তা অনেক উম্ম কচ্ছে তুমাকে আমি অনেক মিছ কত্তিসি। তা আমি কচ্ছি উঅ, তা যা তা দুই ভাই চইলে যা! দুই ভাই যাইয়ে কি অরবো!",বর থায়ে বাড়ি থায় বলে বেশির াগ সময় তা কথেও থাকে না থাকার মতো একদিন বন্ধ ছল তা অনেক সোকাছেতোমাকামি অনেক মিস করতিদাই জলেজা
test_narail_0128.wav,narail,ওরে আমি নেবো কিয়েত্তি? ওরে নিয়ে কি এয়্যারবো? আমি একা একা যাবো একা একা যাবো একা একা এট্টু চলে আসবো আবার। আর তোর সে সুমা-টুমা কনে গেছে? সুমা বিশ্বাস দোলা ভক্ত! আরে সুমা বিশ্বাসের কথা তো কচ্ছি সুমা বিশ্বাস তো কয়দিন আগে,রণিকের াএকাকদা লাগচলচর সুমাতোশের সুমা ডুমা বনিয় গেছে সুমবিশ্বাস দোলাভক্ত শ্বাসের কথাত কচি
test_narail_0129.wav,narail,"গরমের ভিতরে তার আবার উঠিছে। সে হটাত কইরে কচ্ছে চন্দন যশোর আসো। আমি কচ্ছি পচুর গরম তো ঘাইমে যাবানি , থাক। পরে এক সুমায় আসি। যে গরমডা কুমুক। কচ্ছে তুমারে অনেক মিস কত্তিছি আসো একটা সময় একটু সময় দ্যাও।",গরমের ভিতরে দাঁড়ায়ার উঠিছে এ াের কাছে চন্দন দাসরাস প্রচুর গরম ত নেমেতা বানি াকিঘকি্কু তুমি অধমানে মিস করতেছি আশা একটা সময় যদাও
test_narail_0130.wav,narail,"আমি অনেক কিউট না! ? আমারে মিস করে সবাই, বোঝোনা? কান্তারে বলিছিস ? যেসব আমারে বলতিছিস। না এই সমস্ত কোলি তো অশান্তি বাদবেনে ।ওই তো! ওই তো কি?",আমি অনেকটিউড ন আমারে মিস করে তারা বলেছি শেশন আমারে বলতেছেনাসমস্ত কলিতাও শান্তি বধছেলে ঐইত্ব কি
test_narail_0131.wav,narail,"ওই তো কি তুমি খুলনায় আসপা কবে তাই কও? যাবানি দেখি। হয়, তুমি খুলনায় আসপা । আমার সত্যি কথা বলতে কি আমার এখন এ জাগা আমার থাকতি ভাল্লাগে না।",ঐইতবকি তুমি খুনা সফাকবে তাইত জাবানিদেখিআমার সত্যে কথা বলথে কি আমার এখনে এই জায়গায় আমা থাকতে পার লাগে না
test_narail_0132.wav,narail,"দিনভরে একা একা ঘরের ভিতরে শুইয়ে থাকি ,আমার বাল্লাগে না শুইয়ে থায়ি, মুবাইল চাপ ঘুমাই। আরা এ জাগায় এ মানুষজোন-টোন আমার বাল্লাগে না। আরে ইন্ডিয়া , ইন্ডিয়া আমার খুব আপন ওইয়ে গেছে বুইছিস? ইন্ডিয়া আমি একা একা চলাচল করিছি।",আমি দিন ঘরে একা ১কাঘরের ভেতরে শিয়ে থাকি আা লাগেনাসি়ে থাইম ওয়েল সাপে গুমাই আরেক জায়গায় মাংজোনট ইন্ডিয়ে আমার খুব ইন্ডিয়া আমার খুব আপন হয়ে গেছে ইন্ডিয়ারামি আকারাকা জলাজল
test_narail_0133.wav,narail,"উম্ম, ইন্ডিয়ায় আমার অবশ্য বাল্লাগে না। পিযুষ বেড়ৈরে কইছি আমারে ইন্ডিয়ায় এট্টা বাড়ি কইরে দে। তা কয়ছে দিবানি।",বিনতে আমার ওছ পালেরি বশামর ইন্ডিয রটা এনডিআরটা বাড়ি করেদেদিা
test_narail_0134.wav,narail,"তুমরা দুইজন বইলে ইন্ডিয়ায় যাবা, ইন্ডিয়ায় যাইয়ে সংসার-পাতি পাতপা? না ,সিডা কল্লিও ভালো হয়। দুই ভাই বুনি বলিছিস নে? আর তুই যিরাকম বাড়ি থুইয়ে মারে থুইয়ে কোনো যাগা যাতি পারবিনে,",মুল ইন্ডিয়ান বা ইন্ডারনেট সংসার২াইবুনি বলিসিসে২জেরকম বাড়িথিয়ে মা রেথিয়ে কোনো জায়গা যাতে পারবি নাই
test_narail_0135.wav,narail,"ওউ কোনোদিন পারবে না। ক্যা আমার মা তো আমারে, ওর শরিলডা খুব খারাপ তো, এমনি শরিলডা খুব খারাপ তো। আমার মা তো আমারে অনুমতি দেছে। যাওয়ার। আমার মা কইছে কি পাসপোট কইরে আমার মারে ইন্ডিয়ায় থুয়ে যাতি।",দিন পারবেনা ার পারতামান অনুসর লা খুব খারাপ সরটা খুব খারাপতআার মাছপরনোআার মাকেছে কি পাসপোর্ট করে আমার মা রে ইন্ডিয়ায় ফেরত
test_narail_0136.wav,narail,"আমার মা দুই বছর ইন্ডিয়া যায়ে ব্যাড়াবে। হু। আর দুই বছর আমি যাবো দুই বছর আমি যাইয়ে কাগজ পত্র রেডি করবো। তারফরে মা রে নিয়ে যাবো। কোন দেশে যাবি? ইটালি? ইউরোপের যেকোনো দেশে ঢুকার ইচ্ছা আছে ,ইটালিজার্মানি।",া দুই বছর ইন্ডিয়াদে বেড়াবে আর দুই বছর আমি যাব দুই বছর চাযই আমি কাগজপত্র রেটি করব ারে নিয়ে যাও কন দ াবতালিইউরোপের যে কোনো দেশে ডোকার িস্থাইতালি জার্মানি
test_narail_0137.wav,narail,আইএলটেস করবো আগে। যদি আইএল্টেসের পয়েন্ট ভালো হয় তালি ভালো কোনো দেশে তো যাতি ফারবানি। ওই উত্তম জামাইবাবুও বলেছে তোর দাদারে কোন কোন একটা দেশে পাঠায় দেবে সেটা বলছে। উত্তম জামাইবাবুর ভাইরে আর তোর দাদারে দুইজনরে পাঠায় দেবে।,আইলটেস কর্বগে জাইলটেসের ফয়ন্ড বালতালি বালক মধযেশেরে বি উত্তাম জমাইবাবুও বলেছুতে দাদারে পনপণ একটা দেশে পাঠাযই দেবে সেটা বলছে উত্তাম্জনাই
test_narail_0138.wav,narail,"ও সুদুরপ্রসারী চিন্তা ভাবনা। আগে এই যে আগে অচ্ছে ।ইউরোপে ইউরোপের কোনো একটা ইসে পাঠাবে সেটা বলছে। ইউরোপে না যাতি পাল্লি শান্তি নাই তো, দুবাই সৌদি এগুলোতো বাংলাদেশের মোতো। বলছে,বলছে মাস গেলে দেড় দুই লাখ টাকা বেতন আসবে, সাত থেকে আট লাখ টাকা খরচ হবে যেতে।",তর পরসারে খিনিথাহবনা আগেই যে ইউরোপ ইউরোপের কোনো একটা সে পাঠাবে ইউরোপে না তা তৃপালি শান্তি না দুবাই েমাস মাস গেলে দেশ দু লাখ টাকা বেচনে আসবে ৭ থেকে ৮ লাখ টাকা খরচ বে যেতে
test_narail_0139.wav,narail,"উম্ম! আমি কইছি কালকেই যদি পাঠায় দিতি পারেন তা কাইলকেই পাঠায় দেন। আমি অন্তত বাঁচি। ইউরোপের জন্যি তও আরও খরজ বেশি দশের নিচে যাওয়া যাবেনা ইউরোপে। ওই তারমানে, আর ইটালির কথা মাসুস দুলোভাই বলিছিলো চৈদ্দো লাখ ।উম্ম , ওইতো ওইডে এগ্রিকালচার ভিসা।",ালকে যদি পাঠাই দিতে পারেন তা কাই াটাইে নি তারো খরচ বেশি দশের নিছেদওই তারমানে আর এই টালির কথা মাসুদ্দুল ওবাহী বলেছিল ১৪ লাখ
test_narail_0140.wav,narail,"তাও মাসুদ দুলোভাই মোনায় আপনের বাবার সাথে কথা বলবে , সেটা বলছিলো। কাকা আমার অনেক ক্লোজ তো , কাকা কৈছে তুই গিলি তোরেতো ফিরি নিয়ে যাবানি। তুই কৈসকেনে তালি না, তোরে ফিরি নিয়ে যাবেনে তো তা কৈসকেনে কাকা আমার ভগ্নিপতিরেও এট্টু ফিরি নিয়ে চলো।",তাও মাসুদ্দুলাবাইমোনা় আপনের বাবার সাথে ার পোস টাকাক্রাছিত তইকুলি তটকু পিরিয়ে নিয়ে যাবে বশকেনেতালে নতোলে ফিরে নিয়ে যাবে না তোতকরস্বমী কাকা আমার অগ্নিভাথেরভটু পিপিরি নিয়ে
test_narail_0141.wav,narail,"আমার সতীন, ভগ্নিপতি কনে? কয় আমার সতীন! না, তুমি এইযে হাইসে উড়োয় দেচ্ছো এ কিন্তু হবে না। তুমার। তা আমি হাসিডা রাইখে দেবো?",আমার সৌতিন ভগ্নিভর্তিকণে নাতুমিতে হাইকে উড়দ্স্য এগিন তবে নাকিতা রাই
test_narail_0142.wav,narail,"না উড়োয় দেচ্ছো আমার কথা তা তো অবে না, তুমি আসো তুমারে দেখি না ম্যালা দিন। দেহে লাভ কি আমারে? দেহে ম্যালা লাভ আছে, তুমি আসো। যার সাথে সব সম্পর্কই চুকোয় দিচ্ছিলি তারে দেহে লাভ কি, ক?",নাউর এদেস সমাল কথা তাত হবে না তুমি আসো তমারে দেখি না মেলাদিন েহেযার সাথে সবসম্পর্কই সুকই দে্ছেলইতারা দেয়া লাখটিপা
test_narail_0143.wav,narail,চুকোয় দিলাম কনতে? তুই মনে কইরে দ্যাখদি গতবার যখন ইন্ডিয়ায় আসছিলাম তখন। গতবার ইন্ডিয়ায় গেছিলে তহন তুমার আমার কাছে আসার কথা ছেলো। বাব্বা,সুকয়ে দিলাম কন্তে ত মনে করে দাখতো আমি গতবার যখন ইন্ডায় আসছিলাম তখন গতবার ন্গাইছিলি তরন তোমান আমার কাছে আসার কথা ছিল
test_narail_0144.wav,narail,"সে কি! হয় সুনা। যাবানি সুনা, যাবানি। আমার কাছে আসার কথা ছেলো তুমি আমার কাছে না আইসে তুমি বাড়ি চইলে গিছিলে। এই জন্যি আমার রাগ হইছেলো। আমি এবার ইন্ডিয়া যাওয়ার সুমা আমারে ব্যানাপোল ওব্দি এগোয় দিয়ে আসিসকেনে।",া জামার কাছে আসার কথা ছিল তিনি আমার কাছেন না আই বাড়ি চলিআমরা আমেরাই নিয়ে দর্শন হওয়ারে যাগান্টোপলবদেহ দেশে
test_narail_0145.wav,narail,"তা তো অবশ্যই, কি বলো! তুমি এইখানে আসবা, সন্ধ্যার সুমায় আসবা রাইত থাকবা পরের দিন ভোর বেলা আমরা দুইজন টেরেনে ব্যানাপোল চইলে যাবো। হয়। হুম!",তো অবশ্যই কী বলো তুমি এইখানে আসবা সন্দ্বাসয মাসবার আ়গ থাকবা প্পরদিন করবে লামনা তিলেন টেনে বেনা
test_narail_0146.wav,narail,"আমার ভিসার এসএমএস টা আসলেই যদি আজকেই আসে তালি আমি কালকেই চলে যাবো ভিসার এ ভিসা আনতি। মুটামুটি আমার অঙ্কুশির ওষুধ শেষ হয়ে গেছে, আমার মাথায় টেনশন আনে একশো একশো।",ভিষার এসএমএস্ট্া আসলেই যেতে আজগেয়েই আসার কারণে কার্গাই চবলা যাব বিচারে ভিশন্তিক ঘটনাও অকুশে রশিকষে সয়ে গেছে আমার মাে েন১
test_narail_0147.wav,narail,"আগে জার্নি করতি পারতো না এ করতি পারতো না। এখন জার্নি-টার্নি সব কত্তি পাত্তিছে, বুচ্ছিস? তার মানে বুঝা যাচ্ছে ডাক্তার দ্যাহানুর পরে মনে হয় একটু ইমপুরুভমেন্ট হইছে।",আগে জারনি করতৃপারত না এ করতিপাত না এখন জানটা মিশব রতা মানে বুগাল দাছে ডাক্তার দেখানোর পরে একট মনে হয় একটি ইমপুমেন্টওইজে
test_narail_0148.wav,narail,ওর আবার উচ্চ রক্তচাপ বুচ্ছিস? বিয়ে বাড়ি কি আবার যাবা নেই তুমি? আমিতো বিয়ে বাড়ি বইসেই রইছি। তুমার বিটা কনে? মেয়ে বাড়ি আর যাবোনা। মেয়ে বাড়ি রইছে। মানে গিরামের ভিতরে বিয়ে অচ্ছে না কি?,তচা উচ্ আত বিয়বারে বসিে গে মি়ে বাড়িয়া যাবনা েয়েছে গিরামের ভিতরে বিয়ে আসছ
test_narail_0149.wav,narail,"হ্যা, আমাগে বাড়িতো একটু ভিতরের দিকি। মানে ভিতরের দিকি বলতি বেশি ভিতরেও না। হইছে কি, ওই আমার বড় ঠাকুমা অচ্ছে অসুস্থ, মরার পথে বুইছিস? এখন এই জন্যি কি ভাইডিরে নাতি বঊ দ্যাখবে তাই ভাইডিরে বিয়ে দিয়া লাগিছে উনি পছন্দ কইরেই মেয়ে আনতিছে গিরামের",আমাকে বাড়িতে একটু বিত্তরের দিকে মানে বিতরের দিকে বলতে বেশি বিত্তরেওনা ঐচকি আমার বর খাকুর মা আসতে অসুস্থ মরার পথে এখন এইজন্যেকি বাইরের নাতি বহ দাখবে তাই বাইডেটি বিয়ে দিয়ে লাগেছে উনেই পছন্দ করেই মিয়ে
test_narail_0150.wav,narail,"আমি তো খুলনায় মাসি। তোর মা কুয়ানে? বাড়ি? মা বাড়ি, হয়। একা একা রইছে বাড়ি? একা একা থুয়ে আসতি হইছে পরীক্ষা হচ্ছে তো আমার এই জন্যি।",মিত খুলাই া মাবাড়ি হয় একাকা থুয়েতিইে পরীক্ষাছতম আলেজনী
test_narail_0151.wav,narail,"তা তুমি ফোন দিছিলে। ফোন দিলি থাহি ব্যস্ত তা ভাবলাম যে আইজকে এট্টু ফোন দি, কথা কই। মা এট্টু আগে শুনতিছেলো তুমার কথা। যে ফোন-টোন দেছেলো নাকি। দিলাম আগে একদিন তোরে",তুমি ফোন দিসিলে ফোন দিল্লি থাই ব্যস্ত তা বালাম দা আজকেঢুবন কথাই মা আুনতেফেল তোার থা ফোনটন দেছেল অনেকই লামাকাদিন পরে
test_narail_0152.wav,narail,দিছি চয়নরে দিছি কেউ ই ফোন ধরো না তুমরা। তারফরে দিপা রিদায়রে দিলাম কেউ ই তুইল্লে না। নয়ন কুহানে?,াইনাদিলামকেনয়নঘনে
test_narail_0153.wav,narail,"নয়ন দুকানে আজকে আবার বিষ্টি হইছে আমাগে এনি বিকেল বেলা, দুকানে। অও নয়নের বঊ কুহানে? বাড়ি নেই? বাড়ি রইছে। ও তাফরে ওর শরীর-টরীর ভালো আছে? নয়নের বউইর",মন দোকানেৃষ্টিসেবিকের বউখণে বাড়ি নাইা়ে া
test_narail_0154.wav,narail,আছে। চয়নের সাথে কথা-টতা হয়? চয় কবে জ্যানু তোর বড় মাসি ফোন কইচ্ছেলো দুই তিন দিন আগে। চয়ন,সরানি সাথে কথারাত হয়তাকবে গানকর করমা
test_narail_0155.wav,narail,"তা কচ্ছেলো দাক্তার দ্যাহাতি আসফো। আমি ই তয় আয়, দ্যাহাবানি দাক্তার। কচ্ছে পুনারো দিন পুনারো দিনির মধ্যি ঘুইরে আসফো। পুনারো দিনি দাক্তার দিহানি অয়?দাক্তার দ্যাহাতি গিলি কোম কোইরে দুইডে তিনডে মাস থাহা লাগবে। ইন্ডিয়ায় দাক্তার দিহাতি যাবে, তাই?",াক্তারদায়াতেসংতন২দিন ১নরদিনে মধ্যে পুলিশ পুনারদিনি ডাক্তারে পিস্কম ে
test_narail_0156.wav,narail,হয় কচ্ছে। ইন্ডিয়ায় ডাক্তার দিহাতি যাবেনে তুমার দিদি। বাংলাদেশেত্তে ত্যালায় ফায় ধইরে পাত্তিছি না ব্যাংকে টাকা রইছে ওই টাকা ভাইঙ্গে ডাক্তার দ্যাখাবে না সে।,তে তোমা াংােশতে পেলায় ফায়দেরি হতিছি না ব্যাংকে টাকা রইছে ঐই টাকা ভেঙে ডাক্তার দেখাআি
test_narail_0157.wav,narail,কি এয়্যারবে ব্যাংকের টাহা? ওই ব্যাংকের টাহা আমারে কচ্ছে কি আমারে কি পাগলে কামড়াইছে? আমি গাছ টাকা ভাইঙ্গে ডাক্তার দিহাবানি? তাই কচ্ছে। আমি কচ্ছি পাগল ছাগল আছে পৃথিবীতি কতো! তা তুমারে না দেখলি বুঝা যায় নাহ।,ও ব্যাংকের তা আমার কাছে কি তামারকে পাগুলে কামরাইছে আমি গাছ টাকাবাহিনী ডাক্তারদেহাবান পৃথিবি ত
test_narail_0158.wav,narail,আমি ঠিকই করবানে। সুমায় মতো কত্তিছো না। অসুমায় যায়ে করবানে। তা দাক্তার দ্যাহাচ্ছে না ক্যান? ওর কি কি? সুগার? আর কি ওইছে? ওরে যদি উনারে যদি চেকাপ করায়,াদেওদি ওনা যদি চেকআপ করায়
test_narail_0159.wav,narail,উম্ম ওই ম্যাশিন ই নষ্ট ওয়ে যাবে। উনার এতো রোগ। তালি! পোথম অচ্ছে ডায়বেটিক বুচ্ছো? হুম পরে অচ্ছে উনার চোখেতে নালি ওইছে।,ঐ মেশিনই নষ্ট হয়ে যাবে রোগ প্রথম আছে ডায়বেটিক বস্ পরে অছ্ছে ওনার চোখেতে নালী হইছে
test_narail_0160.wav,narail,"উম্ম। এরফরে উনার অচ্ছে পাইলসির সমস্যা। তাও ম্যালা পুরোনো সমস্যা। এরফরে আছে উনার অচ্ছে মাজায় সমস্যা। এইগুলো অচ্ছে উনি উনি পতিদিন কয়, উপলব্ধি করে।",এরপরে ওনারাছে পাযইএলসি সমস্যা তা ও মেলা পুরনো সমস্যা এরপরে আছে ওনারস্ে মাজায় সমস্যা এগুলো আছেউনি অনি উপতিদিনকয় উপলব্ধি করে
test_narail_0161.wav,narail,প্রতিদিন কয় এই সমস্ত উনার ব্যাথা শুলো। উনার চোহির সমস্যা। উনার মাজায় সমস্যা। তারফরে আরও কতো রোগ আছে তার ঠিক আছে? চোখ দে জল ফড়ে আর ডায়বেটিক্স তো আছে ই মুটামুটি ভারি আকারে। ডায়বেটিস ওইছে ডায়বেটিসির ওষুধ তো আমাগে এহেনতে সরকারেত্তে দ্যায়। হসপিটালের,প্রতিদিন কয় সমস্তে ওনার ব্যথা সুলো স্যা মাধা সমস্যা ে আরও গত রোগআছে তার ঠিক আছে চোখদে জল রে ডায়াবেটি্স াই সক্তআমাকে
test_narail_0162.wav,narail,"না এহনতো ইনসুলিন লাগাতি হয়। তাই?তালি তো বাইড়ে গেছে। নাকি? এমনি ট্যাবলেট খালি এমনি তো দ্যায়। ইনসুলিন, এমন অবস্থা ওইছে এই বড়িতি কুমতিছেলো না। ইনসুলিন লাগায় কুমাতি অচ্ছে।",এমনি ট্যাবলেট করনিত পওএন অস্থায়ছে র
test_narail_0163.wav,narail,তয় উনার ও সহজে ঠিক অবেনানে। মাঝে পইড়ে তো বিছানাত্তে উঠতিই পাত্তো না। কতোবার কইছি মাসি আমি ডাক্তার দ্যাহায় দিচ্ছি। কতো মানুষ আসে দ্যাহায় দি! ওই তো জ্বালা,তো়রারে ত বেছানাতে উঠতেই াওইা
test_narail_0164.wav,narail,আমার মতো না বুঝলি! টাহার মতন টাহা ও যাবে নে। কচ্ছে তাও যে ডাক্তার দ্যাহাতি ভালো ডাক্তার দ্যাহাইন যাবেনে? তা আমি কচ্ছি যাবেনে। তা আয়।,হাবেনু ওোয়আসা তা়জডাতাআেকাবে়াছেকা
test_narail_0165.wav,narail,তা কচ্ছে পুনারো দিন। আম কচ্ছি পুনারো দিনি কোনো দাক্তার দিহান যাবে না। ডাক্তার দিহাতি গিলি তুমার এক সপ্তা ফোতোম খাওয়ার ওষুদ দেবেনে। তারা দ্যাহার জন্যি। পথোমেই তুমার এক্সেরে-মেক্সেরে করবেন্নাকি?তুমার কি কি সমেশ্যা আছে এই সব শোনবেনে আর ওই পরীক্ষা গুলোক কত্তি দেবেনে।,কোন আধনি কোন দাক্থাতনাতাচা়া থেকে তুমারে কাপথাপ খাওয়ার উপসতে বেরে োবিতুমবার এসাম ্সারে পরবেনিকটি সময়্া চাইসব ফরবে নারই পরীক্ষাগুলো পস্থিতি
test_narail_0166.wav,narail,"আরও সুগার ওলি তো, আরও কতো কিছু রোগ মানে এমন এমন রোগ আছে ধরেই না সুগার হলি। এইসব ওষুদি। হয়, ডায়বেটিক্স থাকলি অন্যান্য ওষুদ খাআনিই তো যায় না।",সুগারালিত আরো কতকৃতরকমানে এমন আমন্ডুগাছে রেই
test_narail_0167.wav,narail,সুগার হলি ভারি জ্বালা এহোন ওষুদ খাওয়ান যায় না বেশি মারাত্মক অনেক কিছু করা যায় না। ঘাই-গুতো কাটা আবার কিএই গেলি সারে না। খাআ-দাআ <>,ারুলি বাড়িাং নাবেশি মারাতমনেকিছু করাপাকাবাশিারানাওয়াগা
test_narail_0168.wav,narail,ও জ্বালায় খাওয়া জাত খাবে। টাহার ইএয়্যারবেনে সুমায় মতোন ডাক্তার-মাক্তার দ্যাহাইয়ে। না দ্যাহালি আর করা যাবে কি! নিজি নিজি যদি না দিহায়। ওই আমারে কচ্ছে দাক্তার-মাক্তার। আমি কচ্ছি আয় দ্যাহাবানে দাক্তার যদি আসিস। কচ্ছে পুনারো দিনি হবেনে? আমি কচ্ছি পুনারো দিনি কোনো দাক্তার দিহান যায় না।,ালায়ানা দেহালে করা যাবে েিনেুন দনো া
test_narail_0169.wav,narail,দুই তিন মাস ছয় মাস থাহা লাগবে। কারণ ওষুদ গুলো দেবে তা তে কি অচ্ছে। তুমি কি বাংলাদেশে নাকি? যে আজকে দ্যাহায় পুনারো দিন পরে আবার আইসে দ্যাহানু। হুম একশো এক যে কোনো রোগ ঠিক হয় নিকি?,াণথনোেিং বাংলাদেশেরাকতে তাহার কোন আফিন ধর আবার আসিয়েদেহানএকাতে কোন রকই পারে
test_narail_0170.wav,narail,একভাবে দ্যাহাতি অয়। ছয়মাস। জামাই কোন জাগা? অ্যা? জামাই কোন জাগা?,জাইকন জায়গাজামাইকোন ায়গ
test_narail_0171.wav,narail,জামাই বাড়ি আছে নেই? তোর জামাই তো বিদেশ। বিদেশ বলতি কোন জাগায় আছে? তোর জামাই আসপে আর সামনের জোষ্টি মাসে। উমান গেছে না? ওও,রামাইতারিএেজা মাইকোবিকেবিদেশবলতিকুন বামাইাস্টা ামনেউমান েছে না
test_narail_0172.wav,narail,তা আছে-টাছে ভালো? ওরে বা ভালো নাই। জম্বের গরম। গরমে শরীল খারাপ। এইযে দুই তিন দিন আগে দাখতার দিহাইছে। আর এতো রোদ্দুর ওনি। আর ওর সে রোডের কাজ পড়িছে।,জলের বরং ােতাকাতে আছে তরতুরণী মারষে রোডের কাজ রে
test_narail_0173.wav,narail,না পাত্তিছে ফিরে আসতি। না পাত্তিছে কত্তি। ভারি জ্বালায় পড়িছে। রোডের কাজ যে কি জ্বালা! রোদ্দুরি সারাদিন কাজ কত্তি অয়। জান থায়ে? আর ওই যে কি গরম! রাত্তিরি তো এসির মোদি থায়ে।,ফিরে আসে নািকালা নতুন সারাবিনচানথায় দেতেি বড় াতেচির মধে থায়
test_narail_0174.wav,narail,দিনভইরে তো রোদ্দুরি থাকতি হয়। <> লাগাইছে আগে বুঝতি ফারি নাই। আনে যাইয়ে তো দ্যায়ে যে ওই অবস্থা। তাত্তো আবার বেতন কম।,ঐইম় লাগাইছে আগে মুসতিবারিনা় আনা যায়াতা ায়াযাযে
test_narail_0175.wav,narail,নয়নের বউ থায়ে কুয়ানে এওনে? এনি থায়ে। শরীর-টোরীর আছে ভালো? এনি তারা থাকতি চায়না। এনে থাকপে কাদ্দারে?,নয়নের বৌধ থায়খছ
test_narail_0176.wav,narail,"ওর মা বাড়ি থায়ে না। উনার বাবা থায়ে। আর উনার দাদা থায়ে। তা থাকপে কাদ্দারে? ও, শয়ন কোন জাগা মাসি? অ্যা? শয়ন কনে? শয়ন দ্যাহো না? শয়তান",সয়ন তেখন সতাল
test_narail_0177.wav,narail,কনে সেই ওইযে রেজিস্ট্রেশন হারায় ফ্যালাইয়ে বারো কিলাশে ফরিক্কা দিতিআল্লো না। ওই দিনকে পাইছে খুঁজতি খুঁজতি। এট্টা বছর এই যে গ্যালো। তা এহন আবার ভত্তি ওইয়ে আইছে। তা তো ফড়াশুনার যে ভোঙ্গি! ও ভত্তি ওইয়ে আইছে ফরিক্কা দেবে আবারা।,রস্টিশন আড়ায়ফেলা়১২ ক্লাসে পরীক্ষা রিতেলনায় কিতে পাইাকরাবছরে দেকেনাবার বলতেইরাশনা চাকএসতে পরীক্ষা দেবেবা
test_narail_0178.wav,narail,ও বলে কি কাজ-বাজ কত্তো? অ্যা! ওই যে টুকটুকি চালায়। মাঝে গেছেলো ওই যে নয়নের দুকানে কয়দিন। তা যায় না। গেম খ্যালার জ্বালায়। শয়তান আর কোনো তা ঠিক মতন করে না রে বাবা!,কানবাস করতনচালা
test_narail_0179.wav,narail,"রাত্তিরি কি খাইছো তুমরা? রাত্তিরি আমাগে বাবা! খাতি খাতি এগারোটা সাড়ে এগারোটা কোনোদিন বারোটাও বাইজে যায়।ওই বড়োডা আসফেনে রাইত এগারোটার সুমা, দুকানেত্তে। তা এই ছোট্টা এইযে বইসে রইছে আড্ডায়। কোন রাত্তিরি",রাত থেতে আমার বা খাতে যাতে ১টা সাড়া ১াটা কল পারওরাতসোনে রাতটে ১টার সো১টায় বসের চলে আটাকন ডাকতিরা
test_narail_0180.wav,narail,আসফেনে। রান্না তো ওইয়ে গেছে। হটাত কইরে ছোট্টা মাংস আইনছে। মাংস রান্দিছি। তা আর খবর নাই কোন রাত্তিরি খাবেনে তা কিডা জানে। ওনি কি মাংস কিভাবে কেনে? এক এক কেজি কেনে নাকি? অল্ফো অল্ফো ও তো কিনা যায় না? না না এনি,টমাংতমাংস কীভাবে ে একে কেজিকেনে নাকি অল্পরবূতে মানানি
test_narail_0181.wav,narail,তুমি যদি দুইশো ও ন্যাও দুইশো ও দ্যায়। পাশশো নিয়াইছে। উরা তিন জনে খাবে। আমি তো মাংস খাই না। আমার ওই যে থাইরেড আছে। মাংস খালি আমার ব্যাথা বাড়ে। এই জন্যি আমি মাংস খাইনা। কোনো পোল্টি তো খাই ই না। দেশি-মেশি এট্টু মাংস খাআ আমার,সনা গরুসহতা পাশরনে আইছে প্রাতিন জনে খাবাবিতে বাংস পা়া ারতে পায়ামাংস কালেমার কথা আবা পলিচি্ত ফাইনােশমেশেমাংস ারামার
test_narail_0182.wav,narail,"নিষেদ। মাংস,বড় মাছ। মাংস খাওয়া ও ঠিকো না ও বালো নাহ। ওনি কিলো কতো কইরে? কিলো যে কতো নেছে তা আইজকে শুনি নাই। মাঝে তো ওইছেলো দুইশো টাকা ওইছেলো। আর <>",কিলরেকিনুরাচে পথেনছে শুনি না মাজা১া
test_narail_0183.wav,narail,নয়নের সাদের সুমায় তো আনিছিলাম একশো পুচাত্তুর কইরে। একমাস ওইয়ে গেছে। আনে মনে কয় বাড়িছে না কুমিছে। ওই সুমা আবার ষষ্টি ছেলনা তো।,েমাপানিছিেএকমাশেই জারপাইপশমাবা সকি
test_narail_0184.wav,narail,"বাড়ি <>। ওইতো ওর ধারে আমি শুনি নাই। <> কইরে আনছে তো। এমনি কলো যে একশো টাকার মাছ আনছি। ওই <> নেছে একশো আশি। কাইটে-কুইটে দেয়, বুঝছিস? <> হুম।",তসাধারণ শুরই নাইমিওই রবিনাস পাজেকুচে প়
test_narail_0185.wav,narail,"আস্তো তা আনলি আবার দাম কম। আস্তোতা এইহেনে কেউ আনে না, সব কাইটেই আনে। ও বা, তয় বাড়ি যাবিনি কবে?",াতকপারি নাবিন পবে
test_narail_0186.wav,narail,"আমি তেইশ-চব্বিশ তারিখি যাবো আর। তোর দিদি মা কেমন আছে? আছে, কাইল্কে এইযে সন্দেশ-টন্দেশ খাওয়ায় আসলাম। কাইল্কে মির্জাপুর গেছিলাম। আমি আইছি আজকে সকালে , কাইলকে সকালে আর কি। পর্শুদিন গিছিলাম। খায়? <> খায়?",মি ২৩ ২৪ তারিখে বরআছে কালগেজে সন্দেষ টান্দেস খাওয়ায় আসলাম কালকে মিরজাফুরাম আমিআইা াো
test_narsingdi_0001.wav,narsingdi,"হান্ড্রেডও করছে দুইডা। আসলে ব্যাপারটা অইছে কী, একটা টিমে যহন প্লেয়ারগুলা সিলেক্ট করে, ওই রকম ক্যাটাগরি দেইখাই নেয়। আরে ভাই, যারা জাতীয় দ দলে আসে।",হান্ডেডও করছে দুা আসলে ব্যাপারটারছে কি একটা টিমে যখন ব্লযাবলা সিলেট করে ওরকম কযাটাগরি িরভাই যারা জাতীয় দলে আসে
test_narsingdi_0002.wav,narsingdi,"তারা তো ওই খারাপ খেইলাই আসে না। তারা ভালো, ওই লিগগুলাতে ভালো খেলে, ডোমিস্টিকে ভালো খেলে। পরেই তো ওদেরকে জাতীয় দলে ডাকা হয়। হ। কিন্তু, কী করবি ক? প্লেয়ার তো আর একটা দুইটা না। প্লেয়ার তো অনেক।",ইখারাপ ফেলা আছে না তারা াত ওই লিগুলোতে ভালো ফেলে ডমেস্টিকে ভালো ফেলে পরেই তোওদেরকে জাতীয় দরে ডাকা হয় িপ্লেয়ার ত়র একটা বিটানা প্লেয়রত
test_narsingdi_0003.wav,narsingdi,"কারে রাইখা কারে সুযোগ দিবো? এটা তো ইন্ডিয়ার মতো হইয়া গেলো এখন। ইন্ডিয়াতে যেমন একটা প্লেয়ার একবার বসলে আর খুব সহজে দলে ঢুকতে কষ্ট হয়। বাংলাদেশেও এরকমই হইতাছে। হ, বাংলাদেশ ইদানিং তো ভালো খেলতেছে না? সবাই ভালো খেলতেছে। এই মাঝখানে শুধু ওই আফিফ।",কারােসুযোইন্ডিয়ার মত নেতা যেমন একটা প্লেয়ার একবার বসলে আর খুব সজার দলে ঢুকতে কষ্ট হয় াংলে শরীএে রকমেইদানিংতো ালোকালতাছে না সবাইব আসখানে শুধুই আফিফ
test_narsingdi_0004.wav,narsingdi,"ফর্ম হারায়া ফেলছে। অনে আফিফরে বসাইয়া দিছে। কিন্তু অয় যহন ঢুকছে দলে, তহন থেইকা কিন্তু খুব ভালো খেলছে। তবে মামা, বাংলাদেশের মধ্যে মাশরাফিরে খুব মিস করি, বুচ্ছস? ও হইলো ক্যাপ্টেন্সি।",হারা়ফিলসে নাফইকে বসা় দিছে কিন্দু আয় যখন ঢুকছে দলে তখন থেকে কিন্তু খুব তবে বাংলাদেশের মধ্যে মাসাফিরা খুব মিস করি উচ্ছ ওর ক্যাপ্টেনসিং
test_narsingdi_0005.wav,narsingdi,"খুব ভালো ছিলো। এহন তো আছে, সাকিব আছে। তামিম আছে ওয়ানডে তে। এই আর কি! তবে যা-ই কস, মাশরাফির মতো ক্যাপ্টেন পাওয়া খুব কষ্টকর। হ রে।",া আছে সাকিব আছে তামি মাসে ওয়ানডেতে তবে জায়গা মাশাফি মোতাক্যাপট্েন া
test_narsingdi_0006.wav,narsingdi,"আরে, বাংলাদেশ অইলো বেডা দুর্নীতিতে ভরা। এই এক পাপ্পন দা দেখ, ওগো ফান্ডে নাকি দু নয়শো কোটি টাকা আছে। এই এত্তো টাকা দিয়া কী করবো? কিছু টাকা-পয়সা খরচ করলে তো ভালো।",াংলাদেশ িলোবেটা দুর্নীতিপাপকন্দােঅবফান৯শুটি টাকাস এত টাকা দিয়া কি করবো কিছু টাকা পয়সা খরচ কলে তো ভালো
test_narsingdi_0007.wav,narsingdi,"প্লেয়ারগুলা ওই একটু ভালো ভাবে তৈরি করা যায়। একটা লেগ স্পিনার নাই দেশে বেটা। অন্যান্য দেশে দেখ দুইডা, তিনডা কইরা লেগ স্পিনার থাকে। অস্ট্রলিয়াতে দেখ, এইযে এডাম জাম্পা। তারপরে হচ্ছে মাইকেল সেরসন। হেরা তো খুব ভালো লেগ স্পিনার। আফগানিস্তানের তো আছেই। লেগ স্পিনারই কয়েকটা।",ক্লেয়ারগুলা একটু ভালোভাবে তৈরি করা যায় একটা লেক্সবিয় অন ্যা়ী দেশে এভেতা অন্যান্য দেশে দে দুইটাধিন্টাকয় এলক্সপিনার থাকে অস্ট্রলিয়াতে দেখ জাদম জাম্পা তার বলছেল মাইকেল সিরসন এরা খুব ভালো লেক্সপিনা আফগানিস্তানে তো আছে লেক্সপিনারে কয়েকটা
test_narsingdi_0008.wav,narsingdi,"ইন্ডিয়াতে দেখ, এই চাহাল, রবি বিষ্ণুই, রাহুল <> ওরাও তো আছে। ওরা ভালো লেগ স্পিনার। বাংলাদেশে একটাও লেগ স্পিনার নাই। এই কয়দিন আগে রিশাদরে নিলো। কিন্তু।",ইন্ডেতে দেখ এই চাহাল রবি বিষ্নয রাহুল দেহতে বরত আবাংলাদেশ একটা অো য়দিন আগে পিশাদে নিল কিন্তু
test_narsingdi_0009.wav,narsingdi,"ওরে তো রাখছে মোটামুটি তিন চার বছর ধইরা দলের সাথে থাকতেছে। লেগ স্পিনারের অভাব পূরণ করতে পারতেছে না। এই প্লেয়ারগুলা লেগ স্পিনার, লেগ স্পিন বল খেলাইবো, তহন ওরে নিয়া যায়। ওরে লেগ স্পিন বল করাইয়া <> কিন্তু ওর লেগ স্পিনের সাথে তো বাইরের দেশের লেগ স্পিনারগো কোয়ালিটি মিলে না।",ত রাক্সে মোটামন্টি তিনচার বছর দলের সাথে ধাকতাছে লেক্সপিনারের খভাব পূরণ করতে পারএই প্লেভারেলেক্সপিনার প্লেক্সফিন বল খেলাইব তখন রে নিয়সিন বল করে ওরলেক্স্পিনের সাথে হতে বাংলাদেশে লেস্পিনা পরটি মিলেনা
test_narsingdi_0010.wav,narsingdi,"ওরা তো আরও হাই লেভেলের। সেজন্যই তো তারা লেগ স্পিন খেলতে গেলে সমস্যা হইয়া যায়। ঠিক আছে। তবে, তবে ইদানিংকালে ভালোই উন্নতি করছে।",ওরাতো আরও হাইলেভেলে সেজন্যই তো তারা লেক্সমিন খেলতে গেলে সমস্যা হয়েযা থেইগে আছে তবে তবে ইডোনিঙ্গলে ভালো উন্নতিব
test_narsingdi_0011.wav,narsingdi,"এডা বলতেই হবে। হ, এডা আমিও মানি। বাংলাদেশ উন্নতি করতেছে, আরও উন্নতি করবে। নতুন, নতুন প্লেয়ার আসবে। <> তবে, আমাদের যে পঞ্চপান্ডব ছিলো, এরকম পাওয়া যাইবো না রে আর।",যআিওনতি করতেছে আরও উন্নতি করবে নতুন নতুন ব্লেয়ার আসবে তবে আমলাদেশ যে পঞ্চমণ্ডব ছিল এরকম পাওয়া যাবে না
test_narsingdi_0012.wav,narsingdi,"হ। এডিরেও তো কাহিনি-টাহিনি কইরাই আস্তে, আস্তে রিটায়ারমেন্ট করার লাইগা প্রেশার দিতাছে। এক মাশরাফিরে দেখ। একটু সম্মানের সহিত কিন্তু ও রিটায়ারমেন্টটা নিতে পারতো। কিন্তু ও এডি করে নাই। তাও এহনো হে বিপিএল খেলতাছে।",নিঢরত কাহিনি াইনিবইরেই স্ারসতেদি টারমযান ওায়লোে এক মাশা ফিরেদেয় একটু সম্মানে সহিত কিন্তু অইিটারম্যান্টার নিতেরতাও এখনওবিপিএল খেলতে আছে
test_narsingdi_0013.wav,narsingdi,প্রিমিয়ার লিগগুলা খেলতাছে। রূপগনঞ্জের হইয়া এ যেন খেলতাছে ডিপিএল। এই আর কি! এই ডিপিএলের কথা কইছ না। এই বেটা আম্পায়াররা কী সিদ্ধান্ত দে। আউট অইলেও আউট দে না। আবার যেটা আউট না ওইটাও আউট দিয়া দে।,প্রিমিয়ার লিগুলো খেলতেছে রূপগঞ্জের হয়খেলতাছে ডিপিএল এই ডিপিএলের কথা আমপায়রা কি সিদ্ধান্ত তেয় আউট হলে আউটেনাউট নয়ডাও আউটডিয়াতে
test_narsingdi_0014.wav,narsingdi,"বাউন্ডারি অইয়া যায়, ওরা চক্ষেই দেহে না। ওইডারেও রান দেয়। আবার বাউন্ডারি না অইলেও ওইডারে চার দিয়া দেয়, ছয় দিয়া দেয়। এরকম অবস্থা দেশের। একটা সিস্টেম, একটা রিভিও সিস্টেম এরা ম্যানেজ করতারে না, ওরা নয়শো কোটি টাকা দিয়া কী করবো!",বাউন্ডারি হয়ে যায় এর চক্ষে োউন্ডারি না হ ওডাে চার ৬য়িএর অবস্থা েশেএকটা সিস্টেম ট্যালিভিল সিস্টেমেরা ম্যানেজ করতারেন রা৯০ কোটি টাকা দিয়ে কি
test_narsingdi_0015.wav,narsingdi,"নয়শো কোটি টাকা কি লাগে? এনে তো দেড় থেকে দুই কোটি টাকা দিলে এর একটা মেশিন আইনা বসাইতে পারে। একটা স্পিড মেশিন এরা ঠিকঠাক মতো চালাতে পারে না। বল করে বোলার, বুল গতি উডে।",৯০ টাকা কিলাগে নেত দেড় থেকে ২ কোটি টাকা দিলের একটা মেশিনাই নামব চেরে একটা স্পিড মেশিনে হারা ঠিকটাক ম চালাতে পারেনা বল করে বলার বুলগতিউডে
test_narsingdi_0016.wav,narsingdi,"এই অইলো, এই অইলো দেশের পরিস্থিতি। বুচ্ছস? অন্যান্য দেশগুলাতে দেখ, অস্ট্রলিয়া দেখ, নিউজিল্যান্ড দেখ। এই এক মিচেল স্টার্ক অস্ট্রলিয়ার খেলতাছে। ওর বলের কি গতি এহন। আর আমার! ইংল্যান্ডের দেখ, জেমস এন্ডারসন।",ইল দেশের পরিস্থিতি অন্যান্য দেশগুলোতে যায়গ অস্ট্রেলিয়াদে নিউজিল্যান্ডে এক মিজেল স্টার্ক অস্ট্রেলিয়ার খেলতেআে ও বলের কি গতি ইংল্যান্ডের দে জেমস্যান্ডারসন
test_narsingdi_0017.wav,narsingdi,"চল্লিশ প্লাস বয়স অইয়া গেছে। তাও এহন টেস্টের মধ্যে বল করে। পঞ্চাইশ অবার, ষাইড অবার বল করে। আর আমাদের দেশের প্লেয়ারগুলি অহনোই না কি টেস্টতেত্তেন ছাইড়া দিছে? টেস্ট খেলা ছাইড়া দিছে। টেস্ট খেলবো না।",চ০্লিশ প্লাস বসে দাওয়ন টেস্টের মধ্যে বল করে ৫০ অভর সাডে ২ রামানের দেশ এব্লিয়ারগুলি হনিনাকি টেস্ট টেস ে সাইডাদিস টেস্ট খেলা সটেস্ট খেলবোন
test_narsingdi_0018.wav,narsingdi,"কী আর বলমু, বল? আসলে যারা যে চৌদ্দ, পনেরো বছর ধইরা টিমটারে সার্ভিস দিতাছে, হেরা এহনো খেলতে চায়। আর এ হেরাও মাত্র নতুন পাঁচ, ছয় বছর ধইরা খেইলা এই ওগো এই অবস্থা।",কিআার বলমো ল আসলে যারা যে চ৪দপন্য বছর দেরা টিমরা ছাবি দিতেছে রাওনা খেলতে চায় রামাদ নতুন ৫াচশ বছর দৈরা খিলে এই ওকই অস্
test_narsingdi_0019.wav,narsingdi,"ওই কথায় আছে না? খুব তাড়াতড়ি ওইঠা গেলে, উপরে উইঠা গেলে মানুষ পরে পেছনে তাকাতে চায় না। অয় ভুইলা গেছে আর কি! যে কই ছিলাম আর কোথায় আসছি। হ, এগুলা হয়, ক্রিকেটে এগুলা হয়।",ও কথা আছে না ব তাদের উইঠা গেল ওপর ওঠ গেলে মানুষ রে িজেতাকাতি ায়না হ়দ বিলাগেসারক ে কইছিলাআমার কথায় হয়
test_narsingdi_0020.wav,narsingdi,"কী আর করবি ক! দেশের মানুষ। হ। তবে, ওয়ানডে, টি-টোয়েন্টি খেলতেছে ওইটাতে ভালো করুক। তাহলে তো আর কিছু লাগে না। টেস্টে তো আছে এহন এবাদত ভালো করতেছে।",যািদেশের মানুষ তবে ওয়ানডেডি২য়েন্টি হেলথ সেটারতে ভালো বর লেতো আর কিছু লাগেনা তেষ্টেত আছে নিবাদত ভালো বল করতেছে
test_narsingdi_0021.wav,narsingdi,"খালেদ আছে, তাসকিন আছে। সমস্যা নাই। পেস ইউনিটে খুব ভালো আছে। এ দিকে আবার ওই যে হাসান মাহমুদ অছে। ইনজুরি থেইকা উইঠা খুব ভালো। ওইযে ইংল্যান্ডের সাথে সিরিজটা খুব ভালো বল করলো। <> ছিলো রুবেল ছিলো, সাইফুদ্দিন ছিলো।",খালেদ আছে তাসকিন আছ সমস্যা নেয় প্রেস ইউনিউটে খুব ভালো হাসা় দিগাবাড়ি ে হাসান মাহমুদ হাসেন ইঞ্জুরি থেকাউইঠাব খুব ভালো ইিংল্যেনডের সাথে ত্র০িটাখুব ভালো বল করল একসহ সময়ন ছিল রুবেল ছিল সাইফদ্দিন িল
test_narsingdi_0022.wav,narsingdi,"আসলে রুবেলের জন্য খারাপ লাগে রে। অইও তো হিসাবে সিনিয়র প্লেয়ারই আমাদের। ওরে তেমন রেসপেক্ট দেওয়া হয় না। আর সাইফুদ্দিনের কথা বললি তো? সাইফুদ্দিন তো অইলো, মানে নিজেরে নিজে বড় মনে করলে যা হয় আর কি। এই আর কি।",রুবিরতর জন্য খারাপ লাগেরে পয়ত হিসাবে সিনিয়র েরে তেমন রেক্সফাক্ দেয়া হয়ন সাইবউদ্দীনের কথা বলিত উদ্দিন নিজের নিজে বড় মনে করলে যাহ
test_narsingdi_0023.wav,narsingdi,"এটাই। আসলে জাতীয় দলে প্লেয়ার আসবে যাবে, যাবে আসবে এরকমই চলবে। তুই, আজকে তুই খারাপ খেলতাছছ, তর জায়গায় আরেক জনরে নিবেই। যদিও আবার, তোর জায়গায় যারে নিছে অই যদি খারাপ খেলে।",এডাই আসলে জাতীয় দলের প্লেয়ার আসবে যাবে যাে আসবে এরকমই তুই আসে দুই খারাপ খাল্তাদস্তর জায়গা আর একজনে নিবেই যদিও আবার তোর জাযগায় যায়নি সহ যদি খারাপ ফেলে
test_narsingdi_0024.wav,narsingdi,"তাইলে অন্য আরেক জনরে টানবে। এমনেই তো চলবে। একটা ভালো টিম বানাইতে হইলে তো সবাইরেই যাচাই-বাছাই কইরা দেখা লাগে। কে কেমন, কোন জায়গায় ভালো খেলতাছে। আর সবচেয়ে বড় সমস্যা অইলো আঙ্গ দেশের সিলেক্টরগুলা। ওরা যদি ভালো প্লেয়ার।",অন্য আরেকজনে ডানবে এমনিতো ে একটা ভালো টিম বানাইতে হলে তো সবাইরই যাচাইবাজাদেএ গামন বুনজায় আর সবচে় বড় সমস্যা লম দেশেলেকটওরা যদি ভালো প্লেয়ার
test_narsingdi_0025.wav,narsingdi,"সিলেক্ট করতে পারতো বা তারা তো আগে যাইয়া তাদের খেলা দেখতে হবে যে, কোন প্লেয়ারটা ভালো খেলতাছে, কার ভ্যালু কোন জায়গায় বেশি, ওইটা তো তাদের দেখতে হবে। এরা তো মাঠেই যায় না। এরা এই ড্রেসিং রুমে বইসা থাকে। মন চাইলে দেহে, নাইলে না দেখে।",সিলেট করতে পারত বা তারা তো আগে যায় তাদের খেলা দেখতে হবে যে কুনক্লোয়াটা ভালো ভেল তাছে কা বেলুকুন জায়গায় বেশি বেটা ত ত দেখতে হে এতো মাঠেই যায়না এর এই ড্রেসিং রামে বইসা থাকে মঞ্চালে দে া দেখে
test_narsingdi_0026.wav,narsingdi,"<> এক শান্তরেই দেখ, কত সুযোগ দিলো। এহন যায়া ওই প্রমাণ করতাছে, না, ওই পারে। লিটন দাসরে দেখ, কত ট্রল করলো! কিন্তু এই গত এক-দেড় বছরে সবচেয়ে বেশি রান লিটন দাসের। বাইরের দেশের প্লেয়ারদের সাথে ওরে এহন তুলনা করা অইতাছে।",এক সান্তরেকত সুযোগ দিল প্রহণ করতে লিটনদবাশে দে কত ট্রল করল কিন্তু এই গত একদয বছরে সবচে়ে বেশি রান নেটনদ্াসের বাইরার দেশের প্রয়াদের সাথে হরে তোলনা ঘরাইতে
test_narsingdi_0027.wav,narsingdi,"একটা ডেডিকেটেড পারসন, খুব ভালো, আই পি এল এ ডাক পাইলো, এই ভাই তোর চেষ্টা কইরা যাইতে হবে, পরিশ্রম করতে হবে, নিজেরে প্রমাণ করতে হইবো যে না আমি ভালো খেলি, তাইলেই তো হইলো। হ্যাঁ তবে।",ডেডিকেটেড াল আইপেলে ঢাকপাই এই তর চেষ্টা করে যেতে হবে পরিশ্রম করতে নিজেরা প্রমাণ করতে বলে না আমি ভালো খেলি তাই
test_narsingdi_0028.wav,narsingdi,"চাই বাংলাদেশ টিমটা একটু ভালো টিম হোক, ভালো খেলুক, যেহেতু এহন সব দলের সাথেই ভালো খেলতেসে, একটা ট্রফি জিতা উচিত অন্তত সাকিব আল হাসানের জন্য হইলেও ট্রফি জিতা উচিত। আরে, আল্লাহ ভরসা।",াংলাদেশ িা১২টি মোখ বালো ফেলুক যেতে হনচলসব দলের সাথে ভালো খেলতেআছে একটা ট্রফি জেতাউচিত নতো সাকিবল হোসানের জন্য এে জেতা উচিত আারে আল্লাবড়োশা
test_narsingdi_0029.wav,narsingdi,"দেখা যাক কি হয়, সপ্ন তো ভাই সবাই দেখে বুচ্ছস, এহন সবার সপ্ন তো আর সত্যি হয় না। টিম আছে, বারোটা-চোদ্দটা টিম আছে, সবাই তো চাবে যে বিশ্বকাপ জিতুক। কিন্তু ওইত্তো জিতবে তো যায়া একজনই, দুই, দুইটা টিম ফাইনাল খেলবে।",দে স্বপ্ন দোবাই সবাই দেস্বপ্নত সত্েনা টিম আছে ১২টা ১৪টা টিম আছে সবাই তো চাবে যে বিশ্বকাপ জিতু কিন্তু ঐত্যজিত বেত জায়া একজন দুটা টিম ফাইনাল খেলবে
test_narsingdi_0030.wav,narsingdi,"একটা টিম জিতবে, ওইযে কয়দিন আগে দেখলিনা এক রিপোর্টার আতার আলী খানরে জিগাইলো যে আপনে বাংলাদেশ কী ওয়ার্ল্ড কাপ জিতবে? কবে? উনি বললো যে, দুই হাজার তেইশে।",একটা টিম জিতবে হয কয়দিন আগে দেখলি ন রিপোর্টার আতারালিখানের জিগাইল যে আপনি বাংলাদেশ কিয়াল কাপ জিতবে কবে বল যে ২০২৩এ
test_narsingdi_0031.wav,narsingdi,"ওইডা দেহস নাই তুই? এরকমই, সপ্ন সবারই দেখতে হবে। ওইডাই, সপ্ন সবাই দেখবে, ওগুলা হারেক দিকে চলেনা। এইযে টি-টোয়েন্টি ওয়ার্ল্ড কাপ গেল দেখলিনা? সাকিব আল হাসান বললো যে।",এরকমই স্বপ্ন সবারই দেখতে হবে াই স্বপ্ন সবাই েউনাদে এইটিটোয়েন্টি ওঅযাল কাপগুলো দেখলি না সাকিবাল হাসান বল যে
test_narsingdi_0032.wav,narsingdi,"সপ্ন তো সবার, আমরা দুইটা ম্যাচ জিতবো এটা ভাইবা আসছিলাম, বাকিগুলা জিততে পারলে আমাদের জন্য প্লাস পয়েন্ট, আমরা ভালো কিছু করতে পারতাম। ইন্ডিয়ার সাথে লিটন দাস রান আউটটা না হইলে তো বেটা জিত্তা যায়, কোনো ঝামেলা আসিলো না।",সব্নতো সবাই আমরা দুইটা ম্যাচ জিতবডবায়বায় আসছিলাম পাকেগুলা জিতে পারলে আমাদের জন্য প্লাসপয়ন্ড আমরা ভালো কিছু করতে পারতা ইন্ডিয়ার সাথে লিটনদার সানাউডটা না হলে তবেটা জিতে হজা কো ানাগছে
test_narsingdi_0033.wav,narsingdi,"ওই কিছু করার নাই বাদ দে থাক, ম্যাচ দেখ এহন ওইযে গুজরাত ব্যাটিঙে নামবে দেখ, এহন গুজরাত জিতবে। বেটা লাখনোয় বলিং <> দেখছস কেমনে জিতবো? এক মার্ক উইডা তো সব উইকেট নিয়া নিবো। দেখ যে এখন দেখ।",ছু ম্যাচব্যা গুজরাধ ব্যারিং ে নাবে দয এগুজরাট জিতবে লাখন বলিং ইউনিডেক্সোসকেনো জিতব এক মাগোডে ত সব উইকেট নিয়ে দ্য
test_narsingdi_0034.wav,narsingdi,"আপু। ক। আইসক্রিম খামু। আইসক্রিম? আইসক্রিমের যে দাম! পিডা খাইতে ভাল্লাগে না বইন। বইন, আইসক্রিমের, আমার খেয়াল আছে আমি খাইতাম হাফ লিটারডা সম্ভবত আসিন নব্বই টাকা।",িথম্আইি মাইসরিমেরদের দামআইসিমে াখে লােলিটার ডশনোকতাছ ৯০ টাকা
test_narsingdi_0035.wav,narsingdi,"এডা এহন হইছে একশ চল্লিশ টাকা। কোনের দাম বাইরা গেছেগা, চোকবারেরও দাম বাড়ছে, কাপ আইসক্রিমেরও দাম বাড়ছে। বইন, চকবারের দাম ফাশ টেয়া বাড়ছে বইন। ফাশ টেয়া অনেক কিছু, অনেকগুলি একবারে আনতাম গেলে অনেক।",হয়ছে ১৪০ টাকাফুনের দাম বাইরে ১সাসফ বারাড দাম বার্ সে কাপ পা স্ট্রিমের রদাম বাড়ছে টি অনেকিছনে ঘুলে একবারাম তান গেলে অনেক
test_narsingdi_0036.wav,narsingdi,"সব জিনিসের দাম বাড়তি। মায়ে কইতাছিলো কী যানি? মুরগি তো এক্কারে ফুরা খাজানা হয়া গেছিলিগা, সবকিছুর এহনে মনে হয় আস্তে-আস্তে কমতাসে না কি? <> মুরগি দশ টেয়া কেজি আসিন। দোকানো গিয়া, দোকানো গিয়া যেইডা ধরি, খালি বলে দাম বেশি, খালি বলে দাম বেশি।",লিশার দাম বাড়তে মাইকোদাশিল্পিদের মুরদি পযকারখুরা েলানাসবকিছু রহনায়েসঢোকানো গেয়াজেইডাদরি খালিবলা দাম বেশি খালিবলা দাম বেশ
test_narsingdi_0037.wav,narsingdi,"আল্লাহ। তাইলে আইসক্রিম যদি তুই দামের লাইজ্ঞা খাওয়াইতিনা? আরে খাওয়ামু-খাওয়ামু ইনশাল্লাহ। এহ। এত্তে বাড়ির ফিডা খা, লাভ আছে। দাঁতে ফোকায় ধরবো। <> হ্যাঁ?",ত্য রাইফডিলদামএর দামের লক্ষ য় তিন েখনা খানুখামিনশতএবারিফিরাখদাদা মুগেআরফকরার হয়া ু
test_narsingdi_0038.wav,narsingdi,"ছুডুবেলা আসিলো না? পোকা দাঁত, ফালায়া দিসি। মাশাল্লাহ আমাদের তো আবার তেমন হত না। হুম <> । জীবনে কি খাইসস না? হুম, ইয়ার লগে মজা লাগলো হইলে, কি কয়, সেমাইয়ের লগে, নানুর হাতোর সেমাই, জোস।",রাফুলনাকাজীবনে এখােমলড়াগর নানু াতার সামাদোস
test_narsingdi_0039.wav,narsingdi,"বাড়িতে যাউনের আগে কুমু নানুরে বানাইতে ইডা। কিরে কারেন্টে বারি মারে কে? কারেন্ট, এই গরমের মইদ্দে কারেন থায়ে? একটু ফরে-ফরে যাইতে থায়ে, আইতে থায়ে, আইতেই থায়ে, বিদ্যুৎ অফিসের লোকেরা ফাইসেও, যেমুন ধরেন আনুপাতিক হারে কারেন যায় বলে।",াডরি তদাঙগার আগে ক ে াক্যারেন্ডা বাড়ি ভা়ােকারণ এই বর্ণন দোকানভায উটু বরা ফয়জা়তে থাঁয়তে থা়াতে থায় বিদ্যুৎ ও বিশ লোকারা পাইসো জিমুন করে আনুপাতিক হারে কার ্নলাইমেন
test_narsingdi_0040.wav,narsingdi,"দিনে চাইর-পাঁচবার গোসলই করন লাগে। তাও ভালো করস তো। তিনবার অলরেডি হইয়া গেসেগা গোসল। মাত্র? হুম, মাত্র। আমি এইবার নিয়া সাতবার করসি। সারছে। কারেন্ট, আল্লাহ, কি কমু!",দিনের সাইকালকার গোসলইাগেক্যবরথ বস্থাকিনবার অলডেডি এলেখাবথক থ্রকমার মেবেরনেসাবারকার অ্যানড্ালাবিপোমট
test_narsingdi_0041.wav,narsingdi,"সকালে ঘুমেত্তে উইট্টা দেহি নাই <> হইসে, দুফুর বেলা যায়, বিকালে যায়, রাত্রে যায়, ইফতারি করমু হেই টাইমে যায়, সেহরির টাইমে যায়, কি একটা যে অবস্থা। ফাচদোনার কারেন্ট আবার এত্ত খারাপ। উহু, ফাচদোনার কারেন খারাপ না। ফাচদোনায় থাওস কয়দিন?",সকালে ঘুমে ২টাদিনই নাই মারায়দুপুরবেলা জা় বিকালা জায় রাত্রাদায় ক তারিকন্ম হেঁটে এমেদা্সেলিটেমে জা় কই একটা অবস্থা রাজধানারকারেনডাব্যত্ত চুহু ৎপাদনা হয়ন ফাজিং খা়স ক়দিন
test_narsingdi_0042.wav,narsingdi,"যদ্দুরই, বাড়িতে আই পি এস আসে দেইক্ষানে এতো বুঝা যায় না। মোবাইল চার্জে দিতাম তাও দেয়া যায়, কারেন থায়েওই না। উই আর বড়লোক্স, ইউ নো? হুম, কালকা সামিরে জিগাইতাসে মায়ে, ""বাবা কারেন অনে ডিসটাব হয়, না খারাপ লাগে?""",বাড়ি তাই পেয় থাস্তে কা না কবু তালা়না মোবাইলট ারধি গান্দলাদা আলাক কারনথাইসামির এগুইকেতাসময় ারেন কনেডিশ চাপার আনা খারাপথাগে
test_narsingdi_0043.wav,narsingdi,"বড় মা অনে তো খারেন্ট এত যায় না। পরে মায় কইতাছে, ""বাবা, কারেন্ট থাহেওই না। তোমগো তো আইপিএস আনছে দেইখা এনে বুঝো না।"" ফরে আসতাছে কাকিমায়। নিচে অনেক ঠান্ডা। ওফরে গরম। দেখে।",বর্ম অনেধাহারের দেত গায়না নইকদেযা বাবা কারেন থায়ও় না দাই পেয়ে কানছেডি কেনা বুধ না া খরা গাকিমান মিছ অনের ঠান্ডা উুকরাকর
test_narsingdi_0044.wav,narsingdi,"পোলাপান দি বাজ্জি ফুডাইতাছে। ইদ আইয়া ফরছে না <> তিন দিন রইছে আর। ছাইর দিন রইছে আর ইদের। কিয়ের ইদ আইয়া ফরছে! উম ইয়া, ইয়া গিয়া তার, কারেন্টের তার-তুরো ফরলেগা আক্করে আগুন লাইগা যাইবো গা। ইদের ফরে ফরীক্ষা। ইত্তা বাজিই তো ইয়াত গিয়া ফরলে, তার-তুরো ফরে। ফরে আগুন লাইগা যাগা। ইন্টার ফরীক্ষার কতা কইছি। তুই আগুনের কতা কছ কিলিগা? আমার ফরীক্ষা দেরি আছে। তো মরবো ইতানে। ইয়া বোম-বাজ্জি আনে কিলিগা?",বাধ জি পুটাই তেছে বিবয়রাতিন িছাইদের মোকরকলে লাআমলগ েরেরতূতাবাজই ি়া দখলে াকরা খমগা ারিহরি খাদেরি মর বৈতযানা দিয়া বোমাকযানাকেলিগা
test_narsingdi_0045.wav,narsingdi,"পোলাপাইনডি তে কালকা পলিং স্টার দেখছি। অনে এডা কি পলিং স্টার না কি ওইযে ইয়া আতশ বাজি মারে না ইমুন? ইতা বুজতাছি না আমি। ওই, নিজের ভাষায় কথা বল। নিজের মাতৃভাষায়, নিজের একসেন্টে কথা বল। তুই কেলিগা। আমি নিজের একসেন্টেই কথা বলি।",গোলাবাকালক ফলিংস্টার দেসি অনের এটি কলিংসা নাকি ইউদোইয়া আতর বাদিমার নেমনিতাবুল দাছিন জেরবাসাজে মাতরিনিের এক সেন্টাথাব অনিলার ১নের কথাওয়
test_narsingdi_0046.wav,narsingdi,"আমি এক্সপেল দিয়াম। চাবায়া-চুবায়া কতা কইতাছত কিলিগা? চাবাইতাছি। ওহ, আমি চাবাইতাছি না? আমার কতা ইমুন আইতাছে? ঠিক কইরা কতা কবি। আমি এমনেই কতা কই। ইদ্দে, কিরে?",ও আলভাবার্গে থেহা লাত ইমরা কে সযার ডিকর আে
test_narsingdi_0047.wav,narsingdi,"আবার কোন আগুন লাগছে। আবার? পোস্ট দিছে। আয় হায় রে! এই বঙ্গ বাজার, এরফরে সিরিয়ালি খালি আগুন লাগতাছে। যিমুন মাইনষে আগুন লাগাই দিতাছে ইমুন লাগে। কেডা কইতারে! কওন যায় না বইন। যেমনে সিরিয়ালে। আয় রে! টিন গরম দেখলে মনো অ যে, ফাতুনা বাজারো যে আগুন লাগছিলো? উহ! আমি টু তে ফড়ি সময়। যেই ডরান ডরাইছি।",বঙ্গবার এরে সিরিয়ালিখাল মলাকজুমনায় শাখুন লাগাডিতা সিমুল্াকেনোজোজি দেখবে মাুরেইডরনডাট
test_narsingdi_0048.wav,narsingdi,"টু তে ফড়ি ছময়। কিছু দিন আগে খেয়াল নাই ? ওই যে রাত্রে বেলা কারেন্ট গেছেগা, শিয়ালের সামনে যে? তে তেলের ইয়া, তেলের দোহানো? তেলের দোহানো আগুন লাগছে। আমি যে মুক মুছতাম গেছি। গিয়া, আমি যে ওই কি রে! হেইদিক দা আবার লাইটিং-মাইটিং কেরে? পার্টি না কি? ফরে দোকানে চাইয়া দেহি ধোঁয়া উড়তাছে।",টুদেবার সময় কিছুদিন আরি খাল নাউযায় রাত্রাবেলা কারান্ডাসাখারাসামিত্েলারিয়ার তেলেজন আউনলরদের আমিদা মোখমু সামগেশি ডিয়া ে িরে ফেরিদাবা লাইটিং মাটিংের পার্টিনা কি অরগুন ধমরে সাইডি দুয়া উঠতাছে
test_narsingdi_0049.wav,narsingdi,"আর মাইনষে ছিল্লাইতাছে। তুই যে কানা তো। <> দেখবি? তুই তারফরও ক দেখছি যে। দেইকা মারে গিয়া ডাক দিছি। মা, মায় আগে উঠছে না বাবায়? মায় আগে উঠছে। মারে উডাইছি। ফরে <> ডাক দিছি ফরে <> শুয়াত্তে ওইঠা বইয়া পরছে ফুরা। তো কি আগুন বসা? <> মানুষ এক্কারে সর্বস্বান্ত অইয়া যাগা। এক্কারে আগুন অনেক খারাপ জিনিস।",মানডিজিলাইটা সাঁতপুরে কানাবেন বিবেকনি তাপরক দেখছিদেনদেকামা জেরাকাসি মাঠ মায়াদুর সেনাবামারাগ্রোডস মার ওডাজেন পার বাহারাগিসরের উতরা টা বোইয় অবস্িতদাযার মানোশাকার বর্বসন্তদাজাটকারা আগুন অনেক খারাপ জিনিস
test_narsingdi_0050.wav,narsingdi,"এক্কেরে অনেক খারাপ জিনিস আগুন। কিন্তু ওই ইয়া এনো তো হুদা তেল এক যাগাত লাগছে। হুম। তিন-চাইর তেলের দোহানো লাগছে। হেনো কয়ডা লাগছে? হেনো সব দোহান <> ফহির বানাই লাইছে ফুরা মানুষরে। বঙ্গ বাজার, মতিঝিল আরও কোন, কোন যাগাত কনো দেখলাম একটা স্বর্ণের দোকানো আগুন লাগছে।",অনেক খারাদুন ডইিয়ে এনাত হলো ত৩ল ১ যালা নিনশের ১৩দযংলা গুহা নগরা রলাখবে সব দন রাখে ফহিলগনামান বঙ্গবাগানর মূর্তি জিলারকন কোন দা়া কোন দাকলা মাটা স্বর্ণের দোকান আভুল লাগবে
test_narsingdi_0051.wav,narsingdi,"অনেই তো। স্বর্ণ এডি চুরি অইছে না? জানি না। স্বর্ণ ফুড়াইতো না বইন। ইতা সাফ কইরা ফরেই আগুন লাগাইছে। স্বর্ণের দোহানো তো কেউ আর গিয়া বিড়ি টানতো না যে আগুন লাইগা যাইবোগা। লাগাইছে আগুন। অনেকে ছিন্তা করে, হয়তো ধূপ-টুপেতে লাইগা যাগা।",সোনিনারি জুডি ওেছেন ন্না পরাত নব়া ঘরে আগুনমালাধানাদ্যানতগারগিওয়ার গে বিডিে টান্তে না যা গুনে গেলে ্লাগাইফোন অনেকটা ফিলদ করে হযতো ধূরখু পেতা লাে লাগা
test_narsingdi_0052.wav,narsingdi,"কারণ, স্বর্ণকাররা ম্যাক্সিমাম হিন্দু। হেরা ধূপ জ্বালাইবোই। সো ধূপ কি স্বর্ণত লাগলে কি আগুন জ্বইলা যাইবো অক্করে? না। ধূপ কাফড়-টাফড়ে লাইগা ফরে বাড়ে। কাফর কই থাকবো? ওই যে ধর, দোকানে ফর্দা-টর্দা বা এই টাইপের কিছু থাহে না? না, থাহে না তো। <> আছিলো না তো। অনেক সময় কয়েলেত্তে আগুন লাইগা যাগা।",সর্ণ কাটা মেক সমাম হিন্দু তারা দুরধালায় দোক দুধবিফর্ণের গাল গাঁয়ন্দিরে তেবকি না দুকাফড় কাফর লাগযে াকাভর করে ভাগবওএদোকানে পর্দাপর্দা বাইকে বেরিকিছু থায় না কয়লাতাউন নেতেলা
test_narsingdi_0053.wav,narsingdi,"কয়েলেত্তেও বড় আগুন লাইগা যাগা। এই জন্যই তো আমরা ইউজ করি গুড, গুড, গুড, গুড, গুড নাইট। গুড নাইটে আমার স্পন্সার করা উচিত। দেহি, আমি গুড নাইট একটা কিনতারি। ইয়াত আছে। কিন্না কী আরবে? জাওয়ার বাড়ি হোস্টেলের লগে বাঁধাকপির ক্ষেত। যেই মশার মশা! লাভ অইতো না।",়া এজেন্ নতাএমরা ইউস্তরি গুডগুডগুডনাডারমাসমন্সর করা উচিত দেই আমি গুডনাতম্যাগের ভেতর শস্টর লগা বাদালতের খ্যাঁত দেইমহার মহ্যাঁ
test_narsingdi_0054.wav,narsingdi,"এ লাইগা কিনমু। বইন, মশা ব্যাট দিয়া মারতে বিশাল কষ্ট। আইলসামির লাইগা অনেক সময় মশা কামরাইয়া থুইয়া যাগা। তুই আইলসা দেইখা। <> আমার তো মারতে মজাই লাগে। ব্যাটটা বালা আছে যদিও। কোনডা? ওই আমারে কিন্না দিছে না মশার ব্যাটটা? এডা।",গলম বারদা মাথা বিশাল পষ্ট তার সামিলে গনো সম্মাশা খামরা খুলা জাগা তায় েদে মায় আাদে মারতমদাইলা় বেটা ালাছও যদিওআর কিনারিস্লাম সবারটা
test_narsingdi_0055.wav,narsingdi,"আমারডার জানি কী অইছে, চার্জ শেষ অইয়া যাগা খালি। আহ! তুই তো মশারে ইমুন ভাবে মারছ, যিমুন ইয়া স্পোর্টস। এক্কারে মানে অয় না? যিমুন খেলাধুলা করছ। টেনিস।",য মশা রইমুলভাবে মা র জইয়াস ফোর্স চকারামানে ওয়নি খেলা মিস
test_narsingdi_0056.wav,narsingdi,"হুম। টেনিস প্লেয়ারগো মতো। উম! থার তে আমরা টেনিস <> ব্যাটমিন্টনের প্রাইজ লইয়া আইছে ছেরি। হেহ! হুহ! ব্যাটমিন্টন খেইলা তো টিচার ফর্যন্ত কাঁফাইলাইছছ। হ, হুম। <> ইয়া মুসলেমা স্যার অনে রিগ্রেট করে। কয়, তুমি তো আমার চাকরি খাইয়ালাইছিলা। হু।",লাগমতকারদানাটেন স্তারেরে এবার বিনিনা প্রাইজলেইস েরব্যানমিন্টন খেলা দুটি চার পর্যন্দমিতাবার চাকরির খে়বেজি
test_narsingdi_0057.wav,narsingdi,"উম, খেলাধুলায় আমি অনেক বালা আছিলাম। দ্বীপেও, দ্বীপে বরাবর আনু আছিলো। পরে শেষে কেমনে জানি উঠলো হেয়। <> একটা সত্যি কতা কমু। আমার তে বালা তোরা কেউ খেলছ না। এডা সত্যি কতা। হুম?",খায়ালামে়নে বালা আছলে দীপদ্বীপে বরাবর আনুয়া ছিল ক়ে সেকেনাতানুহ একটা সদ্যে কথ ামাতা বলা তর সত্যিকদা
test_narsingdi_0058.wav,narsingdi,জোরে কতা কইতারছ না তুই? এ সত্যি কতা। আমারতে জোরে কইয়া কীআরতাম? আমার তে বালা তরা কেউ কতা কছ না। কাইজ্জা করার সময় দি গলা ইমুন বড় অইয়া যাগা। কাইজ্জা করার সময় কি সবাই কি মিউ মিউ কইরা কতা ক? ত অনে ইকটু জোরে কতা কইলে কী অয় তর? অনে তো কাইজ্জা করতাছি না।,এর সত্যিগলাদরকয়েকমাতাবাতােরসমদি এবন বসর কার্যাল়ের সাবাকিক সাবেকভ মিওমিউকারের টংাকয়গট টারহিনা
test_narsingdi_0059.wav,narsingdi,"এমনেও গলার আওয়াজ বুঝা যাইতো না। মুহের মধ্যে দেড় মণ লইয়া ফরে কতা কইতাছছ। আমার শেষ তো। না, ছুডুবেলাত্তে আসলে খেলাধুলার প্রতি বিশাল টান আছিলো <> স্কুলেত্তে আইয়া, মায় তো ঘুম ফাড়নের ধান্ধায় থাকতো।",নগলরা অদ্বুমুহমুধে দেরমন লশিয়াকাস াসুরুবেলা তাছুলে খেলাদুলার প্রতিবিশা াস্কুলে তাইয়া মাই তখুমধারানার দামদাড়ি থাকে
test_narsingdi_0060.wav,narsingdi,"আর আমার ধান্ধা আছিল কোন সময় ফলামু, গিয়া খেলমু। বইন, আমার ই অন্য মেমোরি আছে। দরজার ছিফা দরজার খিলি আস্তে কইরা খুইলা গেছিগা আমার যায়গার মধ্যে। মায়, মায় ছাইয়া দেখতো। চাইয়া থাকতাম। আবার অনেক সময় হোমওয়ার্ক দিয়া বয়াইতো যে, হোমওয়ার্ক শেষ না করলে খেলতে যাইতে দিতাম না।",্াসেলকোনঠুনা কলাম খেলবইন আমা রিভন্যা মেমোরিয়াসার দরভাফিডএাে ফিবি আস্তা বেিারসুম হুমার দেয়া বয় তদের হুমর শাখনাকলে খেলতে রেতে যিতেন
test_narsingdi_0061.wav,narsingdi,"দোল গোল্লাছুট, বউছি, দাইড়া সব খেলছি। কী, এই? কিয়ের হোমওয়ার্ক, এইচডাব্লিউ। হুম। ইয়া করছেন? <> হুম? উম তুই ইতা খেলছছ গোল্লাছুট, বউছি, দাইড়া। অবশ্যই। গোল্লাছুট খেলছি না। <> বালা না।",বনসিদার হির হোমভার্গ এফডব্লিচতেখার চ্কুলাবিালাসুবিধার য
test_narsingdi_0062.wav,narsingdi,"গোল্লাছুট খেলছি না আমি। দাইরা, বউছি সব খেলছি। ইতা আমি আর তুই খেলছি। <> সাদার স্ট্রাইকেই ফারছ না। আমি অল-রাউন্ডার তাইলে। আমি সবওই ফারি। ফারছ, বালা ফারছ না। ফারাডা বড় কতা, বালা-খারাফ ফরে। আমি যেডি ফারি, হেডি আমি চমৎকারভাবে ফারি। হুম। লেহাফড়া ছমৎকারভাবে ফারছ। অবশ্যই।",আমি অরাউন্ডােিপারসবালাজেরি ফারিহেহসেবে চমৎকারোঅবশ্ই
test_narsingdi_0063.wav,narsingdi,"যেই ফড়া তরা ফোনরো দিন লাগাই শিখতি, আমি আগেই শিহি না ঠিকওই। কিন্তু লাস্টের তিন দিন আমি ঠিকওই শিক্কালাইতারি। যিমুন? এজ ইফ? পরীক্ষার আগের দিন বইয়া, বইয়া আমি দুই-তিন অধ্যায় ফইড়া শেষ কইরা লাই। তরে ফড়াইতে গেলে।",বেরপর অতরা পন্যদিন রাগা শিক্তিয আমে আগাশেই না ঠিকগিন্দ লাস্ট তিন নানঠিকশিাপরীক্ষার আগে দিনবা দ্িতিনদ্যাতরা়াে
test_narsingdi_0064.wav,narsingdi,"মনো অয়, আমার কিছু স্টুডেন্ট ফড়ানি দরকার। আর যদি গণিতের কতা কছ, গার্ল, ইউ নো প্রিটি গার্লস ডোন্ট ক্রাই ওভার বয়েস, দে ক্রাই ওভার ম্যাথ। সত্যি কতা। ম্যাথ আমি আর অনেক বালো ফারতাম। তো ফাইরা কী আরতারছছ জীবনে? কিন্তু কী? কিন্তু ফরি ফরিক্ষার হলো আমার মনো থাকতো না। চেতাবি। এই যে একটা আমি।",কিছু স্ুআর যদি গণিরধর কতা গস গার্ল্থ ইউনো ফ্রিটিক্ালসজোন ট্রায়ওভার বয়স এ্য গ্রায়ওভার ম্যাথ া রারিসু মনো াবি এই জায়তাআমি
test_narsingdi_0065.wav,narsingdi,"এটা আমি, আর খে! উম, ম্যাথ ফাইরা অনে ইঞ্জিনিয়ারিং ফড়তাছি। দুইয়া আইন্না হুদা সফটওয়্যার। তুই হার্ডওয়্যার। তুই সফটওয়্যার। হুম। হি, হি, হি। তর এইচ ডাব্লিউ খাতা <> ছুলাইলে আবার ইমুন লাগে।",আমি ২য়াহ্যারঅন ইঞ্জিনিযারিংদ্য সফটওয়্যার তো হার্টস তি সফটওয়্যার রেজডামরো খ্যা
test_narsingdi_0066.wav,narsingdi,"তরে ছাড়া ভালো লাগে না। চলে, মোটামুটি। আমার স্কুলডা বেশি ভালো লাগছে। মেইনলি ফ্রেন্ডস, মজা করার লেইগা। ইরি! তগো সময় ফ্রেন্ড অইছলাম। ওইতা অনে সাপ, সাপ। <> যেকোনো সময়, যেকোনো সময় ছোবল মারবো আইয়া। সব অনে বিয়া-সাদি কইরা সেটটেল।",আমার ছুলা বেশি ালক মেলি ফ্রেন্টরতগছাবা ফ্রেড্ইসলাম ৭১৯নএডিয় সাদিকরা েল
test_narsingdi_0067.wav,narsingdi,"কেডা? রাহা মনি। আহ! আমার, আমার আছে। ঐশীর খবর জানি না, নীতির খবরও জানি না। বইন, আমার লগের একটাও তো বিয়া কইরা লাইছে। কিছ। <> হোলা। মাইয়াই পোলা কিডনাপ করছে। সয় না, সয় না। সত্যি কতা। হুম। মাইয়া বলে হোন্ডা ভাড়া কইরা লইছে। আমরা তো হুইনা। বাপরে!",তু আমা লাগারাটদবিয়া কেযে বইয়াফেলা গিডনাপ করেছে
test_narsingdi_0068.wav,narsingdi,"কই? আঙ্গ ক্লাসের মাইয়াই বলে। আঙ্গ মনে কর, আঙ্গ ব্যাচটা এক্কেরে এই মেয়ে বিখ্যাত কইরা লাইছে। যুব সমাজের নৈতিক অবক্ষয়। <> টিসি দিয়া দিছে এই মাইয়াডারে। ওহ, কি অবস্থা! এগগেমা বইন রাখতো না। তো গুন গুন্ডা বাউয়ারি রাখবো?",আলনুর গ্লাসের বারেবেলা আলরমরাে আগো ব্যাস্ট একেরেমে বিখ্যাতবেরালাইসেযুবসমাধার নৈতিক অপক্ষ িরািয়রি রা
test_narsingdi_0069.wav,narsingdi,"উম, এঙ্কেমো গুন্ডা বাউয়ালির অভাব আছে! কিছু। বইন, রেজাল্ট যিমুন বালা স্কুলের, ইয়াও হিমুন। কিছু দাগী আসামি থাহে না? ওই তো কয় দিন আগে ছারায়। ছারারা। সারাইত, আছে ছারায় অনে স্কুলো? না।",ইংানডেম গুন্ডা বাহলের অবাবাসডই ডেজাল জীমনবালা স্কুলে দিয়া হিমকিছু দাগিয়া সমিথ ায়
test_narsingdi_0070.wav,narsingdi,"ছারারে ধরার উফায় রাখছে না আর। ছারা। আঙ্গর সময়ও কয়েকটা বাইর করছে। <> না কী মনো করতাম? আঙ্গর সময়, আঙ্গর সময় কেইস আছিলো খুব ইজি, ইজি। মোবাইল ফোন ইউজ করতো, এল্লেগাও বাইর কইরা দিছে। ওরে! আঙ্গ এ বইন, আঙ্গর জন্য মোবাইল চল্লিচ ইয়াও। ধুরু, কি কই! মোবাইল ফোন ইউজ করার লাইগা যদি টিসি দেয়।",াে এসা ছিল খুব মোবাইল ফোনই উসোর ংঅ্যবইাংজনযা মোবাইল সোন নিউজ বুলমোবাইল ফোন ইউজ করানে লাগা দ্ে টেসে দেব
test_narsingdi_0071.wav,narsingdi,"ওই স্কুলো হয়ে থাকতো না ফোলাফান। উম, অনে ভার্সিটিত গিয়া টিচাররা যহন ক না, মোবাইল বাইর করো, এডা করো, হেইডা দাও। তহন মনে লাইক সিরিয়াসলি? মোবাইল বাইর করলে যদি আবার টিসি খাই! স্কুল, কলেজ লাইফটা এমুন আছিলো।",নে ভার্সিটিনদি়া ঠুচারাদহন কনা মোবাইল অযাকরোইডানমনেলাইট সিডিয়াসটি মোবাইল গাডকলে যদি ৬রটেই সিগরাে স্কুল খলা গ্লাক পেন ল্যাভাকেমনে
test_narsingdi_0072.wav,narsingdi,"করতাসি, বইন। তর এই এইচডাবলিউ খাতার মইদ্দে কী লেহা? এইডাবলিউ, সি ডাবলিউ আমার আলাদা খাতা না, দেখ? তাও, তোর খাতার মইদ্দে কী লেহা? কী লেহা? সুই। এইচ ডাবলিউ ই। সুই। ফরে, ঈদ তো আয়া পরচে, ঈদের জামা কয়ডা হইসে তোর এইবার?",কর্তা তারা এইজডেন র খাতার মন্দে কিলেহা ব্লুসিরো গ্রাম আলাদা খাতান লাতা খাতাদি কিলো এডবলিউইিতায়করে করা জামা করে
test_narsingdi_0073.wav,narsingdi,"আমি গরিব, বইন। জামা-কাপড় নাইগা। কিন্না দিয়া যা। ছুডুবেলা অনেকেরই তো বড় অইছে ফরে সালামি দে। আমি তরে অহনে ফুটবলের মতো কিক কইরা ইয়াত নিয়া ফালাই দিয়াম বিছনাত। হোপ!",আমি গরি বাতখন নাইরওআমি তারা হারনা ফুটবলার মতো কিক কইরাই একটা খালা
test_narsingdi_0074.wav,narsingdi,সালামি দিবি তুই আমারে? ছুডুবেলা অনেক সালামি <> তুই গতবার বিশ টেহা সালামি দিছছ মাত্র। অক্করে মাইর দিমু। বিশ টেহা দিছি গতবার? আরও বেশি দিছি। কতো দিছছ? ষাইট টাকা দিছি গতবার তরে আমি সালামি। তো এডা কি খুব বেশি অইছেগা? <>,ালামির দিবিতইআারগতা বিষ্ট় সালামে বিশাসমাত্রা২ি০্াি গতমান আর বেশ৬০াুবে
test_narsingdi_0075.wav,narsingdi,"এনো ষাইট, হেনো একশো। একশো ষাইট টেহা সেলামি ফাইছছ। একশো কিয়ের? কই, কবে? দিছি এক্কেরে। না, দেছ নাই। দিছি। দেছ নাই। দেছ নাই আমি কইলাম। দিছি। দেছ নাই তুই। উম। তুই দেছ নাই। তুমি মাইরা দিছো টাকা। না, না। সত্যি দিছি আমি। বাটপার! সত্যি কতা দিছছ না তুই। দিছি। না, দিছছ না। <> আমি ফরে তরে হিসাব দিমু নে কইত্তে দিছি। দিছছ না তুই। টিটিই আবার কতা ক।",১৬০র সঙ্কগভ্ানদেসনাই্যসনাইদ্সনাইসড্যসনাভি মারাদেসের টাগা সতযল
test_narsingdi_0076.wav,narsingdi,"অয় কেরে বাইরেদা? আস্তে। দেখছছ, টিকটিকে খাইলাইতাছে আমার লগে এই দুইজন ফুরা। উম। টিটি কইতাছে, ছুপ কর, ছুপ কর। কানও ধরছে। সত্যি কতা, তুই দিছছ না আমারে। উম <> এইডা আমিও ছিন্তা করতাছি। উম, ছুডুবেলা। বুজ্জস?",বেসাসতিকটিকা় খাহিরদা সামায়িডিপেপে সুর্িক রখানা ধরছসত্যেকালিনএডিয়ামিয় সিন্দা অালদুজা
test_narsingdi_0077.wav,narsingdi,"মা ইমুন আছে, ব্যাগও আইনা দিছে সালামি থুবানের লাইগা। ওহ, গরম কররে! তে মার, মার একটা, মার একটা গয়নার ব্যাগ আছে না, আম্মায় যে কানের দুল রাখতো স্বর্ণের? হু, হু, হু। এডার মধ্যে আমি সালামি জমাইতাম। মায় সুন্দর কইরা ইক্টু ফরে না আমার টেহাডি নিতোগা। হুম। ছুডুবেলা দেইখা ছিন্তা করতাম, ইস! বড়গরে, বড়রা কতো সালামি ফায়।",ইমুল ওা বোকোয়ান্ারিসে সালামি ঠুমানেলেগেরমারাটা মারটা বয়নার াগাসন না াইুাশুটুবেলা থেকে ছিন্কিশ বড় রাবড়নাগত সালামি ফ্যা
test_narsingdi_0078.wav,narsingdi,"যে দিন আমি বড় অমু, হেই সময় আমিও সালামি ফামু। অনে বড় অইয়া দেহি, ছুডুরা কতো সালামি ফায়। আমার কোনো সালামি নাই। ইয়া মদুরা পিএসসি দেয় সময়, হেইরে তো কতোতা দিছে হগলতে! আমার সামনে, সামনে আমারে লোভ দেহাইয়া কয়, কয় তুই আগামি বছরের ইয়াডা রেজাল্টডা বালা করিস। দেখবি তরে আরও বেশি দিবো।",খ ো হয়ামধুরা পিএসি দা় সময় ভেরদতকা ইসেহল আমার রাউন্ডের রাউন্ড আড়ারার লোবধা কদি১বাসার রিয়া ডারা থালবা বালা করে দেখবি তরা আরও বেশী দিবক
test_narsingdi_0079.wav,narsingdi,"আইছে আল্লাহ! আমারে এক্কেরে করোনায় পিএসসির মজা মাইরা দিছে ফুরা। উম শোন, আমারে পিএসসির ফরিক্ষার সময় আমারে, আমারে অনেক টাকা সালামি দিছে। কিন্তু, লাস্টে আমি ফাইছি কী জানছ? দুইশো টাকা দামের একটা ব্যাডমিন্টন। কেরে? মারে কইছলাম, মা, আমারে এই টাকাত্তে একটা ব্যাডমিন্টন কিন্না দিবা?",সালারেকার করনার পেয়েসি মালামাইরাদিসআমারা পিউসিনাআম আমার অনেক টাকা সালামেলিছিকিন্তু লাশটে আমিফা শিকিজান দুসেরানাদামের একটা ব্যাডমিন্টরের মারে গসেমা মারি টাকাক টযবা ব্যাডমিন্
test_narsingdi_0080.wav,narsingdi,"অনেক ফেরাফেরির ফরে মা রাজি অইছিলো। ফরে ব্যাডমিন্টন দুইশো টাকা নিছে। তারফর, আমি খেলতারছি না। দ্বীপে শেষ কইরা লাইছে আবার। আমারও তো শয়তানডায় আমার এই ব্যাডমিন্টন, ব্যাডমিন্টন নষ্ট কইরা দিছে। বাবারে কয় বার না করছি আমি হের মতো একটা কিনা দিও না। আম, আম, আমারডা তো হেওই নষ্ট করছে <> হে নষ্ট কইরালা সবারডা। ফরে আইয়া হাইরা দামিডা কিন্না দিছে।",োর ার িএেবিসে তারফোর আমিখাল কারসিনা দ্বীপে শেষ কলেছে ম়তল হোতান ারিনষ্ট করেছে বাবার ওয়বান নাকসেন ভান াত্যাগ ইনাজিয়না াআমার ডাদুদ্ব হ্যায়ই নষ্ট করছে হাই নষ্ট কর সবার আহার নামে লেখে নেন
test_narsingdi_0081.wav,narsingdi,"টাকা আমারডাও ভালা। তুই তো তাও খেলাধুলা করছ। দেইকা আনছি। আমি তো একদিন খেললে দশ দিন গেছি না। বাক্কা <> কারণ, আমি যে মনো কর, সিক্সে ফড়ি সময় মোটামুটি হেই সময় তো এতো আক্কারে খেলার নাইগা। আমি তো বড় ফোলাপানের লগে খেলতাম না? আমার তো হাইট বেশি দেইক্কা। না, এইলিগা ক্লাস ফোর পর্যন্ত খেলার নাম দিতারছি না। ফাইভে দেখছছ, <> ফার্স্ট প্রাইজ লইয়া ফরছি।",্যস ি একদিন থুলে দেয়ে দিনগেি বড় ফলখ আমা তা হাইডবেশির একতিয়া নারিলিয়ার গ্লাজ পরব জিন্দা খেলার নাম নিতার ছিনা ফাই বেদার থ দোরডা ফাসপা ে
test_narsingdi_0082.wav,narsingdi,"হা। ফাইভে আমিও ফাইছিলাম। আমি ফাইভ, ফোরে ফাইছিলাম। দৌড়ে ফাইছি। একটা সেকেন্ড প্রাইজ। এডাই আমার স্কুল লাইফে ফার্স্ট আছিলো। কোনো খেলার মধ্যে গেছি না। ফাইভে খেলছছ না? ফাইভে খেলা দিয়া কিছু ফাইছি না। আমার লগে সব মনো কর আমি তো এক বছরের জুনিয়র আছিলাম।",থাইবা আমি ওফা ইসলা িফোডেফাইছিলাম দৌড়ামেসি সা গ্যানপাই ওইরে আমার স্কুলাইফে ফাকস্টা ছিল না খেলার ম দায়াইবে কেলাদে কি শিংহ কমাল লগে সমনাআমি তো এক বছরের জুনিয়র আছিল
test_narsingdi_0083.wav,narsingdi,"এডা, এডা লাইফের সবচেয়ে বড় ভুল হইসে সুডুগরে আগাইয়া দেওয়া। ফরে? তো এর লাইজ্ঞা আরকি সব আমার লগে বড়া-বড়, বড়া-বড়, বড়া-বড় মাইয়ারা ফরতো, দৌড়ায়া আনতারসি না, কোনো সময়ই। বাদ দে, তোর ঈদের দিনের প্ল্যান কী?",রাইরা লেখাঘার্যবড়া ভুলে সে শুরু গর আগেই়াদাওয়া করে ত্যএলেডারকি সবামালকে বড় বড় বড় বড় বড় বড় মেয়ে রাখর ত দৌড় র কারসিনা কোনো সময় বাদ্যাতারিদের দিনের প্ল্যানটি
test_narsingdi_0084.wav,narsingdi,"ঘুমামু। এডা, এডা খুব খারাপ একটা জিনিস। একটা পোষ্ট ফড়ছিলাম ফেসবুকে। যদিও খারাপ লাগছে যে, মাইনষের অন্যান্য দিন নববর্ষ, এইডা, হেইডা, যেইডি হারাম <> অনেকে ধরে আর কি! এইডি লইয়া কত প্লান থাহে, ইদ লইয়া কোনো প্লান থাহে না। ওরে, আমি তো।",পডাএরা খুব খারাপএটা জিনিস একটা পোস্ট করছিলেম ফেসবুকদীয় খারাপলাকে দ্েম্যান্টের অন্যান দিন নগর শয়রা হেডা জেডি খারাম মেন্ডি অনেকে দলে আঁখে এই ডিলইয়া কত প্ল্যান্থা ইঁদলো এখনো লরা মিতা
test_narsingdi_0085.wav,narsingdi,"তো তোর লগে প্লেন করি না? আমি সব ছুটির মইদ্দে বাইত বয়া বয়া ঘুমাই। হুনোস না, ফরে একচুয়ালি মনে হইল, ঈদের দিন কোন প্লেন করমু কেমনে? ঈদের দিন তো বাপ-মায় কোনোখানে লইয়াই যাইতে চায় না। আয় এবার আমরা দুইডাই যাই। কোনো যাবি? ওই, পাঁচদোনা, আর কই যায়গা আছে?",াপ্ল্যানঘড়ের নাম সবসুটের মধ্যে বাইধবা রভুমায় খুনোসনাকরে এক টেলিমনেলো ইতে দিন কোনো প্ল্যানগনকে নৃদে দিন্দ বাপমায় কোন ফেলই যেতেছেন নাসধানার
test_narsingdi_0086.wav,narsingdi,"<> ড্রিম হলিডে? ড্রিম হলিডে যাইতে দিবে একলা একলা? লাইক আমি এইটে ফড়ি, তুই কই ফড়ছ? অনার্সে ফড়ি। সেকেন্ড ইয়ার না,ফাস্ট ইয়ারেই ফড়ছ তুই। ফাস্ট ইয়ারে, আমি ভুইল্লা যাইগা আমি যে অনার্সে ফড়ি, এগো হাব-ভাব দেখলে মনে হয় আমি এখনো ক্লাস নাইন-টেনে ফড়ি।",াসার াকাশুেিডিইমরিটে দায়িত্বে দিবে এলাইক আমিএৈাস রিসেকেনডেুইলােখাব্বাদ দেখলে মনামে়েনা ক্লাস নাইন রি
test_narsingdi_0087.wav,narsingdi,"সিটে। এডা কি শক্ত? খাওন যাইতো না? না রে বইন, অনেক শক্ত এডি <> লাগতাছে। আমার এই ফাতা ফিডা খাইলে জিহ্বা ছুইল্লা যাগা। ইদের দিন দেহিছ মনো অয় বৃষ্টি অইবো। যেই গরম ফরতাছে! আল্লাহ! ইদের দিনে গিয়া বৃষ্টি অইবো। আল্লাহ, বৃষ্টি অইলে আমি বৃষ্টির লাইগা চাইর রাকাত নফল নামাজ ফডুম রে।",ি সক্ত থাবে থারিাকাবিরা ইতে দিনে ইস্মনা বৃষ্টিজেইগরম করতে লাতিক আল্লা বৃষ্টিলেমি বৃষ্টি লেগেছা াকানরা
test_narsingdi_0088.wav,narsingdi,"ফরজওই ফড়ছ না, নফল! কেরে? রিসেন্টলি শইল বালা না দেইকা এনে ফড়ি না। আইচ্ছা। বড় হয়ে পড়িস। আজাইরা কতা কইছ না। তুই বাইত, বাইত থাহছ না। তুই যেইডা জানছ না, এডা লইয়া কতা কবি না। ইদের দিন সকালে শুরু অইবো আবার গজল। হুম। আমি।",রজইগুলো রে িসমিশলবালনদেরকেন হলি রাকতাকা সাথে বাইট বাইট হাউস নাথিক দেরা জানাস্তানের লাকাতাপবেনিজের দিন সকালে শুরু এ
test_narsingdi_0089.wav,narsingdi,"দরজা লাগাই দিমু এবারে দরজা যদি এমুন করে। দরজা-জানলা, দরজা-জানলা লাগাইয়া, জানলা লাগাইয়া উফকার ফাওয়া যায় কিছু! ইমুন চেত উডে! জানলা বইন, জানলা লাগাইয়াওই কী অইবো? <> এই জানলার ফাঁকে দা আইয়া চিল্লাইবো। লাভ অয় না বইন। অনেক জোরে-জোরে, জোরে-জোরে খালি যিমুন আতে। বেশি ইয়া গান বাজানি শুরু করবো।",দরনদরজাো়উ পায়াজানলাবে জানা াকবািোওয়ারে অনেক জোরে জে জরবেশি ইয়া গানবাজানি শুরু কর
test_narsingdi_0090.wav,narsingdi,"ঝিঙ্কু নাকুর নাক্কু নাক্কুর। বাড়িত কয়ডা? আঙ্গ বাইত যদি যাইয়া। ছয়ডা স্পিকার থাকে। আঙ্গ বাড়িত আইয়া যদি কেউ জিগায়, সাউন্ড বক্স আছে? আমার কইতে অইবো, কয়ডা লাগবো খালি কন। কয়ডা লাগবো? কোন সাইজের লাগবো? কোন সাইজ লাগবো? এক মিনিট। এক <> সাউন্ড বক্স কয়ডা? একটা। ওইযে ইয়ের লগে টিভির লগে কানেক্টেডডা।",ারেকরা আংা যদি সারাস্পিকার খাকাখাি ণকু সা়রা ১া
test_narsingdi_0091.wav,narsingdi,"দুইডা অইছে এক্কারে বড় স্পিকারডি। আরও দুইডা আছে ছুডু। তিন জোড়া। আরও, আরও আছে তো। টানাটানির একটা আছে। ওই ট্রলির মতো একটা। হ, হ, হ। এডা কই রে? আছে, যেনোই ওক। ট্রলির মতো একটা। ট্রলি একটা আছে। বাবার মাইক আছে, ইস্কুলের সাউন্ড বক্স না অইলেও দুই থেকে তিনডা আছে। না, স্কুলের সাউন্ড বক্স <> আছে।",২া স ১ বড় ফিকারডি আডরাদুইডযশুরু দিনজালিনমোত হ হকইর লি এটাসমভোচনা হল দুই থেকে তিনা
test_narsingdi_0092.wav,narsingdi,"ছয় জোড়া। ওহ হো! এডি, এডি বইন, মানে এডি কোনো ইয়া অনুষ্ঠানো ভাড়া দিলেও বইন <> টেহা অইবো। এল্লা, আমি কইছি না, আমি কইছি না বাবার ইয়া আছে মাইক আছে। ঠিক আছে? তারপরে সাউন্ড বক্স এত্তোগুলি আছে। তুই বাই ডাহাত আনবি। টা তাবু আছে। তুই বাই ডাহাত আনবি ইত্তা কইয়া।",রেডিবইড য়েগরঅনসনা বারামাইাইডা হাতানবিএবার ডাহাতন মৃত্যাকইয়া
test_narsingdi_0093.wav,narsingdi,"যেই ইয়া আছে, কী কয়? অলরেডি ডাহাতে ডাহাতি অইয়া গেছেগা একবার কইলাম। চুপ, চুপ, চুপ, চুপ, চুপ। টে টেন্ট না কি কয়? আস্তে কতা ক। টেন্ট না কি কয়? ছামিয়ানা। ছামিয়ানা। বাবার ছামিয়ানা আছে। আমার মার বড়, বড় ডেক-ডেকসি আছে। আর কি লাগে! আমারে জুত জুতাইবো তরা বাইত যদি ইয়া করছ। ক্যাটারিং? কমিউনিটি সেন্টার। ক্যাটারিং। না, না ইয়া করছি। না <> একটা সত্যি কতা, ক্যাটারিং সার্ভিস দিলে আঙ্গ বাসাত ইয়া অইবো, অনেক লাভ অইবো। দেহছ না আঙ্গ বাসা যেই সুন্দর। মনি আন্টিরে কইতাছিলাম, মনি আন্টিরে কইতাছিলাম।",অলারেডা হাতে ডাহাদিয়ে গেছে াুেনােনসাময়ানামিযমিয়া ে ড় ড় ড্যাক ডযক্সি আোয়েদহৃদা়িনাকে এক সাথে কতথিন সারগে গলামারহনে ডে কতেছিাম
test_narsingdi_0094.wav,narsingdi,"মনি আন্টি, বাবার না ইতা, ইতা সব আছে। খালি এলা ক্যাটারিং সার্ভিস দেওয়ার ফালা। ইয়া এই মনি আন্টি কয়, শুরু কইরা দে, শুরু কইরা দে। এক্সট্রা আয়। বাবার তো প্লেন আছিলো। খালি প্লেন মোতাবেক কাম করতারছে না <> ইতা কী কার্টুন? কোনডা? ওইযে, ওইযে যেইডা চিয়ার আপ করতাছিন? ওছি নো কো।",বাবার নায়িত্যা তা সবাসাখালে এলা ক্যাটারিং সারবি দেয়ার ফালা পিয়া মনেনেকা শুরু করতে শুরু করে এক্সাইড বাবার ত ব্ল্যানাসিলও খারিরার মত কামকাছবে কিকার্টুদ কুনযার পযজেরা চিয়ারাপ করতা ঐিসিনক
test_narsingdi_0095.wav,narsingdi,"তেতাদ এডা জাপানিজ না কোরিয়ান? কোরিয়ান কার্টুনে গরু। এনিমে এডা। আইচ্ছা, যেডাই ওক। <> এনিমেলরে লইয়া উল্ডা-ফাল্ডা কতা কবি না। কিক করমু তরে, কইয়া দিলাম। কোকোমেলন কোনো কার্টুন আছে? না কি এডাও এনিমেল? ওয়া! কোকোমেলন তুই চিনস?",া িারিরেন গার্ডনাগরু এ্নিমেএনিমেলুল্লাহলাতাতাকািকুম এলনকুনো াকোবাচিনাস
test_narsingdi_0096.wav,narsingdi,"বাচ্চাগারে যেতানে এ, বি, সি, ডি শিহায়, এইত্তা গানের ইয়া ইউটিউব চ্যানেলডা। ও, আমরা সিআর যে তাসনিম, হেই কইতাছিলো। কী কইতাছে? হেই বলে কোকোমেলেন দেহে মাঝে-মধ্যে। বালোই লাগে। ও, আইচ্ছা। এইলিগা জিগাইলাম। আমি জানি না। আপু তাহলে মন থেকে এখনো দুগ্ধ পোষা শিশু।",বাচাকা়াতে তাদা এবিসিরিশিয়া একতা গানারিয়া জিটিফ জ্ানরডােলে উাহের মন থেকে এখনো দুগ্ধপশাশিশু
test_narsingdi_0097.wav,narsingdi,"খুখুমেলেন! টেংডেডেংডেংডেং ডেং! ওহ! ওয়েট, ওয়েট, ওয়েট। জিনিস দেহাই। ওয়াও! দেখ এইযে লিডি কি সুন্দর! ইদের দিন মায় কী রানবো? <> সেমাই, নুডুলস আর মাংস <> নুডুলসটা ইয়া অইয়া যাগা।",থোথুম্েলে্যেনটদ্যনিলাকোয়া ব্যাগেজেলেডিকি সুন কদের দে মাই কিরান্গ স্যামাইনুডিলস ড্
test_narsingdi_0098.wav,narsingdi,"ইস! ফুপ্পি যে দেয় খাবারগুলি, একসের মজা। <> ফুপির খানা অইলে গিয়া বইয়া থাহিছ। ফুপি কি দিবো এবার? ইয়া মাদা কুন। ফুপি এই বাড়িত <> আইছে ফরে ফরতেক বছর দেয় না রে। না, দিছে। দেয়। ভাগে ফাই? অবশ্য <> এবার সীমান্ত খাইতো না।",িজা দেয় খাবার গুলি এোসেন মতফুবির খানা লাগে িদিামালাতুিমেহেহরেনে সিমরা পট্টা গোসাবা না দিছে ব্য বা গেখা় বেশবাশচ্ছর সীমান্ত স্াশন
test_narsingdi_0099.wav,narsingdi,"বাইয়ে, বাইয়েরার তো যায়গা সুন্দর আয়ে বউ লইয়া। ভাবা যায়, আমাদের ভাইগুলো বিয়ের হয়ে গেচ্ছে! তুই করছ না কেরে? আমি অনোই? সময় আছে বৎস। ইতা কেআরতাছছ তুই?",যট সাগাসুন্দরইলয়া ভাবাজায় আমাদের ভাইগুলো বিয়ের হয়ে গেছে িগসমাক্যা
test_narsingdi_0100.wav,narsingdi,"এডারে কী করমু? খাচ্চর! যেডাইওক, বাদ দে। <> ফাচলে হুয়া। ইদের ফরে তো ঘুরতে যাওয়ার যায়গা এক নানু বাড়িওই, না? নাহ। আর? আর কই? ইদে সালামি নিবা না কি আমাকে? সালামি।",িদের করত মুসাজলা একনান নেমঈদে সালামিনিভার নাকি আমাকে ঘিরহ
test_narsingdi_0101.wav,narsingdi,"সালামি, সালামি। কেউ সালামি দে না, বাই। ওই ছাচু যে দিতো ইদের মধ্যে? দি আইছে দিছে তো। হেইডা তো শপিংয়ের টাকা দিয়া দিছে। প্রায় দুই হাজার টেহা দিছে। সিরিয়াস! একটা টেহাও আমার আতো আইতো না, বইন। মা। মারে। ছাচু আমারে দিয়া দিছে। আমি সুন্দরভাবে ভদ্রভাবে মার আতো দিয়া লাইছি। হেদিন না আবার ডাহাত আইছে বাইত। চুপ। আস্তে ক।",ামিসামিকেউ সলামেনাইাস যদি দেরের ে দিয়েছ দিছে ১ হেরাদত শপিংয়ের টাকা দেয়া১কটাডেও মারকমার্গ সযাসুআমার দে দিসে আবিহেম্দে ব্ বদ্রা মারাতে দেয়ালেসে ভেরি নেবার ডাদা
test_narsingdi_0102.wav,narsingdi,"কিন্তু একটা ফ্যাক্ট কি, দেরি কইরা দিলে টেহাডি অক্করে রাইকা দিলোঅইলে। দিল জারা, জারা <> অবশ্য আমি আবার ইয়া এ আশুলিয়া যামু সময় দাদু এমনেও পাঁচশো টাকা দিয়া দিবো এক্সট্রা। মানে এহন ফরতেকবার আইলে এডা লাভ অইতাছে, পাঁচশো টাকা কইরা দিয়া দেয়। খাড়া। ওয়েট, ওয়েট। একটা জিনিস।",িভিকবি র িার টেয়ারি এটা ফরাইলকাদিজিঅসনামেয়বা়িয়া১০ সুসমযদ নফাশা টাকা দে দিবট গ্রাইলেরেলারাও
test_narsingdi_0103.wav,narsingdi,উল্টা-ফাল্টা কতা ক। আল্লাহু আকবার! এ নুবা? হু। ফালুদা রান্দা শিখছছ? হ। তুই কী কী রানতারছ? আমি? হুম। <> গরম পানি করতারি। আর? <> ।,আল্লাহুআকবার এনবা কালু গারামাসিক সিকিরামিগার্মবানি
test_narsingdi_0104.wav,narsingdi,"গ্যাস পানি সিদ্ধ। ইয়ার কি চার্জ শেষ? না। ফালুদা না বানাইছিলি হেই দিন? কেমনে, কেমনে বানাইছছ রে? বইন, বইন, বিশ্বাস কর, এডা জাস্ট একটা কি কইতাম! মানে, আমি আমার মতো কইরা বানাইছি, ঠিক আছে? হু, হু। গুড়া দুধের মধ্যে কফি ঢাইলা, ব্লেন্ড কইরা আগে কফি বানা।",খালুনা ফিলিদিন কেমেমে মনে বোইন্ বোইন্ড বিশাসকার এরা যাসটা কিগই দাওয়াদে আমি আমার তকেরা বানাি েছে গুরাধুদের মধ্যে কফিরেল্লা ব্র্যানবের আগে
test_narsingdi_0105.wav,narsingdi,"কফি বানাইছি। নরমাল কফি, কোল্ড কফি এডার মধ্যে সিদ্ধ নুডুলস <> ছাইড়া দিছি জেলি-টেলি। সিম্পল! জেলি টে জা জেলি কইত্তে আনছিলি ইতা? লাইক জাস্ট জেলি। জাস্ট জেলি আর ওই হেইডা কী আছিলো? কাপের মতো যে দেখলাম। ওইদে ফাস্টের পুডিংডি আছে না, বাচ্চারা খায়? ম্যাংগু পুডিং।",ফিবারনাইসি রারমার্গাফুকোলপ ফেরামডা় ফিরদেনিরিসারিযাজেলিতযাজাজেল াইতানছেলিতা ডাসজালি আরোই হেঁডে কিয়েি লিয়া ফাঁস্টার ফডিং দিয় সেন দাবাচা রাখা় মোঙুব
test_narsingdi_0106.wav,narsingdi,"বাবায় খুব। না, মজা আছে। <> তুই কিছু ট্রাই করলে আবার বাবায় খুব খুশি অয়। তো কেত্তাম এলা? লাইক। আর আমি। এইযে, ওয়েট। কোকোমেলন নার্সারি রিদমস। আর ইয়া ওই আমি কিছু ট্রাই করলে, দাদু খুশি অইতো অনেক। এসে দিল জারা, জারা। আমার প্রথম রান্দার ইতিহাস তর মনো আছে, আমি যে ডিম বাজতাম গেছিলাম?",া মবাহাসাফই কিছু ট্রাইকলা বার বাবা খুব খুশিওআএজা ওয়েড কোবেরার নার্সার রেদানস আরিয়াআমিকে স্ট্রাই করলো দাদু খুেকমার ফথন না দা়িতে সলমোনা সানদেডিম বা দমগিছিলাম
test_narsingdi_0107.wav,narsingdi,"না, <> আছে। এরফরে মুরা যে, মুরা যে ফুড়াই লাইছিলাম! ওহ! মুরা, ইয়া খাড়া, খাড়া। কেমনে পুড়ছিলি ইডা? আমি অইছে হেই দিন ফার্স্ট টাইম আমি রান্না করতাম গেছি। তারপরে ডিম বাজি। ঠিক আছে? তো চুলাত <> এই যে আঙ্গ ছুডু ফ্রাইপেনডা আছে না? হুম। এডার মধ্যে দিছি। তো ডিম ছাড়ছি। ওয়েট, ওয়েট, ওয়েট, ওয়েট। <> ফরে শুনা। এইযে হুনিছ এডা।",মুমুরাজাফুরাহী ও মরাইয়ামিস দিন াস্টাইামিরা তাপর ডিম্বাবেিলা ুসদুর ফ্রাইটের ডা ািয়েডওাডবেডবেড দেড ফরাসের নায় দেখনি
test_narsingdi_0108.wav,narsingdi,"<> কোকো মেলেন! এডায়ই। হে দি সুন্দর কইরা কয়, কোকো মেলেন। আমার এডা বেশি ভাল্লাগে।",তম্যলেংর্যাংনাংনা মেডাবে হিমাগৃহে
test_narsingdi_0109.wav,narsingdi,"হ্যাঁ, হ্যাঁ? কী জানি কইতাছিলাম? মরে মেন না যে কানা। ওহ! পরে মানে হেই সময় তো অহনে তো অইছে আতের মদ্যে তেল ছিট্টা ফুইড়া মইরা গেলেগাও টের ফাই না। বুজ্জছ? কিন্তু হেই সময় অইছে, দুই ফু এক ফোডা তেল ছিট্টা আয়ে সময়ও তো আতো খালি ফড়ছিন। কেরে? এডা এলিগা অক্করে উডাইয়াম এই গরমে! এডা সুন্দর কইরা মুরার উফরে থুইয়া আইয়া ফড়ছি।",মা ােএেইসয়অংনাে ৭দে তেলসিটা ফুই়োমুরা গেলা করপার ফা়নি কিন্তু হেসবে২ ১োটাতেলসিটে আসময তাতখাল ফোরসিন ে এঁরা এলেগেগারহু়াইয়মে গরমে রেশন্ক মোড়া থে ়োসি
test_narsingdi_0110.wav,narsingdi,"ইয়া, কড়াই? ফ্রাইপেন। ছুডুডা, সুন্দরডা আছিলো। কোনডা? এদ্দুর একটা ফ্রাইপেন আছিন। কোন ক্লাসে থাকতে? এইটে পড়ি সময় <> আমি আছিলাম? তুই দা আমি এইটে ফড়লে তুই আছছ না? আমি না তে আট বছরের। ও, আচ্ছা। ঠিক আছে। এইটে ফড়তাম, আট বছরের না। আইচ্ছা, আইচ্ছা, আইচ্ছা, আইচ্ছা। থাক, থাক, থাক।",করটাইপ্যান সুসুনএদুর একটা খাইপে না জুন্রস থাকবে এটেবুরেসিদাম তুদা আমি এঁটেফুলিতে আস তাদবরও আএইটাখনামাযাঁচ ে
test_narsingdi_0111.wav,narsingdi,"<> পরে? দাদুরে ইয়া কইরা লইয়া আইছি। আইয়া দেহি, এক্কেরে মুরা এমনে গইল্লা এডার মধ্যে লাইগগা গেছেগা। গরমরে মধ্যে এই দুইডার অবস্থা দেইখা, মুরার অর্ধেক গলা গইল্লা এডাত লাগা। <> মুরাত এমুন <> ফাঁক অইয়া গেছেগা। এডা, এডা কোন লাল ধরাডাতোই? দাদু, দাদু তো। হ, হ। দাদ। না, না। বেতের মুরা আছে না?",দাদুলে ইয়াকরালয়েছি আইয়ােশিট একার মোড়াএমনা গইলের বেলায় বরক নহ ে দুইরার অবস্থা দিকা মডর আর দেখগলবইলে ডানাখ মুরোডরাত বোলা কারা ফাক যন ার ডাতো তাদুদেহা দাঁ নানা বেতান মোড়া আছে না
test_narsingdi_0112.wav,narsingdi,"হ্যাঁ? বেতের মুরা আছে না? <> ইয়ারফোন লাগা। কোনডা? ইয়ারফোনবে নষ্ট <> আগে বেতের মুরা আছিন না গো হে, মাটির ঘরো থাকতে? হ। হেই বেতের মুরা। <> ।",বেতানসুজুহআগে বেতন হড়া ছিলেনমাটির গড়া থাকতে ে
test_narsingdi_0113.wav,narsingdi,ফরে দেখবে? টয়লেটের মতো অইয়া গেছেগা <> হেরা কী করতেছে দেখি। প্রকেশনাল কি কে-পপ সিঙ্গার অইতি চাছ? এই গরু।,সুসু ি১কগর
test_narsingdi_0114.wav,narsingdi,"কিমেত সুনো ইয়ার ওপেনিং। তো কী অইতি চাস প্রফেশনালি? ডেমন স্লেয়ার। ডেমন স্লেয়ার? হ। এডা প্রফেশন? আমি হাসিরা আর এঙ্গের স্লেয়ার অইতাম চাই। ইনশাআল্লাহ! যদি ডেমন থাহে কোনো। এই, এই ছাতা-মাতা দেইকা এমুনওই অইতাছছ। মাইর দিবো। এনিমির নামে কিছু কবি, গলাত টিপ দা মাইরা লামু।",কিমাক্সুনোইয়াোপেনি একিঐতিশাস্ত্র েরেমনস্রডেমনসল্োখিরার একগাম স্লেয়ারে তংসর ইনসাল্লাের ড্যামনইবেবো িমের নামে কিছে দবি করা জিবদামে
test_narsingdi_0115.wav,narsingdi,"এনিমেশন ক্রিয়েটার অ। না। আমি তর মতো সফটওয়্যার ইতা চাই না। হ্যাঁ, সফটওয়্যার না। আমি সফটওয়্যার ইঞ্জিনিয়ার। তুই সফটওয়্যার। কইছে তোমারে। তুই সফটওয়্যার। সুজুমে হিনছাছ? নাহ। <> দেইছ, ইন ফিউচার টিচার অইতি চাছ নোবিস? নাহ।",এ্যানেশনটিরেআমি ফারমাবা সফটওয়্ার এতা চাইনা মি সফটওয়যার নামি সফটওয়্ার ইনটি নিয়ে সফটওয়যেরে সটওয়্যারসুজামাহিনচাসনাকুরদেইনিন বিটার ট্িচারিতে চাজনবিশ না
test_narsingdi_0116.wav,narsingdi,"এডা কইলি না? হুম? এডা কইলি না খালি? খোনো? না, না মা, মা মাইর দিয়াম, ওয়াইফাইরে বদ দোয়া দিলে। না, আমার লাইফে যেডা অইছে, আমি এডা কোনোদিন অইতাম না, কোনোদিন করতাম না। আমার লাইফে যেডাওই করন লাগে, এডাওই আমি। আরে এডা অফ কর। বাইরা-বাইরি। আমার কান ব্যথা করতাছে। <> ইয়া লাগা, ইয়ারফোন লাগা।",এািনা কইলি না খালি মামাইডদে রযসারি বদ্ধদিলে আওয়ারলাইভিজের এইজামিডা কোনো দিনইতাম না কোন দিন করািদেআলো অাকাই আ
test_narsingdi_0117.wav,narsingdi,"বইন, এডা একটা মাস্টারপিস। কান ব্যথা করলে অইবো কেমনে! এগুলা পড গার্ল দেয়ার থট। আইচ্ছা, যেডাই ওক। এডা শুনছছ? <> এই, এই টিউনডা শুনছি। সুজুমে না, না, না।",ভ় েরাটা মাসটার বিস্ কানব্যথা করলে কেম্যএই ইনটিউলেশন ঠিক
test_narsingdi_0118.wav,narsingdi,"<> এতক্ষণ দে! ওম্মা! মায়, মায়, মায় শুনলে কইবো, এডা কী? বূতের সাউন্ড দি ইয়া করে। আমি ফতম দা ডরাইতাম এডা হুনলে। উহু।",তুমায় মায়েখুনডকল বেরিকমুতে সমি আ্রভকুন লড়াইতামের
test_narsingdi_0119.wav,narsingdi,"<> বাবায় তোরে খুইজ্জা গেসে দুই-তিনবার। অই তুই বাথরুমো গান গাইতাসিলি না? কী গান গাইতাসিলি? কথা কস কেন? রাবুরে-কাবুরে। হুন, এটা এটটু অফ কর, অফ কর <> আরে অফ কর না, আমি প্রথম বাথরুমো তরে হাইড করতাসিলাম যে, ""বাবা, হে গান গায় না।"" ফরে বাসায় দেখতে বাইর হইসে ফরে আবার আইসে।",বাবা় তারখিজে সৈদউদ্দিন মার্চ এতি বাতন তাংলা কাকেলিখিগা মেদে ফিলধেতা হাজক রযাগো রেকাভরেনকেকে সরোখদ ব্মটু আমি প্রথাম বাথুরমোতারা হাইড করতাছিলাম দা বাবা হেইগান বেরাবার বাবাগা তলিসপার আবার ফির
test_narsingdi_0120.wav,narsingdi,"না, হেই গান গাইতাসে বাথরুমে। চিল্লাই-চিল্লাইসি, ইয়াবুরে-কাবুরে নয়া গুয়ি। তোর জিব্বাত কাইটা গেসেগা? লাল হইয়া রইসে <> । এডা হইসে তুই কফি যে খাইয়াইসোস, বিস্রি কফি, কফির লাইজ্ঞা ফুইরা গেসেগা। হু, এডা আমার দোষ না, এডা কফির দোষ, এমুন হ, মায়ে তো ফছন্দ করসে। তুই-তুই এতো গরম দেস কিল্লিগা আমি তরে কইসিলাম না আমার হাফ ঠাণ্ডা পানি মিলায়া দিতে? কফির মদ্দে কেডা ঠাণ্ডা পানি মিলায়ে খায়? আমি মিকায়া খাই। বইন আমি তোর মতো ইয়া না, লেজেন্ড না, লেগেন্ড।",গান্ভে খোসার বা লেছিলে রোতারেমেজিেগফি যা ৬য় ২িসটি িএা আমার দোষ না কফির মাযই তদুদ্রুতক সি সলাম নামার হাপাফির োে ানাআলমিরাে আি তর্মতাল কই লেজান্টল্যগে
test_narsingdi_0121.wav,narsingdi,"মাশাল্লাহ। <> এই মোবাইলেই তোরে খাইসে, এই মোবাইলেই তোরে খাইসে, এই! বন্দ কর মোবাইল চালানি। মাইর দিমু।",ডিকাোন্ােসে মোবাইলের তরা খাইসেই মোবাইলেই তরে খাই৫বার মোবাইল চালানি
test_narsingdi_0122.wav,narsingdi,"বইন, প্লিজ, এয়ারপডটাই লাগা। না, ডিসকানেক্ট কইরা লাইসি, এই দেখ <> দেখতে কি সুন্দর না চোখডি, দেখ? এডা কী? ডেমোন। একই কেরেক্টার দুই রূপে? না, এ হইসে হিউম্যান থাকতে ফরে মুজান <> হেরে ডেমোন বানায় দিসে।",বইন প্লিজ এর পটাইলািস্াএ দেখ রাখাজাফ দেখতেকে সুন্দান্যা চাখতি দেখ দিখি ে এইা দুরূপে না এেসে হিউমান থাকতে হরা় মুজানকিহুতস ঘেরে় ডযামনবানা রিস
test_narsingdi_0123.wav,narsingdi,"এ মশায় কামড়াইতাছে অনেক। বইন? আইচ্ছা। ডেমন স্লেয়ার, ঠিক আছে? অহনের এই জাপানে <> হায়েস্ট বাজেটের ইয়া এনিমেশন সিরিজ। না দেখলে মিস। কড়া। আমি আনিয়ারএকো স্পাই ফ্যামিলি। স্পাই ফ্যামিলি শেষ। এই বা। সরি।",মোশগোইন ডোমন স্লের ঠিক আছা ওহারনা এই জাপানা মসেকটা হায়েস্ট বাজেটারিয়া েআনিেকুস্পাইফে মেিমি
test_narsingdi_0124.wav,narsingdi,"এই <> ঠ্যাংডা! কি কইতাম এডারে! ছি এছে এপিসোড সেভেন্টি সিক্সও বার করে না, সিজন টুও দে না। মাঝ ফতে <> আটকায়া রাইখা দিছে। <> আমার স্পাই ফ্যামিলির প্রথম দিকের ফর্বগুলি এত্তো ইন্ট্রেস্টিং আছিলো! দেহছ না, তর লগে আমি একদিনে এগারো এপিসোড দেইকা শেষ করছিলাম। <> ।",এই এইঢ্যাংডা ভিকয়ত্যারেনের সিআই এপিসট সিবেন্টি িক্সো বার করনা সিজেন টুয় দে না মাছ পতাকার্েমিলের প্রথম দিকের ফর্মুলে এতটু ইন্ট্রাসটিনের িলো দা তলগ্রাে কদিন১টি সুলদেকেশচছিলেন
test_narsingdi_0125.wav,narsingdi,"<> নুবা? <> সুনানে যাইওয়াহ। <> এই, এই, তুই গুড নাইটটা অন করছ না কেরে? অনওই তো। গুড, গুড, গুড, গুড, গুড নাইট। না, অন কইরা দি আ। যাহ। এডা দি কিমুন একটা গন্ধ বাইর অয় না? গন্ধডা ভালো লাগে? দিস ইজ ফ্রেগরেন্স। প্রথম-প্রথম, প্রথম-প্রথম ফ্রেগরেন্সটা খুব কড়া লাগে।",বা াইওয়া্য এক গুট লাইটা অন করাসনা গেলে রেডগার্ডগে ডেড ন্যন করে দেয়াএেকিমনা গন্ধ বাড়ানা গন্তা বাল্লাগে ব্রিজব্রাইড্রেইন্ডস প্রথম থ্রথম এই ফ্রাগলান্সটা খুব করা লাগে
test_narsingdi_0126.wav,narsingdi,"পরে ছড়াইয়া গেলেগা আস্তে, আস্তে ভালোই লাগে। হ। ইটস মি। <> এডা কি ফ্রেগরেন্স ছাড়া নাই? ফেগেন ছাড়া থাকবো কেমনে! এডার স্পেশালিটিই তো ফ্রেগরেন্স আর মশা মারাডা। সো <> এই জাগার মধ্যে অনেক মশা। <> আরে, আশুলিয়া যেই মশা, গাড়ির ভিত্তে ফর্যন্ত ঢুইক্কা যাগা! আরে, হেই জাগাত তো আছেওই।",সেলকিফ্র্যাগ ন্যানসারানাইএগাউে অনেক মরেইয়াসদিজাইমশা গাড়ি বাড়ে ঘিনেই দেতে
test_narsingdi_0127.wav,narsingdi,"<> বইন, প্রাইভেট কারো বইয়া-বইয়া শান্তি ফাওয়া যায় না, যেই মশা! প্রাইভেট কারো কইরা তরা মশা লইয়া আইছছ। হ। মশা ছাই বাইর অইয়া কয়, ""আইলা জাদু, কই আইয়া ফড়লাম! জাগাডা চিনা-চিনা লাগে নাহ।"" মশায়ও ইয়াতে গাড়িতে ট্যুর দেয়, বুঝ! বড় লোকি মশা!",ন প্রাইভেট করব শান্তি পাওযা যা়না জিনমশা প্রাইভেট কারা করা তারা মশাসোহ মহোছা বা২া কআইলাজা দুকইের ফল্লম দগালও সিনে সনোেনা মশায়ও পয়ে গাড়িকে ুন্ু দে বিশ
test_narsingdi_0128.wav,narsingdi,"<> । এই, আল্লায় দিলে তো মাশাল্লাহ! তোর মুহের দাগ তো কইমা গেছে। কী দিছছ? হ্যাঁ? কী দিছছ? বইন, আমি ন্যাচরালিই সুন্দর। না, না। ওইযে বাবায় কী একটা ঔষধ আইনা দিছে না? আমিও কিনমু। এইযে আমার দেখ, সান স্পট অইতাছে। এডা দা সান স্পট যাইতো না। এডা <> দেক, ব্রন অইছে, ব্রন। বইন, একনে-প্রোন স্কিনের লাইগা এডা।",রযেজ খেরাও এ আলাইদিরেত মাশলাতম মুহের দাক্তকনাগেছা কিডিস কিডিস সবেরেম নযাচরেলিসুন্দর ত া় কি এটু সুদনের ছেন আমি উকিন ুজাোনএরেল সান্স পর্যা১ক ব্ল্যাক ব্রন ইসে ব্লভার কন্যাফ্রম স্কিনার লেগে
test_narsingdi_0129.wav,narsingdi,"তো ওইযে আমারে যেইডা কিন্না দিছে এডা? ওইডা। স্কিন তো ক্লিয়ার অইতাছিন। বইন, এইডা আর হেইডা সেইম জিনিস। <> আমি কমু, অ্যারোমাসিনেত্তে এমাইছিনডা বেশি ভালো কমু। কারণ, হেইডার ফ্রেগরেন্স <> আমার তো, আমার তো মানে কী কয়? তর মতো মানে এতো পাওয়ারফুল দরকার নাই আমার।",মারা জেদিক নালে ছিলে ওইরাহিয়আর ইটা সি বয়ন এডার হেডা সেন জিনিশেফেন দামেকমওক এডাম্াসনের ত্েমাই সিন দ্য বেশি আলো কারহেডা ফ্রেগ্রেন্স ফেকা আমার তো এমার তো মানে খিকয় তর্মরত মানে এত পারফুল লকা নেয়
test_narsingdi_0130.wav,narsingdi,"দুইওডা একওই। আমার স্কিন বলে। সেইম জিনিস। আমার স্কিন বলে একটু, একটু বালা অইতাছিলো? জানি না। তুই আম্মা তার জন্মগত ইভেন <> উহ! তুই জন্মগতওই দেখতে এরকম। হুম। ফরে ইয়া। মায়, মায় ডাহে তরে?",দু র‍্যাবই েমইনিআমাদার জন্মগতা এইনজনমতা ে
test_narsingdi_0131.wav,narsingdi,"ছুডুবেলা। আবার ছুডুবেলার কতা লাগাইছছ তুই? ছুডুবেলাত্তে। তর <> ছুডুবেলাত্তে, ছুডুবেলাত্তে আমার মতো কিউট বাচ্চা, হুহ! নো লাইক মি ফুল সিটি ইন মাই বেড <> আরে, অফ কর না নুবা!",এ ফুগেলাপেলা া আমার মত কিউট বাচ্চা মুেনে়েআরও অনানোবা
test_narsingdi_0132.wav,narsingdi,"হোমিওখাগিল। ইক্টু ফরে চালা <> আল্লাহ! ছুডুবেলাত্তে আমি যেই কিউট আছিলাম, <> আমার মতো একটা বাচ্চা দেখলে আমার নিজেরেই মনে অয়। ইশ! আমার বাবা-মায় কত্ত লাকি, এত্ত কিউট একটা বাচ্চা ফাইছে। মিরাজে। আর তরে দেখ, ছুডুবেলাত্তে চুরটার মতো দেহা যায়, না? বইন, আমি ছুডুবেলা হয়তোবা ছুডু আমারা নিজের ছুডুবেলার ছবি আমিও দেখছি না, ওকে? কিন্তু ছুডুবেলা যেডাই ওকগা, আমি বড় অইয়া তর তে বেশি সুন্দর <> না, ছুডুবেলা এমনেও তরে, তরে ইন্নোসেন্ট লাগতো। কিন্তু।",সুরবালা তামি জেই কিউঠা ছিলাআমানতাকটা বারতা দেখলামার নিজের এমনএআার বাবামার কত্তা লাে ১ খিহুট একটা বার্চা হপা দেখ শুরুবেলা তোস্ফুরটারমথজরাহার বোয়ইন আমি শুরবেলা হয়ত সুর আার নিের শুরু বেলার ছু বেিুরোবেলাভেরাইনাসুরুবেলাযরইনোসান লাগলে কিন্ু
test_narsingdi_0133.wav,narsingdi,"ইনোসেন্ট লাগতো ঠিক আছে। কিন্তু তর চেহেরার মধ্যে একটা দুষ্ট-দুষ্ট ভাব আছিলো। এইযে দুষ্ট বাচ্চাগো এই জাগাত টোল ফড়ে। আল্লায় দিলে, আল্লায় দিলে আমি বইন পুরা বড় অইয়া তর তে সুন্দর আছি। আমার। এডা, এডা আমার কথা না, এডা মানুষের কথা। ওকে? আমার, আমার চাইল্ডহুড লাইফটা অনেক ইয়া আছিলো। <> বইন।",ইনও সান লাগন ঠিক আসে কিন্তু তর সের আমরাকে ধুষ্ট দুষটা বাবাসেলেযে ধষ্ট পাত্টা ক় যাকা ট্ুআল্লাহ দিলে আল্লায়দেলে বনি বযু় বড় এাধরারাআমাগাঁ থানার ডামান সেরগতামের টাইল ঢুর লেকট্রনিক দিয়ািান বইড
test_narsingdi_0134.wav,narsingdi,"<> এইট, টেন ফর্যন্ত। এই, তর চাইল্ডহুড আছিলো? অবশ্যই। আইছে চাইল্ডহুড! আই এম এডাল্ট নাউ। সো, আমার চাইল্ডহুড তো আছিলো। অ্যাহ! ফাইভে থাকতে বুচ্ছস? <> মানে।",টেনপুডে তর ডাইলঢুরা ি অবশ্য া অ্যডালথনম স আমার চাইলটুর তা িহেহাস
test_narsingdi_0135.wav,narsingdi,"<> ছুডু থাকতে আমারে সবাই অনেক ভালোবাসতো। যিমুন আমি লগে ছিন্তা করতাছি আমি <> ভালোবাসা মানে কী? ভালো একটা বাসা। না, স্পেসিফিকলি ব্যাখ্যা দিয়া ক। আমি ফারি না, বইন। যে বাসায় মানে আগে থেকাই গ্যাস, গ্যাস, বিদ্যুৎ, গ্যাস, বিদ্যুৎ, পানি সব কিছুর লাইন দেওয়া থাকে এবং সব কিছু সাজানো-গুছানো থাকে, ঐটাকে একটা ভালো বাসা বলে। <> ।",ামারা সবাই অনেক ভালোবাসা আিেভালোবাসা মানে গি স্পেসফিকলি ব্যাখা দেয়াযে বাসায় আগে থেকেইসরগাস বিদ্ৎগ্যাস বিদ্যুৎ বারণি সার্ভিসের লাইন ডা থকেস সাজা নাগ থাে ালবাসাল
test_narsingdi_0136.wav,narsingdi,"অভিয়াসলি ভাড়া কম অইতে অইবো। এই ছুডুবেলা আমি ফাইভে ফড়ি সময়, বুজ্জস? প্রথম ড্রিম হলিডে পার্কে গেছি। হেইবার আমি প্রথম জানছি যে, ফাঁচদোনার লগে। <> ফাউন্ডেশন। আইচ্ছা, বাদ দে। হেই সময়, আমি প্রথম জানছি <> ফাঁচদোনার কাছে এমন একটা পার্ক আছে। ওহ! ছিন্তা করতারছ! আমি জন্মগত, আমি জন্মগত ভাবেই <> যাবি?",অফসলি ভাড়া কমইতেশুরুবেলা আমি ফাইবে ফোরিসমু প্রথম দিন ধরিডে পারতেকিছি সেবার আমি প্রথম কানথিতে পালধুন নসিরারলা ফাউন্ডেশন সেই সময় মিপ্রথম নানজিা পাঁজনা কাসে এবুনা টা পারকা জন্মগত ভাব
test_narsingdi_0137.wav,narsingdi,"ইদো যাবি? আমি ঢাবি। হি হি। আমি ডিআইইউ। <> সরি <> ইদো যাবি ওই দিকে? বইন। জমিদার বাড়িত যাওয়ার প্ল্যান আছে আমার। অনেক টাকা লাগে। ওইযে হেই দিকে? ডাঙ্গা, ডাঙ্গা? <> হ।",িমিডিয়া ইিত াবিদিকেজমিদারগাড়ি দেওয়া দায় না নের টাকা লাগে দিা
test_noakhali_0001.wav,noakhali,"একশো আশি। তারফর এই ইয়ানো নব্বই, দেড় কেজি। হ্যা? একশো আশি, নব্বই, দুইশো হইত্তর। ঠিক আছে নি? আর আশি <> হাড়ে তিনশো, হাড়ে তিনশো মোট। ও আল্লা! কিয়ারে? টমাটু নব্বই টাকা? নব্বই, এক কেজি আশি। ইগা হাইড। টমাটু দের কেজি। আর দইন্না মরিচ ইগুন তিরিশ। মোট হাইড, হইত্তর।",৯তমবটাকা
test_noakhali_0002.wav,noakhali,"বাব্বা! টমাটুর কেজি, টমাটুর সিজন নো। টমাটুর দাম কমে না কিল্লাই? <> কাইল আঙ্গো <> কয় কিয়ের কি আশি টিয়া। কা এত দাম বেশি কা? আবার হিরি এইয়া আইনছে। অন সিজন হিসেবে এগুলার দাম কমে না কিল্লাই? এটায়ে জানি না। বেগুন এগগা নি।",বা টমেটোকে টবাটিসি জন্য অকাত অমটের দাম কমেনা
test_noakhali_0003.wav,noakhali,ওমাগো! ওই <>। ওয়া কার? ওয়া তাহামিনার। <>। বেগগুন বাইত,কোয়াকা
test_noakhali_0004.wav,noakhali,"অ্যাতে বাজার করি আইনছে লাগে। কাঁধে লো। ঢাইলতাম? <>। হ্যাতাগো? ও, ও, ও।",াওফার
test_noakhali_0005.wav,noakhali,ওই। হিগা কোই গেছে? সাদ যায় নো কিল্লাই?,ই হৈসাজানক
test_noakhali_0006.wav,noakhali,<> ও। বেগুন কোই আর নানু?,অবেগং হের নানো
test_noakhali_0007.wav,noakhali,"হাচাইত্তর টিয়া। কিয়ালা? এক্কই দিনে এত সবজি কিল্লাই কিনেন? বাইল লগে, তাজা তাজা লইতেন হাইত্তেন নো? এ হইত্তর। বাইল লগে এগিন বেচি হালাইলে, ও ফোলিতিন এইগগা দে। <>",কধিন একবদে খেলে কেনে বা় নবেম্ব কালব্রাবাই লগের এজেন্ডা সিয়রালেরও হোল ভিমিগ্ঞ্যাদেই
test_noakhali_0008.wav,noakhali,"<> হইত্তোদিন কে এইয়া করে অ্যাতে। হ্যাতে কী? <> লই না। আর অ্যাতে বেচি হালাইলে অ্যাতারগুন ব্যাক <> ওই যায়। বুইজ্জত্তি ঘটনা? কাইলকা হ্যাতে আইনতো নো আবার? কাইলকা আইনতো নো আর। ইগিন কাইলও বেইচবো না, এতোগিন কি আইজ্জা এক্কইদিনে বেচা ওয় নি? কয়দিন হরে হরে আনে? আনে দুই দিন হরও আনে, তিন দিন হরও আনে। ঠিক নাই।",িনিনে়া়াতেবে সিয়ালেরদানিবাইা া হেিহালকা তা়ন্তনা কাইলওবে ধোনা হায়তবুছুয়াই যিঅধেহরালেি দুদিন ধর
test_noakhali_0009.wav,noakhali,ও। <> মানুষ কমি গেছে ক দিন। চাইশশো। মাগো! চাইশশো টাকার বাজার <> কিনছে আন্নে। তই কিত্তাম? <> আঁরে কিছু দেন না। কিয়া গো?,নাগো সা০ধরা বাফকািআল কিছু দান নাকি এগ
test_noakhali_0010.wav,noakhali,"ওজন নো? <> ফাতা কোফি <>। হাতা কোফি ইগায়ে দুই কেজি। <> খানা যায়, তরকারি এত খামু, আর কিয়া? <>",ওদল্যেিপাতাকপি গায় দুইভেজেটবিত হামলা
test_noakhali_0011.wav,noakhali,বাব্বু! তরকারি কিনি আইনছি গো। কিয়া? মাগো বেডি কতা কয় না।,বোথহাকারিকিনি অ্যান্সিগামাগামেরি কতাকনা
test_noakhali_0012.wav,noakhali,"বেডি কাম করের। হবে মাত্র এইয়া কইচ্ছে, বেগগিন অন ঢালেয়ের। নানুর বান্দুবিও গেছে নানুর লগে দেখা কইত্তো। আঁর মনো কইছে ব্যাঙাই <> আঁর মনো কইছে <>। আঁই তো মনে কইচ্ছি ব্যাঙাই দিমু।",মেরি কাম করে বোত্র ইয়াখুশছে দালেরনালুর বান্ধবীয় গেছে আোরমলা কেতে ব্যাঙা আতমাবাশে বযাঙাই
test_noakhali_0013.wav,noakhali,আঁর চেরার মুই চাইলো না। চাইলে ব্যাঙাই দিতাম।,আ সাআবি সাইরোনা সারে ব্যঙ্গা দিতা
test_noakhali_0014.wav,noakhali,"আনিন্না নাই, ধানিন্না নাই। আনিন্না নাই <>। বারেত্তুন আনিন্না নাই, বুজ্জেন নি এয়াল্লাই। বারেত্তুন আনিন্না নাই, বোইন। এল্লা হাতলা <> লাড়কির লগে হাতলা লাড়কিগিন দিলে ওই আগুন দরি যাইবো। খালি মোডা মোডা লাড়কি আইনছে তো। অ্যা <>। আইচ্ছা আইনলে দিতে হাইরবো। কিয়া? তো অন <>",ারালািদিদে
test_noakhali_0015.wav,noakhali,"বেইচ্ছে বেইচ্ছে <>। এক্কেরে কুচা-কাঁচা, বস্তা ভরি কী বেগগিন বেচি হালাইছে গোলার মইদ্ধে। তোই কিয়া যেবার আঁই এবার আঁর কেমত ওইছে এবার আঁই জিগগামু না? তো আন্নে কুচা, কুচা বেইচ্ছেন কিল্লাই? আঁই আঙ্গো <>",বরিতুদে ডিনতেছিেোল ইর আকা় মতুতর ন আইনুকবিত যমনা তো মেমুখার কুঠা বেখছেন
test_noakhali_0016.wav,noakhali,"<> নামা দি। <> ইগো মা, তিনশো টাকা আছে ইয়ানে আরো একশো বিশ টাকা হাইবো। বেগগিন জ্বালা হালায় না? খালি হিসাব, দোয়ানের মাল এইয়া এগিন। আইতে কোনো সময় অগগা",দিলামরোমা ৩০ টাকা আছই়েনে আ২ ১২০ টাকা হাইব
test_noakhali_0017.wav,noakhali,ফলিথিন হগল বেগগুন লই একদিন জ্বালা হালাইলে আর নয় চুলাতে ক্যান? গাদ্দাত হোড়ায় না তো এগিন। এ হুন টমাটু কত করি রে বেচে? হ্যাঁ? <>,দন লোই একন জ্বালানাজে আন্না তুলে থেখেন বাদ্যাতও আনাতে
test_noakhali_0018.wav,noakhali,নানু গো। টাকা রুমারে দিছি ওন হিগা কি দিবো নি হিগার বাপে রে?,নানগ তাখা নুমারা দ্বিতীয়নিগেকে দিবনিগেপা
test_noakhali_0019.wav,noakhali,"হ্যাঁ? দিবো। আরেকবার কারে জানি মিনারে নি? কে জানি টাকা দি গেছিলো আর হিগা মারি দিছে। ময়না, ময়নারে। বইন দুনুগা ভাগ করি টাকা রাই দিছে। কয় তোর অদ্দেক আঁর অদ্দেক। কিস্তির টাকা, কিস্তিয়ালা স্যারে দি গেছে আরি। দোনো বইনে ভাগ করি অদ্দেক অদ্দেক লইয়া লাইছে। মাঝখান দি ব্যাডাগা",আরেকবা কারঘান মিডারেনিোি টাকা দিকেিলো্য মা ছ ময়না য়নাে দবার বোইন দুনুগা বাগ করেই টাকাবাইদিতোলদাকারদে কিতাদিে দোরমানা বাগ্যরে অধ্যাগত ামারকিন ব্যাদাগা
test_noakhali_0020.wav,noakhali,জোশ ভাই। তোরা কি গোসল নি করছের? <>,তরে এই কোসালি কলাসেরতন গেলের ক্সি
test_noakhali_0021.wav,noakhali,রুকি থায় না ওনকা হেই বাইত? কি জানি? আছিলো না <>। হোলা ওইছে না হুইনছিলাম? অ্যা।,রুকি থানা আংকায় এবারবলয়শনা উঞ্ছিলাম
test_noakhali_0022.wav,noakhali,হোলা ওইছে তো। হোলা ওই কোন মুই দাইছে? <>। আল্লা!,অলকমিরাসর
test_noakhali_0023.wav,noakhali,"মামা, আইজগা একজনে কাজ করেয়ের যেন?",মামাআজাল ফলোজন
test_noakhali_0024.wav,noakhali,<> একজনে কতক্ষন করবো? তো আঁই করিয়ের না? আন্নে তো ইট ভাঙেন। ইট ভাঙন কি কোনো ইয়ের কাজ নি? বিল্লিংয়ের কাজ নি? ইট ভাঙা বিল্লিংয়ের কাজ নো কী কাজ? ইট এগিন কোনাই লাগে? কনা এগিন কোনাই লাগে? বুইজ্জি তো। ওনগা,একজনা কতাআলাদা ইব্বাগারে ঈদবাঙাধির রয়াকা বিলিয়ে াছবুজ্জি তংকা
test_noakhali_0025.wav,noakhali,"আর কইত্তো আইজ্জা কিচ্ছু কইত্তো নো খালি বারান্দা কইরবো? না এখান দি কাম ইয়ান ধইরবো। কি ওইছে? কিল্লাই? এমনে। কাজ আগায়ের না, এয়াল্লাই। কী আগাইতো কাম? ইক্কিনি ইক্কিনি কাম। কাম আগাইতে ওইলে লোক লাইগবো, সামান লাইগবো। সামান নাই?",আোতা যে কিত্রকিত্র কর তোন খালি বাবােকাজে আগানাকেনই িাসামানাই
test_noakhali_0026.wav,noakhali,"না। রড লাইগবো, সিমেন্ট লাইগবো। বুজ্জত্তি? বড় মামা যেন জিগগায় কয়দিন হরে হরে হ্যাতন আইবো নি? জিগাইতি হারছ না আইবো নি? কইলে তো কলগা কাডি দেয়।",বড় আমাদন জিজ্ঞা করবিন্রাইব্যাকোলেতো কোগার গাড়িদেয়
test_noakhali_0027.wav,noakhali,"বলে আমনেরে আমরা একঘরে এইয়া করি দিছি। আমনে আমগো কারো লগে কতা কইয়েন না। কিয়া? বলে আমনেরে আমরা একঘরে এইয়া করি দিছি। বলে আমনে একঘরের মানুষ। আমনের লগে আমরা, আমনে আমগোর লগে কারো লগে কতা কইয়েন না। ওমা এটা কইয়ে তো দুইদিন হইজ্জন্ত ফোন দেয় না হাচা, হাচা। হাচানি? নানু কইছে আর নানুরে দুইদিন কল দেয় নো। ফরে আবার কল দিছে।",ওমাযইটা করে দুদিনর্যন্ত ফোন দানানানু কইসান আলরদিন কলনা র আবার
test_noakhali_0028.wav,noakhali,"আন্নের বাই আরো ত্যারা। না, সোজা তো আর কইতা <>। আঁই কইলে কাডি দেয়। কলখান ডাইরেক কাডি দেয় মুখের উঁচে। কে? বড়, মেঝ, বড় মামা আরি। কোন",আনের বায়ে আরও পেডরা আর ফলে কাবিদে কলকা দারের কাঠবে মুখে সুবরমে বরামাদি
test_rangpur_0001.wav,rangpur,"ও ভাই, আমিতো এই যে আমাদের বাড়ির সামনে গো। নেমেন না? কী হইচে? মগ <>। সাগাই পানি খাইবে। <> ক্যা? ওটা তোমরা নিবান্নাইস?",আের নিজে মকেরোসাকাই পানিই খাইবে
test_rangpur_0002.wav,rangpur,"তোমরা বলে পনেরো হাজার টাকা দিয়া বলে কিনি আনি নাগান? বাম হাত দি খা। খায় না। ওই <> টিউবলের পাড়ে পানি আসার কারণ কী জানেন? কেউ জায়গা দেয় না ভাই, কেউ না! তাইলে একন তাইলে আপনি বলেন কী করবেন, তাইলে? <> এলা মুই কং, এলা",পলাজার টেকা দিবলে কি নিয়ে এলামুখো মরমনের বা হইলে
test_rangpur_0003.wav,rangpur,যে গোস্ত দিবার নন। আমি কয় না। ওমরা কয় গোস্ত পায় কোটে? গোস্ত আছে? ওমরায় কয়। যে গোস্ত আছে? <> কয় গোস্ত আছে ? ওমার গুলায় টেকা হামার গুলা টেকায় নোয়ায়...।,যে গস্তির বেনার মেনাউডরাগা োসতে মায় কটেরাকগোসতকবস্তু আকি
test_rangpur_0004.wav,rangpur,<> ওমাকে আটে না। <> আক্কাস উয়ার বেটার বউ আছসে নাকি? না ঢাকাত মোউরি। তাইলে ...,ওর বেড়ার পৌতে নেখিঢপূরইলে
test_rangpur_0005.wav,rangpur,"ও! হাঁসের দাম বলে ঢাকাত একটা করি নয়শ। হাঁসের দাম কেনবা হটাৎ করি বাড়ি গেল! সেদিন দাম, ম্যাডাম ডাইকপার নাকচে, আয়, আয়, আয়, আয়। মুই কং, ক্যারে! হাঁস নিবার চাইবে নাকি?",হের দাম বলে ভারাি হাসিদামগমো হুটকুরি বাড়িগে দা বেরাম রখনা জায়য়য়
test_rangpur_0006.wav,rangpur,"হামারগুলা ইদোত দিবান্নাই। তোমার হাঁস কয়টা? নয়টা। নয়টা! বড় হইচে? বীতির মাও দুইটা নিবার চাইচে। তা হামাকো দেন তো দুইটা? কয় টাকা হয় দেমো এলা। মোক দুইটা দেইস ওই। ইয়া করিম এলা, কাটি কাটি এখান করি আন্দি আন্দি দিম এলা! কেন নয়টা আচে না? সবায় চায়, এলা কাক দেইম?",যটােিবির মাুদে িামাকদেনতুিগরিমালা কালীগাডী রহানগরে রানা়াদালতআগবেন
test_rangpur_0007.wav,rangpur,"মুই কি তোক কিনবার কইছোং? ধ্যান করি ক। তাইলে আলাপ, মুই আগোত কং নাই? <> কয়া দিনুং। হবে এলা। কথা বলি, আলাপ-আলোচনা <>",নির্বাগাম ভাইকে গলত
test_rangpur_0008.wav,rangpur,"এতোলা হাঁস <> হ বাবা, মুই কুনদিনে ইয়াক কইসোং, দুইটা হাঁস <> এরে বান্ধুবি তোর কি হইসে? কয়টা হাস? কার? মোর হাঁস নাই বাবা, আসিল মেলা হাঁস আসিল। <>আসে। নাই ওইলা সব মরি গেইসে। গরু, গরু কয়টা?",ুবেন বিপরক েলাইতকম রুবেটা
test_rangpur_0009.wav,rangpur,এ মাছ পাইসিস? গরু কয়টা? গরুতো চাইরখোনা। চাইরখোনা? তোমার মাছ ছাড়ি দিয়া লাভ কি? <> হ্যাঁ? আইসবে না <> সুরুজের ইয়া বেটির না? হুম। <> কয়টা? কাহোয় তো এক নোহায়। আবার গেইসে পরি? <> তিনোটায়? না...,া কাইানয
test_rangpur_0010.wav,rangpur,"গাভিন এ হয় না। এখনা বাছুর নোয়া ছট ছিল <> তাইলে এমরা সবুজেরা আইসবের নয়? সবুজ, দেরি আসে বাবা। আসি কি করবে?",গাভি নিয়ে হয়না েমরাসবুজেরা আসবেন না
test_rangpur_0011.wav,rangpur,"ঈদত আইসবার না? আইসে না, না আইসে। বউ তো বলে আইসবার দেয় না। ওমা কি করে উহার বউয়ে জানুক ওয় জানুক। এলায় ফির বেটির এত আদর। মাইনষের খবর। এলায় ফির <> নিন্দ আইসবে? মানষির খবর নিয়া লাভ আসে পাগলি, বেটা হউক আর বউ হউক। এ তোক না আইসবার দেয় না তুই ফির আচ্ছিস ক্যা? <>",লাইবের বেডিরি াত আদোলাইফিরাবে নিদস্পেতোমনা আসবে দেনা তিরা
test_rangpur_0012.wav,rangpur,"আইসবার দেয় না? না। উহার আম্মা না কয়দিন থাকি আইল। কয়দিন। আর এখনা কবে। <> দেখতো কেমন ঝগড়ি। ঝগড়ি নয় <> তোমরায় ঝগড়ি। ভালো না, ওগলা কওয়া যায় না ময়না। ওগুলা কতা কওয়া যায়।",মেডাম রাজা কযদিন থাকে এনিআলানা ক়লম
test_rangpur_0013.wav,rangpur,অইগলা কওয়া যায় না। হামার জেবনে হইছে ওইভাবে <> তোমরা না কন তোমার নাতিক কন। বুড়ি মানুষটা কইবে? ওমা! বুড়ি মানুষটা কইবে? হা! হা! বুড়ি হইছোং!,রনারগঙ্গন নাতিকরদৈািতয কদা ওমা স্িন্তকবা
test_rangpur_0014.wav,rangpur,"<> দাঁড়াইম না, দাঁড়াইম না মুই। কন গো, কন গো, শ্যামলী। তা বলে কী? কন গো, ও সবুজের বাপ, ও সবুজের বাপ! সেমাই চিনি আনো গো।",ধুল মধ্যে ন্ কণ্গসেমদি বলেছি বন্সবুজের বাসবুজের বােমাইচেনিয়া নর
test_rangpur_0015.wav,rangpur,"কবার পাইছে তখন কও তুই। কন গো, না কইলে ফির, না শুনলে তো মনটা খারাপ হয়া যায় গো। ক্যারে বা, তুই এখান ইদান কী ধরি আসিস কেন, কী জন্যে?",নোনাকইলেতো না শুনলেতো মোল্তা খারাপ হয়া যাযকেরপাতমইখানে দানকি ধরিয় আসেসকে একই জের নযেয়
test_rangpur_0016.wav,rangpur,"চাচি, কেমন আচেন? কী সমাচার? <> কেমন আচেন? আলহামদুলিল্লা। তা চাচি তোমার নাম কী? মোছাম্মত উম্মে কুলসুম। ওহ। চাচি, একনা গল্পগুজব করমো সবাই মিলি, রেকোর্ড করমো, সমস্যা হইবে তাতে?",ে আছেন কিসমাচারেন নাম কী াদুমাড ক়দ গল্প কিছু পূর্ম সভায় মিলি রেকর্ড করম সমস্যা়বে তাদে
test_rangpur_0017.wav,rangpur,"না? হ সেইটেই। বয়স কত চইলবের লাগছে? চল্লিশ পার। চল্লিশ পার হয়া গেইছে? ওও। এ মোর যে ষাইট বৎসরের বেশি হইছে? ষাইট বৎসরের বেশি হয়া গেইছে? হ। তাইলে তো ভাতা পাবু তাইলে তুই। কই ভাতা দেয়? পাবু, ভাতা পাবু। উমম দেয় ভাতা!",৪০শ া িএর মধ্যে ৬০ বছরেরও বেশি আাদাবাউদেলেদু ফভাতা নে াবুআাে তা
test_rangpur_0018.wav,rangpur,কার্ড দেইস। আর ফটোকপি আছে না কার্ডের? হ। ওইটের ফটোকপি করি দেইস। এয়া মহিলা মেম্বারোক দিয়ে এটা বয়স্ক ভাতা। আর মোর কিছু হবার নয়? বয়স্ক ভাতা বা বিধবা ভাতা একটা করি দিলে তুই এইল্যে কী দিয়ে কইরবের নাইগছে? হ হয়। ইয়ের কাম আছে।,দেশ বরবিয ়াছেনা কাডের দেশ মেরগিয়আরমোন কিছু আবারনাদ্িতীয় ভাতা এেমলাকাটি বিেকর্ করবেন
test_rangpur_0019.wav,rangpur,কী করবু? কাম আছে যে। কথা কওয়া এমনি ভালো মন্দ। ক্যা? ফেসবুক যুদি চলায়? এলা আমি ওই সেদিনকে গেছিলো ওইদিক। বুজচেন? শাগ নিয়ে আইলো দেহেন না?,পতাকাএমনি াআদিনযে গেজরয় দিখছেন ি
test_rangpur_0020.wav,rangpur,"শাক খাওয়া খুব ভালো, হ্যা? হ। রমজান মাসে মজা হইলে, ওই শাগে আচে। রোজা থাকলে খালি শাগ খাবার মনে হয় আগে, কী খান না খান, খালি শাগ। তাইলে খাওয়া-দাওয়া করচেন কী দি সেহেরিত? ডিম ভাজা, বাইগোন ভাজা, কী আরও? ডিম ভাজা, বাইগোন ভাজা।",খুব ভালো নারমজান মাসে মোজাহলের সাগেরেমনে হয়াখাওয়াদাকষু িডিমবাজা বাইগুনবাজা কিয়আরও
test_rangpur_0021.wav,rangpur,"ডিম ভাজি, বাইগোন ভাজি আর হইলো। ও চাচি, ভাজাপোড়া খাইলে তো গ্যাস হইবে। মুসুরির ডাইল। এতো ভাজাপোড়া খাওয়া যাবান্নায়। মুসুরির ডাইল, আর যে কী! শাগ! চাইরটা। ও চাইরটা আইটেম! আইটেম তো ভালোয় আচে! হামারে তো আইটেম নাই, খালি একটা আইটেম দিয়ায় খাই হামরা।",রিম্বাজী বাইগুনবাজি আাগেজামসুদীর দাল াগাইটাইটে াই আেআমার তাইটিম নাই খালি একটা আইডিম দিয়ে খাই আমরা
test_rangpur_0022.wav,rangpur,"বাজার যাবার চায় না ক্যা? নামেক। <> বাজার যাবার কয়? ক্যা? কী আনবে? শাগ নিবে নাকিরে? কী নিবা? মাছ? না, মাছ না। মাছ <> না রোজা থাকিয়ে।",রানামাকবাজরকা কেসাগনিফেনে গিরি
test_rangpur_0023.wav,rangpur,ওজা নাগছে তো। এহনো খাই নেই। আমি চাইর চাইর রমজান গেল প্রায় মাছে চলিল। মাছ দিয়ে রমজান মাসে খাওয়া যায় ভাত বেশি। ইইই! না কাইলকে এখনা ওই যে দাওয়াতোত গেছনু। আগা রাইতের খায়া আচছোং অডে। গোস্ত তো খায়া যায় না পাকলে। মাছ হইলে তাও একনা ভাত খাওয়া যায়। এরে! সিহেরির সময় এক প্লেটের বেশি দুই প্লেট আর খাবার পাম না। হামরা দুই দিন খাছি খালি মাছ। দুই দিন ডিম। কেমন খাওয়া খাইলে হডে? হইছে মোডামুডি ভালোয় খাওয়া হইছে। রহমানের মাও গেছিল খাবার? ওরে ওই রহমানের মাও!,ই রািরমদানমাশা খাওয়ািে দাওযস্ত খাওয়া যা়নারই সময়ে এযাক মিলেটের ভোগ বেশি ২ুইপ্রেটার খালে দুই দিন খাজি খালি মাছ কেমন পরতিদিন দি রমানামওই ওানের মা
test_rangpur_0024.wav,rangpur,"কোনটে? কোনটে? ওই যে। ওওই <> এর বউ যে মইলো? এও ওপাকে যে সময় গেইছে? <> ছাগলডা পাদিল গো। পাদিল তাত? পাদ বারাইছে, ওই পাদে। হেহে ক তো। ভালই হইছে। সারঘের বউয়েরা <> হ।",কোেইপাকাতে সবাই গিছর ছাউলটা পা দিল
test_rangpur_0025.wav,rangpur,ওমরায় গুরুপভাবে সবাই গেইছে। ওমরা ফতেয়া <> আর হামাক তো না ডাকাইলে হামরা যাইয়ে নে সাথে। তাও যায় হামার বউ। আগে যে এই বাড়ির মানুষ এই যে লিলিবুর ঘরোক পুছ করিস। সর্ব পোরথম ফতেয়া খানু এই যে তোমার নানির। ন বু? ওমার নানার খাছি।,রা গুরুবভাবে সবাইিতে দ ৌ আগে জে এই বাড়ির মানুষ এইজে লীলিবুরঘর ফুঁস করে সর্ব প্রথম পতয়া ভেনু এই যে তোমার নারি নবু
test_rangpur_0026.wav,rangpur,"মুই হানিফ মাঝির মায়ের ফতেয়া এও দিয়ে শুরু করছিনু। ওই তোমার নানার কাছে দেখছি লৌকের মইদ্যে তরকারিডে রাইনছে। কে এডে খায় নাই? এই যে এডে এডে এডে? তোর <> হ যে ওইল্যে। ওইল্যে আগোত মইরছে না? লৌকেত, বড় বড় লৌকে। লৌকেত থুছিল তরকারি, আর এক লৌকেত থুছিল ভাত। খালি ঢালছে আর খাইছে। অঅ লৌকেত! আর হামার অডে",হানিখমাঘের মায়ের য় তোমার নানার কাছে দেখছি লকষ্ের মধ্যে েই আিইলাইয়াডোডে ার লোকে লোপ্রার থে তরারই আরা
test_rangpur_0027.wav,rangpur,"ওই সর্দারপাড়াত, ওই যে নাকারি ঘর আছে না? নাকারি ঘর মানে যতো সাগাই-সদর, যতো অনুষ্ঠান-মনুষ্ঠান, ভাড়ায় আছিল না, ভাড়া ছাড়া কী করচে ওগুলা? আগে মুসাফিররা আছিল, ওই মুসাফিরের ঘরের জন্য নাকারি ঘর বানে থুইছিল। <> আমরা আগে তো, আগে তো খাচনো ওই কোটুয়াত, কলারপাতার, কলার ঢাইসকা গুলাত খাছিনো। এক সপ্তা, পনেরো দিন করি করি মুসাফিররা আছিলো।",ারাইে না হারিঘর আছে ামান না খারিবলতের গতে শাকায় সত তইেআগে মর ভিনারা আসিলে সাফীরে যতে হারাবহুজাওই যখন এািআমরা আমরা আগে তোিআগেত খাস লই যে পডুয়াত কলার ফাতার কলারঢ্যাকাগুলে া
test_rangpur_0028.wav,rangpur,"এ নে বড়আম্মার একটা সৃতি মনে আসে কি এইপাশ দিয়া গেইসে ভেলবাড়ি, নবুদ, ভুই দিয়া দিয়া বেটি ছোট আসিল। তাতে তোমার নানির ফতেয়া অদ্ধেক খাইসে আর অদ্ধেক গুলার মিলাত করি আইসে এখনা করে ফির। আইসে <>",রে ব়মার একটা শুশি মনে আদিকি এই পাল দিয়ে গেছে েছে ঢেলবাড়িনবু বুইদিয়েতাদে তোমার নানির খতে অদেখাইতারইসে ১া র
test_rangpur_0029.wav,rangpur,"কায় সেটা? তোমার দাদি। আগেতো ধোঁয়াতে দিসিল। হ। আগে তো। আগে ওটা ও টেস্টে আসিল আলাদা। সকাল বেলা ভোরে, মুকখ ঘসতে ঘসতে, দাঁত ঘসতে ঘসতে, চুল ডলতে ডলতে যাওয়া পথে <> সকাল বেলায়। হামার ফির এলা সকাল বেলা।",আগের ওডা মোটেস্টিয়া ছিলে সকালবেলা ভোরে মুখ ঘোস থেকে দাঁত ঘসতে করতে লুলতে লুলতে যাওয়া ফতে িরতিএলসকােলায় িএ
test_rangpur_0030.wav,rangpur,"ওয় কান্দি রত্তি আসে, সারারাইত কাম করে। এ এইল্লা খাবার হইলো দুপুরে থে এই রুমে। <> মোরো পছন্দ নোয়াহ। দুপুরেরটা হইলো। ওত্তি ফির আটা আর ডাইল ছাড়া কিচছু নাই। আরে <> ওত্তি আটা আর ডাইল ওত্তি ওয় চেয়ার বিরিঞ্চি নাই মাটিত বইসো। মাটিত বইসতে <> কেনে বাহে <> রেকর্ড করি। আটা আর ডাইল।",খাবারেল দল ুমেবই দুবরেটাই অতিথিরা আ৮ দাইলোয়ার অতিয় সিআর বিনালসে
test_rangpur_0031.wav,rangpur,"আর হইলো। বুট হইলে আর দিবারে নয়। <> হরিপুরত গেইনো। ওই যেঁ মাটি, মাটি খাইল করছে। ওরে আল্লাহ। খাইল করি আটা আর ডাইল পুতি রাখসে। <> নদী ভাঙ্গিলে কেমন চাক ধরে না মাটিত। <> হ হ হ। <> ফাটল ধইরচছে। <> অগুলা কি। <> উপরে বলে এমন ফাটা ফাটা। <> তেল নাইরে। ইয়া জমে না। নৌকা আসিল না। <> কাউনিয়াতে।",ুেআসবেরাগাজে হরিপুরের গেইনও ওইজেমামাি খাই কচ্ছে আাইলগুরিয়া আডাডাল েমে নতুন সুমিদা কেমন সাক করে া় ওগলেদো দেশের গলি রকমে াইডাতেযালমাইিরে ভরেতাক ইয়া জমেনা লোকে
test_rangpur_0032.wav,rangpur,"গেছলু <> হ হ। গেনু যে! ওরে আল্লাহ <> কালাই সেদ্দ! তাই কালাই কালাই <> সেই নৌকের মদ্যে <> ওই ওইগলে নোয়ায়। এই দিককের মানুষ আইনবের পায় না। কেমন করিয়ে? ওমরা গোস্ত আর আটা এক ঠাই করে। এক ঠাই করি আন্দে। যে স্বাদ! ঝার ভাগ্য! দুখেনও যায়, এখানও যায়, হাড্ডিও যায়। আর এইগলে <>",েই মবাবারি গালা়ালাটে আহ় বলানি বাইদিকে আগা কান্ডোর পায় না কেমন করিয়ে আমরা গুস্তুই ারা আঁটা একথাইন রে দুখেনোজায় এখানো যা হাঁট্ডি গাডরে গের থা
test_rangpur_0033.wav,rangpur,গাইবান্দার ওতি। ওই ওইটেয় ভালো। গাইবান্দার ওতি আমি খাই নাই কোনোদিন। মুই ওই সেই যে তোমার হইলো ওরে আল্লাহ ওই হরিপুরের ওডা খাবার যায়া আমার ওতি যাওয়ার রুচিই মরি গেইছে। ওই ফতেয়ার দাওয়াত। হামরা গেছি হইলো <> মঞ্জুর রানীর বাড়ির তরকারি হামরা আগে থাকি খাবার পাইনে। ত্যাল দেয় মেলা।,ইমানদারদিআমি খাইনিই কোনোদিন হরিপুরের রাখা যায় আমার অতিযাওয় রুঝি মরিগেছো মন্জুরানের বাড়ি তরকারি আমরা আগে থেকে কে অরবেনেতলদে
test_rangpur_0034.wav,rangpur,"বুটগুলা রাইতোত সেদ্দ করিল, না? মুই আরও দুইবার মোকত দেচো, সেদ্দ করলে যকন? পাতোত দেওয়া যায়, খাটে নেলে? কেমন? তেল-টেল কিচু নাই, এনা নুন যদি দেওয়া যায়। কী করি দেন তরকারিত? মোর বাপের জন্মেত মুই খাং নাই। মুই কোনো <> দেখোং নাই ওরকম, মুইও খায়া আচোং।",ি া মুঠগুলালাগিে সেন্ধ করে যেসরা দুইবর তেসগলে মরা বোরাকের বটুন্ পাতদজার খটে নেলে কেমন নজু দযা হই কোনোবস্ষে দেখা
test_rangpur_0035.wav,rangpur,"খায়া-দায়া কইম, মুই বলে যেটে যায়া, কইল্লা ভাজিত বলে তেল দেয় না। হামার কতা বলে কইচো। একন হামরা যাই মাজেমদ্দে, গেলে একন শ্বশুরবাড়ি, কী করবেন একন? যা হয়, তাই খাওয়া লাগে। শ্বশুরবাড়িত যা দিবে, তাই খাওয়া লাইগবান্নায়? ক্যা গো, এলাও চড়াইস নাই? আগে যকন মাচে, মাচে।",়ও়আমরা শাই মাঝে মধ্যে গে়ে এখন ঝুর বাড়ি কি করবেতা হয় তাই খাওয়া লাগে ােনাকাগয়ালা চরায় সবাগতকারি মাছে মা ছে
test_rangpur_0036.wav,rangpur,"খালি মাচে, ডিম ডিমে,হা? ওইরকম। তুই না বুট চড়ে দিবু? খড়ি নাগে দিয়া বুট বসপার দে। বুট বসে দে রে, এপতারি করা নাগবে। এপতারের মেইন ইয়া হইতেচে বুট। বুটের সাতে কয়টা আলু দে, আলুর ডাইলের মতোন। বুট ক্যা খায়? যে বুট হইলো শরীলে প্রুচুর এনার্জিজনিত একটা খাবার। তাহলে মানুষের, মানুষের ইপতারির সমায় বুট খাওয়া আসলে উপকার আচে। মুই ইপতারিয়ে খাং না।",ডিমবিমেুলাবুর চরজ বু খরের আগে দিয়ে গুলুতরা দারা এপতার করানেকেনিষেধঘটা আলুদে আলু ডেলি বুটকে খায়জা পু ইল শরীরে পুচু এনার্জিনিমানুষের ইতেরই সময় বুট খাওয়া আসেনি
test_rangpur_0037.wav,rangpur,"না খান নাই তোমার মতো পেট ঘাউরা কাই আসে। <> এত্তি খাওয়া লাগে। আরে খেজুর, খেজুরেও প্রচুর <> আসে। পেট পেট, পেট ঘাউয়া লোক। কাইলকা এখনা শাক দিয়া ভাত খাইসি পাছা রাইতত দেখো পেট ফুলি। খেজুরো শক্তি যোগায় কি বেটি? খেজুর ওই যেঁ ছোলা বুট। শোতা থাকি উঠিয়া একটা স্যালাইন খায়া।",খাওয়া খেজুর খেজিল পচুরে আহমাদ সাকদে িজুর হাবে হেজুর শক্তি যোগায় েজুর লা শোতা থাকে উটই একটা সেলেন খায়া
test_rangpur_0038.wav,rangpur,"<> নামাজ পড়বের <> হামার আরো এবারকার খেজুর আনছে এত বড় বড়। আর ওইগলে মুড়ির খেজুর। শাগ দিয়ে এহনা ভাত খাবার পাম মোটামুটি। এক্কেবারে শুকনে। চাপাবু, অতোয় মিষ্টি নাগে। হ মুড়ির খেজুর। আছে বাড়িত আরো? <> না, জুয়েল ভাইয়ের দকান থাকি কিছু নেন নাই। <>",িা ভাটতে বঠা মোটনে লা পরবৃষ্টিআছে বাড়িেওজুজেরাভালোনা তা জইতা জোর দেকে নাই
test_rangpur_0039.wav,rangpur,উয়ের অডে সব কমদামি খেজুরগুলে। উম। ওই যে <> করে যে <> হামার ওবারকার খেজুর আনছে ভালোয়। এবারকারগুলেও খুব ভালো। <> কেমন হলো <> আল্লাহ আজকেই আমি দেখমো কেমন। আজকে যামো <> আল্লাহ আগে মুই,বরসব অনদান গেিনিল াজুদন্তে ভালোএ ব্যাপারগুলো খুব ভালো মুিতকেগেমুই
test_rangpur_0040.wav,rangpur,"দেকচোং, আসলে। মানে সে যদি মাইনষেক গাইলায়, তাইলে গাইল নোয়ায়! আগে যদিল মানুষ খুদিও ভাজচিল এক গিরি আরাক গিরি যদিল পানি মুকোত দেওয়ার কিছু না থাকছিল, তাইলে ওই খুদি ভাজা খায়ায় একমুঠ পানি খায়া সরি গেইচে। সেই মানুষগুলা আছে!",মাচলে াইলেগাইলনুয় আগে যদির মানুষ খুদেও ভাচছি লেখগিরি আরাগিরি জুর পানির মুকুত দেওয়ার কিছু না থাকি ওই খুদি ভাগা় খায়াই এখন পানিতাসেই মানুষগুলে আছে
test_rangpur_0041.wav,rangpur,"ক্যা, কী হইলো? এই মানুষগুলাক, আরেহ, আমরা দেকচি পাগলি কতো মাইনষোক ব্রয়লার নিয়া আসি আসি ভাত খিলাইল, কতো! দেকনো, হামারে দেকা। এলা পাগলিই নাই, হারে গেইচে! মনটা মোর নিজোত থাকি হারে গেইচে, ট্যাঙা হইচে এলা। দেকতে দেকতে মোর ট্যাঙা হয়া গেইচে, বাবা, মুই আর দেখো না। আলাপ করি গেইচে কিছুক্ষণ আগে! এই হরিপুরের লোকগুলা, যেটায় আসুক, আর কারও",ি হল আমরা দেখছি পাগলি কতমাইছু বয়লা নিয়ে গিয়েি মাতখিলে কত াপাগলিলাই আারছে মুনতামুর নিজেস্থাকে হারা গেদেখতে দেখতে মরতেঙাহায়া গেছ মইয়াএ হরিালা ঝাইতা আ
test_rangpur_0042.wav,rangpur,"এইটা নোয়ায় কতা। ঝেটায় আসুক, কয় পাগলির ওডে খাওয়া-দাওয়া, যাইয়ে আসুক। <> ওটা তো হয়, ওটা হয়। খালি মুই যকন তোমার, একটা মানুষ এই বাড়ির মদ্দে অসহায় নাই আচে মোক দেখান, তো? দেখান তো? মুই যদি কোনো কং, বাপ রে বাপ! তোমার সময়ে খালি",সুখোগলিলে মুসলিনটি অবেশনিনে হয়মবেশেরারের মতে ় দএমনবিা দেখতি আে
test_rangpur_0043.wav,rangpur,"কিসের তোমরা কন না? গুয়া-পানগুলা মোর ভালো মাইনষে খাছিল গো। যদি একদিন একনা গুয়া-পান বারায় না। তালে মুই কোটে থাকি মুই, আগের চায়া মুই একদম খারাপ হয়া গেছোং। মুই এলা থাকতেও কং নাই।",ুানগুলো কলকমেযদি আব্দিনের না গুরেতান বাড়ায়না তলে মূল পুরো তাকে মি আগেচে একদম খারাপ পাইয়া গেছ মি ােহ
test_rangpur_0044.wav,rangpur,"যায় যেমন, তায় জেবনেও খারাপ হবার পাবান্নায়, জেবনেও না। ও আন্টি, শোনো, এমনও দিন এমন, আমরা খাই দুইটা পান, এমনও দিন এমন, নেশা হয়, না থাকলে, নাই-য়ে দিবারে পাই না, ওটা কয়া লাভ নাই।",যগনকাইন জীবনেও খারাপ হবার প্রবার জীবনেওআাকে শোনো এমনও দিনে এমনা খায়দা এব এমনদিনে এমন নেশা য় া নাই
test_rangpur_0045.wav,rangpur,"এলা ফির কাজিয়া করচে, এসটপ করো, বন্দ করো। বক্তব্য দেতে হয়, আপনি কন। তা বাদে সবার তো কুরবানি ইদ হয়া গেইচে। তা কার হয় নাই? একদিনও তো মানুষ দশজনকাক দিতে পায় বাড়িত?",োটসকাখলে আকযন্ন কুমে যেদ জঙ্দ পেতে পার
test_rangpur_0046.wav,rangpur,"এইটাতো কাইও কন না। এলা আরও ধনী হয়া, হয়া, একনা করি হয়া হয়া, ওয় আরও কেমন কেমন করে ! এলা কার ঘরোত নাই! সবারে ঘরোত আচে, আর ঋণ করবে কে! কার গোরত আচে না? ঋণ ছাড়া ব্যান কার",জনী হয়ে হ় নে হ়ে আসে লটায় তাআহিত কপাকরা
test_rangpur_0047.wav,rangpur,"সটাসট কুরবানি দেও, মানে কোরবানি আগোত দেওয়া নাইগবে! আজাইরা কতা! এলায় এলা, কিছুক্ষণ পর দেকিস এলা, ঋণমুক্ত না হয়া তোমাক কোরবানি দিবার কইচে, না? তা নাইলে ফির খাবার, খাওয়া, সেটা তো নাগবে। <> কী বাহে, খাওয়া নাইগবান্নায়? যার হাত-পাও, চোক",বিনকাবরা বে়ব াে ুরেজা জিবাইরাতবাহ
test_rangpur_0048.wav,rangpur,"এ সব ভালো আসে। <> মিলনে এবার কুরবানি খালি দিসে। মিলন আর কাই বলে। আর দেখ কতটি মানুষক। <> কুরবানি ঈদত তো, কুরবানি ঈদত। <> সবায় তো ভালো সাজে। এটে মুই কবার নাগসুং <> যেঁ মুই আগের চেয়ে মেলা খারাপ হইসোং।",ইটোম নি বরিবাবাবইলেরেবাল রে মুইজামইআগেচা মেলা া
test_rangpur_0049.wav,rangpur,"কে কই না হই খারাপ। সেটা হইতে না হইতে ওই একটা বলে। <> ওই যে। কায় কারটা কয় তোমরা তো, তো কয়া লাভ নাই। তোমরা যাও তো কি কইরবার গেইসেন যাও। আমরায় তো খারাপ কচ্ছি। তা কি হামার মতোন <> এলা ওমরা কউক হামরায় খারাপ করছি।",তাটাখয় তোমরাখায় তোৌচো কয়াজেই লাবনাই চড়া যাত কিশুরে গিয়েছিএলা ওরাকওয়া হামরায় খারাপ
test_rangpur_0050.wav,rangpur,"<> কি হয় তো হামার মতোন তো। তা ইয়া কইরবের নয় <> খিলায় যাইবে খাবার পাবার নয়। এমনি অলরেডি খারাপ হয়া যাইবে। বায় চুপ করতো, কায় কাক বিয়া ঢালি থুইয়া যায়। ঢালি থোয়ার কথা হয় নাই গো আশা আপার কতা কয়।",আপনা কারাদর্ভে ফিলিয়াই দেবে খাবাবাবানায় ও এমনি অলরেডি খারাপ হয়
test_rangpur_0051.wav,rangpur,"উহ, অসহায়, অসহায় মানুষ আচে দুনিয়াত? এলা কায়ও অসহায় নাই। এলা সবায় সবার হাতোত <> অসহায় মানুষ আচে? কেউ কারো ইয়া নাই। এলা ওই যে, কাইলকা ব্যাটায় ইপতারি আনচে, খাইচোং, ইপতারি এটে ফিরিজোত থুইচোং, আইজকা এলা খাইম। আর মুই আগোত কী করচিনু?",সবাই সবাই হাতে াসার্কিনিউ কারইয়ারাই আগেনজে খাইজমেি আি
test_rangpur_0052.wav,rangpur,"<> আগের কতা বাদ দেও, এলা নাই। আগের দিন ভুলি যাও। আগেত কেমন ইনকাম আছিল, আগেত যেমন হাতোত ট্যাকা আছিল, কেমন নাড়াচাড়া করচেন, আগে তোমার, এলা আচে? আগে তোমার জিনিস-পাতির দামও কম আছিলো। একন মনে করো, ট্যাকাআলা শাহিনোক, শাহিনের মায়োক, ফিরোজের বউয়োক, ওই ফিরোজের বেটিক, ফিরোজেক",আগে কেমন ইনকামা কাকেকেমন কতেকাদেকেমনা িজিনিশবাদি দার ট্রেগারা শাহীনও শাহীনের মাও ফিরুজের বহু ওই ফিরুজের বেয়েটিও ফি
test_rangpur_0053.wav,rangpur,"আর আগে টেকা আলা আসিল খাল, কায়? যায় বাজার নিয়া হাটত গেসিল আর আচ্ছিল। দুইটা টেকা তারই আসিল। আল্লাহর কাছে হাজার শুকুর মোর কোনো জিনিসের ঠ্যাকা নাই। হ সেইটায়। বউ নোয়ায়? <> তোমার কিসের এই ঠ্যাকা তোমার <>",আগে টাকাআলািখাই ঝাইবাগানে হাট দে সিলারাতরি ভজরের ্রা আল্লাহর কাছে হাজার শুকুর মোর কোনো দিঘে ঠেকানে লয়ার বরজিারিজ্ আনাি
test_rangpur_0054.wav,rangpur,"আল্লাহ, আল্লাহ যেঁ জমিন নাই হাত পায়ের উপর দিয়া এই শুকুর চালায় এইটায় আল্লাহর কাচছে। লাখো শুকরিয়া। লাখো শুকরিয়া।",আলাআলাজে জমির নাই হাটপায়ের ওপর দিয়েই চুকুর চলায় এঁটি আলার ছে
test_rangpur_0055.wav,rangpur,"এই বাড়ের জন্যে অসহায় হনু হয় বাবা। কাইয়ো কিছু দিলে না হয়। এই এতকনা এখনা <> কায় কি দিবে? ওইল্লা নোহায় কতা। কারো। ওইযে কর্মফল দেবসের মালিক আল্লাহ, যার কর্ম যেমন তাক ফল তেমন দেবে। তেমন দেবে। ক্যারে?",ে যদি অসহায় অনুহ বাবা কায়ও কিছু দিে নইে নুয়া কতা কে র্মকল দিবসের মালস হলা ঘার কর্ম যেমন তাক বলতে
test_rangpur_0056.wav,rangpur,"ফেসবুকত বলে দিসে বলে কাইলকা বলে। কি দিসে? <> হ হ হ। আঁকাশটা বলে লাল হইসে। কালি ফেসবুকত অনেকজনে দিসে এটা। কি তা কি? ওইযে তারার যেঁ, তারার <> তারার যেঁ সেদিন বা হসিল না। তারার যেঁ সেদিন বা হসিল। <> আসলে এইতা হইলো সামনে দুরভক দেখা দিবে তার একতা লক্ষন। আরে এটা বোল যেকোন একটা লক্ষন মুই তো কইসু দেখিয়া।",েবুআলি ফেসবুকো তো অনেক জনে দেছে টাকই ওই যে তারার ন্যা আসলে এটাইলে সামনে দুর্ভোগ দেখা দিবে তারাপা লক্ লক্ষ অর মূতদুর্বে দিয়ে
test_rangpur_0057.wav,rangpur,"কাইলকা বলে, তামান আকাশ বলে ইয়া হইবে। এই জন্যে অনেকে কইচে যে, এক বচরের খাবার মজুত রাখার জন্যে। <> আল্লা! রোজা পনোরো দিনোত, খাবার কিচু মজুত রাখার জন্যে। সরকারে? সরকার না, বিভিন্ন জনে বলতেচে আর কী। ধুর, ওইগলা কতা কইস না, সরকার <>",জেনে অনেকে কইছে যে এক বছর খাবার মজুদ রাখার জন্যশে াওয়াো ১৫দিনে তই ি মজু রাির লোে আল্লা
test_rangpur_0058.wav,rangpur,"সরকারে দেয় নাই <> এই শোনো, একন এই যে, বর্তমানের যুগ। যামরা মজুত রাখে, তামরায় একন খাবার পায় না। এইটায় জানি রাকো। সেইটা তো পায় না, কিন্তু অনেকেই কইচে আর কী, যে শুক্রবার, পোথম রমজান শুক্রবার, মাজের রমজান শুক্রবার",এইশুন এখনএ যে বর্তমানের জিবন যে যামরা মজুদ রাখে তাম়া রেখ ািন্তু অনেকে জতেদের নাই ভাবারপ্রথম রা ক মাজের রমাদান শুরুবার
test_rangpur_0059.wav,rangpur,"একটা চিহ্ন দেখা গেলো আকাশত এইটা হইলো দুর্ভক্ষের একটা লক্ষণ, এটা হযরত মোহামদ সাল্লাল্লাহু আলাইহি সালাম নিজে বলে কয়া গেইসে। শোকরবার, শোকোরবার তো পরবে বাজত জীবনে রমজান শোক্রবারে পরে নাই। <> পইড়চছে তো ষোল তারিখ। পড়ছে তো। <> পনেরো তারিখ পরবে না শুক্রবার।",একটা চিন্না দেখা খেলো আকাশ এটাইলো দুর বোগের একটা লক্ষয মসাসাল মিটিুল ক়বিচারসকর বারশকবাত পরপৌঁছে তোি১কারে রেরা
test_rangpur_0060.wav,rangpur,"ষোলো তারিক ষোলো। ষোলো তারিক করবেন? হ, এতি পোতম রমজান শুক্রবার হইলো না? হ। তাইলে মাজের রমজানও শুক্রবার আইসে। মাজের, পুতিদিন তো করতে আচি, শুক্রবার তো, <> আরে মাজের রমজানের কতা কইচে। মাজের রমজান পনোরো পার হইলে? হ, হ। ষোলো রোজা, সেইটা শুক্রবার পড়বে? হ, হ।",এতি প্রথম রঞ্জান শুক্রবার হিল না মাজর রমজানে শুক্রবার আইে ান পর্যন্ত করতে আিাহাজের রমজানের কথা ক়ছে মাজার পাথা প্ও পাঠাইে
test_rangpur_0061.wav,rangpur,"এই তো আগের বেলাও, এই মোক ডাকপার নাগচে, মুই কও, ওরে আল্লা! এটা সবাই দেকচে, সবাই মানে দেকপে এটাও কইচে। সবার চোকে পড়বে। <> এইগলা শোনো, মোসরমানোক এইগলা কিচু কওয়া যাবান্নায়, যার কারণ,",আএরা সবাই দেখছে সবাই বলে দেখব এটা কইছে সবাই চখে পড়বে নতু সবাই আমরা কাুলিয়াে দেছি তাতে দেখি মুসলমানকেগলেকিছু
test_rangpur_0062.wav,rangpur,"ওই যে, একবার হইলো চাঁদের মদ্দে কী? ওরে আল্লা! ওই যে সাঈদী বসি আচে। এইগলা কওয়া যায় না। তাই যে একবারে নাফরমানি, যামরা এইটা বিশ্বাস কইরবে। এইটা বলা যাবে না। আরে ওটা একটা, ভুয়া একটা ইয়াও রটাইছিলো। ওইযে সাঈদী পাগরী দিয়া বসি আচে। ওই যে আতোয়ার আছিল, না? মোর সাতে এই যে কাজিয়া এইখান নিয়া। কয় কী? কয় বলে, আসলে ওইটা সাঈদী। বলে তুই মোসলমানে নোয়াইস।",একার ১৯াের মধ্যে কি ওরে আল্লাওইসে সাইদিসএটিও গোলা েবুমি সাঈদী পাইমােপর আছে দেয়ামোর ছাতে এসে কাজিএেি লে আসলেপ্রছাইদীমন্তরই মুসলমানে নয়
test_rangpur_0063.wav,rangpur,"<> আল্লার কাচে আরাদনা করি আর, ময়না কোটে গেলো? আল্লা যে কী করবে! আচে ওডে। কেমন, আল্লায় যদি ঈমান আমানে যদি মৃত্যু করায়, সেইটা আল্লার কাচে বিশাল।",সাদে কম াছা আরা কেমকমন আাজানি ইমা নানানি জনি মিশন করায় এতিয়ালে
test_rangpur_0064.wav,rangpur,"সে <> বিয়া করচে? হ, আজহার বিয়া করচে, ফির ছাওয়া হইচে উয়ার। আজহার বিয়া করচে ফির মোরে হইলো ইয়্যাক ধন, মোর ওই জ্যাটাতো বইনের বিয়া হয় নাই? তারে ননদোক বিয়া করচে, দ্যাকচো মুই। ওই যে, ওমার বাড়িত যে আছিল।",ে আন বিয়োতাবি়ে বছে ছাওয়া হিছেবে বি়া কসাবের মড়ে হলেই আউধা াে বজইমার বাক্যা আছি
test_rangpur_0065.wav,rangpur,"আরে ওমার বাড়িত নোয়ায়। হ্যাঁ? আরে কোন আতোয়ারের কতা কন? এটে যে ফারামোত আছিল। হ, সেই আতোয়ারের কতা কন না <> না,না ওই ইচাকাতপুরের আতোয়ার। ও, সেই আতোয়ার বিয়া করে নাই। বিয়া করচে, ডিভোস হইচে, আবার",ই মারমে জুয়য়আর কৌন আতয়ার কথা খনহসেই আকর কথা কান্ডা বেরি এইিযকারনে
test_rangpur_0066.wav,rangpur,"এইঙ্কায় ইচাকাতপুরের আতোয়ার, ইচাকাতপুর আতোয়ার। এলা ওই যে, উয়্যার চাচতো ভাই, জ্যাটাতো ভাই, জ্যাটাতো ভাই। ওই আতোয়ারের সাতে উয়্যার মিলে নাই।",কা ইসাকাকুয় আতয়রএংজেলাকাইওই ১৮ সালে সাধিনে
test_rangpur_0067.wav,rangpur,"না গো, যাই। আইজকা কী খাওয়া-দাওয়া কী করচে? আইজকা হইলো ডাইল, ডিম, ডাইল, আবার ফির ভত্তা-টত্তা, মাচ আচে। কিন্তু সইন্দ্যায় তো ওই ডিম-ডাইল আর",নাগজাইগদছগোদাডিম ডা লাবারভির ভতারতামাছ আছে সন্ধ্যাতডিম
test_rangpur_0068.wav,rangpur,"এও তো, চাচি রোজা থাকে না? না, সইন্দ্যাত, আর রাইত, সিহেরির সমায়, সিহেরির সমায়, চাচি রোজা থাকে না? হুম, থাকে। রোজা থাইকপান্নায়? সিহেরির সমায় একবার এও করিম, বাইগোন ওইগলা ভাজিম, ডিম ভাজিম। ওই যে, গেইচে রই।",ি থাকে না না সুন দেত আর রাত প়চালেি থাকেনা থাকাফিয়েরির সময়ে গোয়াও করই
test_rangpur_0069.wav,rangpur,"কাইলকা মাচ আন্দিম, লাউ দিয়া। লাউকোনা কাইটপার নাইগবে। ওই, ফিরদুসির মাও লাউ দিয়া আচ্চে, ওইখ্যান আন্দিবার কতো। ক্যা রেই? ফিরদুসির মাও কাইলকায় নিয়া যাবে, না আইজকায় নিয়া যাইবে? মাচ নাই? মাচ নাই? লাউ খাবান্নায়। মাচ নিয়া আইসো হাপ কেজি যায়া।",কালকে মাসান রিমাউখোনাকেরাই ফিদ্দুসিনমা আয়কালকে নিয়ে নেমনেমাজ নিয়ে যা ফিে
test_rangpur_0070.wav,rangpur,"কাইলকা মোক নিয়া যাবার কইলো, মুই কনুং, মাচ থুইচোং, মুই কং মাইনষোক দেও <> হামাক দিলো না ক্যা? লাউ? লাউ খান? লাউ নাই তো। <> অইকন্যায় মুই নিয়া গেনু হয়।",আওকালগরা ক্রম কোন মাছ ফৈচম্যকার মাইকুর দােএ নি
test_rangpur_0071.wav,rangpur,"লাউ খান তোরা? মাচ থুইচোং। খায় না? আমাকে বললে, লাউ আনা লাগবে। লাউ, সাদের লাউ। ওই মিনুর মাওর লাউ আচে। ওই আন্দিলে মুই ওমার থাকি নিয়া যাইম। ওমার লাউ সেজে না। নাহ।",গারা মিইমাল্লাবোদিগেও সেজেনা
test_rangpur_0072.wav,rangpur,"এবার লাউ ফির দেখো তো কয়টা বাজে? <> বিচির মার লাউ ফির গুলগুলে হয়া যায়। সাড়ে চাইরটে বাজে। <> এককে <> হইলেও গুলগুলে, এককে পচা হইলেও আরো গুলগুলে। এইল্যে জাত নাউ নোয়ায়? মুই ওই মাছ, ওই লাউয়ের জন্যে মাছ বাইর করোম না যে কাইলকে মুই লাউ লাউ মাছ বাইর করি লাউ দিয়ে। কোডে থাকি লাউ নিবেন? কার লাউ? মোর ভাইটে এই কয়দিন আছিল। মাছ কেনা নাগে নাই।",াুে েমাতিবানা হলিও গুলগুলো একা পামুই মাঝওই লাউজ জলে মাছবাহি করম না যে কাইকে মুহিলাউলাউর াইটেই ক়দিন আ া
test_rangpur_0073.wav,rangpur,"ক্যা কোডে থেকি <> আজ কতদিন থেকি কিনবে? ওরে আল্লাহ! ওই যে চেয়ারমেনোক বিজি রাখছে। একবারে এক মণ করি আনছিল। আধ মণ করি আনছিল। যে এখনা হইলো ছয়টা বারো তেরোখেন লাউয়ে ধরছে আগের ছয়টা। আরো পাসটা <> এই যে শাগ যে বাছিল, শাগ দেহো পাতা কতকোনা, ডাটাগুলে দেহো কতগুলে?",ে াওইদেশ মাগযে বাছিল শাক দাও পাতা কতখোলার ডা়া গুলে দেহ কতেবে
test_rangpur_0074.wav,rangpur,<> ওবার বারো তেরডা ধরছিলো। <> এই গাছে ধরছে ছয়টা। হামরা একদিন একটা খাছি। এএএ! এতি রে <> ফির এর ফির মিছা কতা শুনিয়ে হয় এও হয় কয়দিন দেছে।,১২টা বার যত ধরি লাইগ যে
test_rangpur_0075.wav,rangpur,<> কায়? <> খাবার কইছোম। দেয় নাই <> এ কই মোর ভোক নাগছে? এই। দেহা তো। মোক যে কইছোম মোর ভোক নাগছে মোক <>,দুর্হচল উদা়নেই েমগনে হইনাবর পব
test_rangpur_0076.wav,rangpur,মাং কোটা মাং। এই। হা হা হা। মাং। এ <> বাচ্চা। হ। <> এলা তো ওই যে এয়ার বলে <>,মাই উস্থাহইয়ার বলে
test_rangpur_0077.wav,rangpur,"ওডা ইয়ার বাড়িত থুইছে তো। না, মোর বাইত <> জামাইর বাড়িত থুইছে, রাখছে। রংপুরেত যেইটে বাসা। সিলেই করে নাই বলে। টেপ লাগে লাগে দিছে। টেপ নাগে দেয়। ওইপাশে রস পড়ে। রস পড়ি পড়িয়ে ইয়া হইবে।",ই়ার াড়ি থিসিত যায়ারাড়চেপনাগে দেউুপেশে রসপরে রসপর
test_rangpur_0078.wav,rangpur,ফেলায় দিবের নয়। <> গাও ধোও নাই? এইদেন ফুন হইবে। এইদেন ফুন হইবে। ওইদেন ফুন হবার নয়? ওইপাশে রড পড়ি পড়ি পড়ি পড়ি পড়ি পড়ি ভালো নাগে না? ময়লা পড়ি পড়ি লাইন করি দিবে। তার পরেসেনে শুকিয়ে <> মাদ্রেসাত ভালো লাগে?,া এদেন খুন হইবেদেন খুন হইবে এদেন খুনারইবাশের রজনীমাদুসাত ভালো লাগে
test_rangpur_0079.wav,rangpur,"আর থাকিনে বাবা যাই। কী আন্দিবেন বেটি? পাকশাক করমো মাছ পা মাছ, বেগুন, আলু, কালাইর বরা ভাজমো দুইটে। এইটে এইটে দেখি মাদ্রেসাত পড়া <>",্যাকিয়ান দিবেন বেডিামার বেগুন আলুলাইপরা ভাগব
test_rangpur_0080.wav,rangpur,"হ। এই নিয়ে যায় না ক্যামবা এই? আল্লায় জানে। কী যে শয়তান ঢুকছে! ক্যা? পইড়বের নইস আর মাদ্রেসা? কী কই! যুদিকেল কই, গায়ের উপর দিয়ে যাইবে বলে বই। জোড়ে ক এখনা। বুজছিস? হুম। আর ওই যে কয় যে, ""মিলি বেটি শোন।""",এ নিয়ে জায়না কাম্বাইপুল বিনিশার মনষা গায়ের বুধিদে বলোআর যে পয়দে মিলিবাটি শর
test_rangpur_0081.wav,rangpur,"ওই যে আগেরকার মাইনষে কইছে, ""গাছ গুণলে হয় গোটা। বাপ গুণনে হয় বেটা। মাও গুণনে হয় ছাও। ফুটে গুণনে হয় নাও।"" এইল্যে এলাও এইল্যে মিথ্যে। হ্যা? হয় এইরকম? হয় না মানে? অবশ্যই। হয়? হ্যা।",ে করছে ে ় গোটাযেবইলে বিখে হয হয়নামনে অবশ্য ঘ
test_rangpur_0082.wav,rangpur,"হামার মা যেমন অভিনয় ঝেমন করি হামরা মাওক ঘরেক দেখছি, ওদেন করি হামরা একনা কিছু শিকছি। বুজছিস? ওই যে শাহজানের বাপ ঝেমন শাহজানেক দেখছে এখনা কিছু কিছু",আমার মাছ যেমন অভিনয়ে যেমন করি হামরা মা ভেরে দেখছি অদন পেরি হামরা আংলা কিছু শিখছি শ ওইদেশ হাজানেরা বা বেমন সাজানের দেখ্সে এখনা কিছু কিছু
test_rangpur_0083.wav,rangpur,"কাম কাজের ধরন শাজানের কিন্তু আলচে। সাতির মাও যেমন চলে, সেইদোন কিচু ধরন-ধরন সাতির আলচে। আরও কুড়া। বুজচেন? অতো নোয়ায়। কতা ঠিকে, আগেকার মাইনষে যে কইচে, ঠিকে, কতা খারাপ নোয়ায়।",নকাজে ধরন হাদানের কুন্তু আলছে হাতির মা যেমন চলে একজন কিষু ধরনধরন হাতিরা আে আরও উব়াপ নয
test_rangpur_0084.wav,rangpur,"ওই যে, এই দিনোত, শাহিন আর ফিরুজ, হুম। ফিরুজ একনা এক্কেরে গোটালে উয়্যার বাপের মতোন ধরন-গড়ন, কতা-বাতরা, চলা-ফিরা, মাইনষের সাতে অ্যাও করা, ওইটা আচে। আর শাহিনটা হইচে দুনিয়ার মুক মোন্দা।",ওদ ইদিম শাহিনা ফিরুজ ফিরুজএমনা করে ভোটালে এর বাবের মতন ধরন গরণ কথাবার্তা চলা ফিরে মাহিশতেকা ঐিহা আশাইনটি হয়েছে দুনির মুখুম্ডা
test_rangpur_0085.wav,rangpur,<> শাহিনটা হইচে উয়্যার মার মতোন। আর ফিরুজ হইচে উয়্যার বাপের মতোন। এইল্লা কার ঘাস এতুগুলা? ওমারে ঘাস তুলি নিয়া আইনো।,আানডাইজিয়র মার মতোফিরুতা জুয় বাবুর মতুমারে গাস তুলিনি
test_rangpur_0086.wav,rangpur,"<> বলে একটা, যে কোনো একটা ইঙ্গিত <> গেইছে। যে এডে যে পোত্থম রমজান, কেমন <> দেকছেন? পোত্থম রমজান। এই যে, নোয়ায়, নেছোত, নেছোত হইলো, পোত্থম হইছে বা, বা, পরেরদিন হইছে বাত একটা ফোটা নেছোত। এই পোথম রমজান শুক্রবার। ফোটা, এই ফোটাটা নেছোত। মাজের রমজান আচে না? হ। এইডাও হইলো শুক্রবার। এইডা নবি সাল্লেল্লাসসালাম বলে কওয়্যাও গেইছে যে, পোত্থম রমজান শুক্রবার হবে, মাজের রমজানটাও শুক্রবার হইবে। ষোলো তারিক আচে না? ষোলো তারিকও হইলো শুক্রবার। বা, বাত তো ফোটা আচে। হ, ওই ফোটা আচে তো। এই যে এডে দুর্ভিক্ষ দেখা দিবে দেশে।",লেজের প্থম রমজান ানা দেখছে্রমথম রমজ েরেমেিহে প্রথম রমজাম প্রবার মাঝের রমজানাছে না এরাওরে শুক্রবার নমিছেলে শাল পান পয়া গেশুপ্রথম রমজান শুক্রবার হবে মাজে রমজান রনা ১৬থনেই কেছেনা ১৬ তারিখেও ওল শুক্রবার ফুটাই আছেজের দুর্ভিক্ষ দেখা দেবে দেশে
test_rangpur_0087.wav,rangpur,"এলা কেমন আচিস? কেমন আচিস? আলহামদুলিল্লা, ভালো। তোর সাতে এনা গল্প-গুজব করিম, মোবাইলোত রেকর্ড করিম, সমস্যা হইবে? ক্যা? এনা করিম আর কী। গল্প-গুজব করমো, আলাপ-আলোচোনা করমো আর কী।",েমন চে আলহাংবেলের যাভালো গল্পগুচু করি মোবাইলেতে রেকর্ড করিন মস্যাইে করিমের কি গল্পুছু রম আলাপআলোচনা
test_rangpur_0088.wav,rangpur,"সমস্যা হইবে? সমস্যা কী? হ, সেইটায়। <> তো সমস্যা। সেইটায়। তো এডা নাম, তোর নাম কী? দেলোয়র মণ্ডল। ও, তোর বয়স কতো চইলবার নাগচে এলা?",সমস্যাঘী ািবেলোয়ালমণ্ডল
test_rangpur_0089.wav,rangpur,"একশ এগারো। একশ এগারো বছর চলে? হ। এলা ইয়া রোজা আছিস তো, নেকি? হ, ওজা। কী দি ভাত খাছিস? ভাত কী দি খাছিস?",সাগালাতকি দিখাছি
test_rangpur_0090.wav,rangpur,"ভাত, মাছ। মাছ? হ। অহ! তা খাওয়া দাওয়া ভালোয় হইতেছে? হ। কী মাছ দিয়ে খালু? কী মাছ?",ািরিেবা২আইতে যে বেলা গেলু কিমার
test_rangpur_0091.wav,rangpur,"কী মাছ? হ্যা। ইলিশ মাছ। ইলিশ মাছ দিয়ে খাছিস? কোডে পালু ইলিশ মাছ? কায় আনছে? <> অঅ! তে ইয়া মোয়াজ্জানি চলছে তো ভালোয়, নাকি? হ। কোনও ঝুট ঝামেলা নাই? ঝুট ঝামেলা নাই।",িশগ্রিমা দেখেছে ফরবলইলিশমা কায়েমসে া মদ্যানি চলছে তো ভা ুর্ঝা মেলা নাইালই
test_rangpur_0092.wav,rangpur,"ও, তাইলে খাওয়া-দাওয়া মানুষে করায় ভালোভাবে? হ। হুম? খাওয়া-দাওয়া করায় তো। কাইল কার বাড়িত খাইচেন? কাইল? ফুলু চাচার বাড়িত। ও, তার আগের দিন? হানিপের বাড়িত। ও",খাওয়াদা মানুষে করাই ভালো ভাবে খাওয়া যও় করা় তো জ ফুলসারআে হির
test_rangpur_0093.wav,rangpur,"<> বাড়িত? হুম, তারপরে জলিলের হরে বাড়িতো খাইচেন? জলিলের বাড়িত খাচু। কার বাড়িত কেমন খাওয়া-দাওয়া কইরলেন? ভালোয় খিলাইচে। কার বাড়িত কেমন? সবারে বাড়িতে ভালোয় খিলাইচে।",জুলযগে রহৃত হয়েছে যজিদের বাড়িধু রমা়িত কেমন খাওয়া দাওয়া খিলেন পালে খিলেনারি কেমন সকালইও বাড়ি যে ভালয়ে
test_rangpur_0094.wav,rangpur,"তারমদ্দে কার, কার বাড়িত খাওয়া ভালো হইচে? কোন রান্নাটা কেমন করিচে, কী সমাচার, কও দেখোং। কোন রান্নাটা কেমন হইচে? জলিলের বাড়িত কী কী খিলাইচে? মাচ, গোস।",ারমধ কার্বারিট খাওয়া ভালো ইছে অন্যান্যাটা কেমন কিনিছু কিসমান্যাটা কেমনই চে জৈলটামের টিক কি ঘিরেছে মাফ গোস
test_rangpur_0095.wav,rangpur,"ডাইল, ভাত। তাইলে ইয়া, খাওয়া সবচাইতে কার বাড়িত ভালো হইচে?",জাই ফাগ ইয়া খাওয়া সবচাইতে কার্বাইিট ভালো ইছে
test_rangpur_0096.wav,rangpur,"রেজার বাড়িত, না হানিফ মাজির বাড়িত না ফকরুদ্দিন জ্যাটোর বাড়িত? কার বাড়িত খাওয়া ভালো হইচে, কও দেখোং? মুই খালি ডিম আর মাচ, কার বাড়িত? খাইচুং। কার বাড়িত? গোশতো খাইতে পারি নাই, শক্ত! শক্ত? ও",হানি মাজির বা়ি ফুদ ্দিন জরে তারাই ালঢিইমালমাফ াঠইফি আর্গস্য ঘাজী বাড়িলে সকত
test_rangpur_0097.wav,rangpur,"<> গাই-গরুর গোশতো যোন নরম হয়? না, গাই-গরুর গোস্ত, বুড়া গরুর গোস্ত নয়? শক্ত। আর ওটা জাল দেওয়া লাগে মেলাক্ষণ। হ, খাইতে পারি নাই, এখানও খাইতে পারি নাই।",গাইজলিগোসুজ নরম হ বুরে সক জাল দাওয়া লাগে বেলাকন এন
test_rangpur_0098.wav,rangpur,"একন ইপতারি তো, মসচিদেতে করা হয়, নাকি? হুম। ইপতারি কেমন হয়, কী সমাচার? ভালো। কয় টাকার করি ইপতারি করেন, পুতিদিন? পাশশা, ছয়শো।",ারিত মসজিদিতে করা হয়নি কি তির কেমন হয় কিসমচার আলহ ওডায়েরগুি তৈরি করে ৮০৬০
test_rangpur_0099.wav,rangpur,"ইয়ার আগেরবার ভালো হইচিল না এইবার ভালো হবার নাগচে? কোনবার ভালো হবার নাগচে? আগেরবারে <> এয়্যাও-টেয়্যাও কিনছিল। আপেল-টাপেল, মাল্টা-টাল্টা কিনছিল? হ, এবার তো এইগলাও নাই।",আগেরবার ভালো হিছিলে নে এবার ভালোাগে আগেল বালা় বঅ্যটকেনসিমান
test_rangpur_0100.wav,rangpur,এবার দাম বেশি না? এইবার দাম বেশি জন্যে এই সমস্যাটা। না? এইবার তো সোগ জিনিসের দাম নোয়ায় বেশি? হুম। ওই দামের কারণে ঝামেলাটা বেশি আর কী। সবাই,দামদাম বেশি ধরণে এই সমস্যারা এত সবজিনিষে দাম না দেশি দামের কারণেই ধারমলাটা ভেশিয়এর কি সবাই
test_rangpur_0101.wav,rangpur,"ওইভাবে আর কিচু খাবার পায় না। তা এখন, ইয়্যা জ্যাটোর সাতে কতা হয়? হ। মাহবুব জ্যাটোর সাতে? হ, গেইতে-আসতে কতা হয়।",িছুবিয়াযথাসরের কথা হয়তা গেঝিয়া আরতে কজকর
test_rangpur_0102.wav,rangpur,"<> সাতে কতা হয় না? হুম? <> সাতেও কতা হয় নাই? নাহ। সোয়াগ, সেলিম? ওরা আগোত খাইচে আর, এলা হয় না আর কতা? নাহ।",ন্তুচরশথে কথায় না গিসের সাথে কথা হয় নাই ্ি ও আগক হইতে আর
test_rangpur_0103.wav,rangpur,"রেজা আর সোয়াগ, <> কাচে আর ওই সোয়াগের কাচে। টাকা? সোয়াগের কাচে দেচো। সোয়াগের সাতে কতা কবু? আচ্চা হউক কতা কইস এলা, সমস্যা নাই, কয়া দেইম এলা। কিন্তু একন",দেজা আরসল সদীর গাছা আউস পগের াসোাগের কাছে দুতব
test_rangpur_0104.wav,rangpur,"ওই ইয়্যা আইসে না, না? কেডা? ওই যে বক্কর হামার এটেত, মসজিদোত নামাজ পড়ে না? নাহ। বক্কর পড়ে না? না। ক্যা, পড়ে না ক্যা? কাহিনী কী উয়্যার?",ইয়া আইছিনানা বকুর হামারড মসজিজ নামাজ পরে না র রে নারে আে
test_rangpur_0105.wav,rangpur,"ওডে যায়। কোনটাত? ওই বাজারেরটাত না ওইটাত? না, ওইটাত। <> ঠিকভাবে যায় না, না? অতো বেশি? না, পুতিদিনে যায় না। পুতিদিনে যায় না, না? মাজেমদ্দে যায়, যায় না।",ইযা ার ঠিকভাবে গািনইাতে যায় যায়া
test_rangpur_0106.wav,rangpur,"তা বাদে ওই খাজাও তো আইসে একন এটে, না? খাজা আইসে। খাজা আইসে, তাইলে ওই বক্কর বাদে সবাই আইসে? হ।",াের খাজাও তো আশি আইতাইলেও ই বকুরবাদে সবাই আছে
test_rangpur_0107.wav,rangpur,"এলা গরু কয়টা গাব হইলো? চাইরট্যা। চাইরট্যা? ইয়্যা, ওই ছাগল আচে নাকি? ছাগলও আটটা। পাতা-টাতা খিলাইস না? ঘাস-টাস নিয়া যায়া দেইস না?",গুরুব়টা গাও রুটিটা়াসাগুল আসেনে আগালআাপাথাটা ঘিনেশনা কা
test_rangpur_0108.wav,rangpur,"হা? ঘাস-টাস নিয়া যায়া দেইস না? হ, মুই বাছো না আরও! কয়দিন যে দেকনু, পাতা কুড়াইলু? পাতা কুড়ি-টুড়ি নিয়া যায়া খিলাং তো।",ঘাস্টাস নিয়েদেরা দেশনে মনিবাসবা্জিদেখনু পা ঘুড়েলু পাঁচাঘুড়িয়ে চুড়ি নিবে উঠিা
test_rangpur_0109.wav,rangpur,"পাতা কুড়ি নিয়ে যায়া খিলেইস? আইজগেল পাতায় নাই। তাইলে তোর চট্টগ্রামোত থাকতে ইয়ে ভালো আছিল, নে? ইফতেরিগুলে? মানুষে ডাকে ডাকে খিলেছিল খুব, নোয়ায়?",পাথাকুরি নিয়ে দেখিলেস লিগেলো াভইল চট্টরম থাকতেই ভাল ঝিনে উত্তেরিলিলা পানিসে ডাকা নেয় খিলেছিল খুবল না
test_rangpur_0110.wav,rangpur,"হ। ডাকি নিয়ে নিয়ে যায়া খিলেয়? চট্টগ্রাম আর এডাই? তা চট্টগ্রামোত ভালোয় ছিল? অডে মানুষজনও বেশি তোক এয়া করছিল, নোয়ায়? হ।",হিনিে নিয়ে দাখিলে অটগ্রামা ব্যঘারাি মানুষজনও বেশি তোখে ইয়াকচিলন ও
test_rangpur_0111.wav,rangpur,"বাড়িত নিয়া নিয়া যায়া ইপতারি খিলাইছিল? ভাত খিলাইছিল? হুম। ওটে যে আগে যে ওই, ছোবাইন্নযা আছিল, ছোবাইন্নযার ব্যাটা আছিল? ছোবাইন্নযার ব্যাটা তো, খুব আমোদ করছিল।",নিয়ে যায় িন াতকি যাগে য সুমাইন নযাচ সুবাইনের বাহা দেখলে ফাইনাল বেলাজ খুম
test_rangpur_0112.wav,rangpur,"ছোবাইন্নযার ব্যাটা, ছোবাইন্নযার ব্যাটা কই তার? মুই না দেকছোং, বেটি খালি দুইট্যা। ব্যাটা আচে। <> ব্যাটা বড়? সব বড়। ও। বেটি দুকনা খালি বড়।",বে়াকইতােরিে বেরাবেরারাবোঝায় রা বড় সব বড়বেরি ঝিগরে থাঙি বড়
test_rangpur_0113.wav,rangpur,মুই লেইকছং হইলো এই যে কফি আর হইলো পলি। হুম। এই দুইটেই <> কফি আর কলি? পলি পলি। কলি। কলি নাম? হা? কলি না পলি? কলি। হুম।,জে কোফি এইদুইজেমিেতাঅফিার কলি পলিলি অজি পলিনা আ কলিরাপলিলি
test_rangpur_0114.wav,rangpur,"ওমার বাড়িতো খাওয়া দাওয়া করছিলু? হ। সগাইরে বাড়িত খাওয়া দাওয়া করছিনু। অডাই নীলা আছে। ওই দেনাজপুরি যে বুড়া আছে যে, দেনাজিপুরি? ওই খিলেয় নাই তোক? নাহ। খুব ইয়ে? খুব <> হ্যা?",মরমায়ত খাওয়াবাঘ ছিল গাজেওই ছিা আছে দিনাজপুরই যে উুড়ে আছে দিনাজপুরি
test_rangpur_0115.wav,rangpur,"<> হিংসের শ্যাষ। মুই নে দেখলুং ভালোয় আছে। সোহাগের ঘরে, সোহাগের বউর সাতে যে খাতির! মনে কর কালাই টালাই দেয়, শাক-সবজি দেয়। ওই যে একবার গেনু, মাজোতে গেছনু। তাতে এইরকম অনেক উপকার করছে এইরকম।",ইঘিএসএদিগু ভালই আছে শ়াগের ঘা়ের স্বাগের বোষাতে যে খাতির মনেকার কালাই ডোলাই দেয় শাকসবজি দেয় মৃরি আকবার গিঁনুর মাঝাতে গেছল তাতা এরকম অনেক উুখুগার
test_rangpur_0116.wav,rangpur,মনে কর কালাই না থাকলে এহন ডাইল এহনা <> দেয়। শাগ দেয়। যখন যেটা লাগে। বুজছিস? হুম? যখন যা লাগে তখনে তা দিছিল।,কালাই না থাকা এ ডাই াশাক দেয় যখন জেটা লাগে যখন যালাগে তখনে তা বিঝিল
test_rangpur_0117.wav,rangpur,"এলা কি তোর চুল কাডাবু? হউ, নাহ। তোর মোছ তো ছোডোয় আছে। মোছগুলে কাডানু হয়। কই তোর মোছ বড় হইছে তার? মোছ তো ছোডোয় আছে দাদা।",এাুচুল কারাবু রাঃতুর মস্ত ছুড়োই আছেওব
test_rangpur_0118.wav,rangpur,"তাইলে আইজকে কার বাড়িত খাওয়া দাওয়া? আইজকে তো তোরে বাড়িত। মোরে বাড়িত খাওয়া দাওয়া? হ। হ্যা? কী খাইবেন? যেডা দেন। বয়লার মুরগি? বয়লার খান না? খাই তো। তাইলে বয়লারের, বয়লার দিয়ে",কার্বরিত খাওালআজিাজল চলে বালিযলা দিয়ে
test_rangpur_0119.wav,rangpur,কালাইয়ের ডাইল খান না? কালাইয়ের ডাইল খাই তো। <> হ্যা? ঠাকরি কালাই। ঠাকরি কালাই? ঠাকরি কালাই আনিস। ঠাকরি কালাই আনিম? হে হে হে। হুম। ঠাকরি কালাই দিয়ে কী খাইবেন? ডাইল?,গনিকাআগনিগালাইয়ালনি ঠাকে গেলেনে থাকরে গেলে দিকি যাইবে ায়
test_rangpur_0120.wav,rangpur,"ঠাকরি কালাই এলা পাওয়া যায়? পাওয়া যায় না? এংকর খান না, এংকর? কাইলকে তো ঠাকরি কালাই এর ডাইল খাছি। এংকর খান না, এংকর? ক্যা? এংকর কি ডাইল নোয়ায়? ডাইল হইলেও স্বাদ লাগে না।",ালা পাওয়া যায় অগাঙা রানা এক কালচারছ সাগ্রিকাদের জারখান র রকিাইলয় ভাযইেল হইেলো স্বাদলাগলা
test_rangpur_0121.wav,rangpur,"ক্যা স্বাদ লাইগবের নয়? এংকরের ডাইল বলে স্বাদ লাগে না! হা হা! ভর্তা দিয়ে খিলেইম, ভর্তা। হোওও! খাবার নন? হ্যা? ভালো।",বতাদিঘিলে বতাো
test_rangpur_0122.wav,rangpur,"ভর্তা খান না? ভর্তা, ডাইল, শাগ, পাঠা শাগ। হ্যা। আর শাগ। হ্যা। নেইস। পাট শাগ আনিম? হ। পাট শাগের যে দাম! হেহ! হুহ!",গাল সগপাঠার হাগাছে দা
test_rangpur_0123.wav,rangpur,এই রমজান মাসে যে পাট শাগের যে দাম! সেদিন ফিরোজ বেয়ান নিয়ে আসছে তিরিশ টেকার পাট শাক। তোর হাড়ির তলাতে পোড়ে না। হ্যা? পাতের মদ্যেয় আটে না <> হে। আর তুই পাট শাগ আনবের কইস?,রমজানমাসে যে পার্শা গেজে দাম ে ফ্িরিসবেন নিয়েছে ৩০ টাকার পাটশাক হারিরতলাপড়ে না আতি পাটসাকানবেরঘুষ
test_rangpur_0124.wav,rangpur,"পাট শাক তোর মনে কর এলা? সার দিয়ে ইউরিয়ে সার, পটাশ ফসফেট- এইগলে দিয়ে শাক তোলে ফোলে। হে? তুই আন্দিবের যাবু। যায়া দেকবু হইলো ইয়ের তলাও পোড়ে না। বুজছিস? এই হইলো অবস্তা!",্তর মণেকারেলা সাত দিয়ে ইউরিয়েশার পরাসপস্রেট এগলে দিয়ে শাক পড়ে ফোলে ান্দিবেজা বুজালে পইল লই তলা পডরে না স্থা
test_rangpur_0125.wav,rangpur,"ইয়্যা, মোটামুটি ভালোয় হইতেচে না, ইপতারি? হ। সমস্যা নাই? না। তুই তো মনে হয় ট্যাকা দিচিস ওটে, ইপতারির জন্যে কয় টাকা দিচিস, দুইশো না কয় টাকা দিচিস? দুইশো দিচো। ও, দুইশো ট্যাকা দিচিস? হ।",ই়া মোটামুটি ভালো হইতেছেসমস্যা নাই রুধু মনে টাকা দিসিজটে ইতেরিজ্যন্য করায় আদি ২শ করে আ
test_rangpur_0126.wav,rangpur,"সেইটায়। তোমরা ইপতারি করেন না? কুনদিন? ইয়্যা? মুই ট্যাকা দিয়া দিছুং ওটে। দিছেন? হ। কতো? মুই দুইশো দিছুং আপাততো, আরও তিনশো দেইম আর কী। টোটাল পাশশো টাকা মিল করি দেইম।",লাইছেরি করে দেমুটি টকা দিয়ে রিসমটে ২ ডিসেমা ফাত আরো ৩০৫০
test_rangpur_0127.wav,rangpur,কীরে? হুহ! ওরে মশা গাড়ি দিলে ঘা। উউম! <> এলা কাইও কতা শোনে না দেহি।,ওল বুমষাগালি জেজের হালাকাহিবজা
test_rangpur_0128.wav,rangpur,"মরিয়মোক ক, মরিয়ম এলা ইয়্যা করি দিবে। মরিয়ম আচে না?",মু়মুখ মড়িমালা ইয়াগরিদিব
test_rangpur_0129.wav,rangpur,"কীরে রিংকু, কেমন আছিস? আলহামদুলিল্লাহ ভালো। তোর কী অবস্তা? এই তো আছোম মুই এক রকম আর কি। তোর সাতে কিছুক্ষণ গল্পগুচ্ছব করিম। মোবাইলোত এখনা রেকর্ডও করিম। তো তাতে কোনও সমস্যা হইবে তোর? না। সমস্যার কী আছে? তুমি বন্ধু মানুষ।",ু খ্যামনাসিস আলহামদুলি্াোত আসমকিছুকন যা গল্প কিছু কই ময়ালিথাংা রেকর্ডও ি তা কো সমস্যার ভি না সমস্যাযর কিয়বন্ধু মানুষ
test_rangpur_0130.wav,rangpur,"তুমি চাইলে রেকর্ড কেনো আরও অন্যকিচুও করতে পারো। সেটাতে কোনো প্রবলেম নাই। তয় আমরা যে জায়গাটায় আচি, এটা হচ্চে আমাদের, না, সেইটায়। স্মৃতির একটা জায়গা। না, সেটা ঠিক আচে, এখন তাইলে ইয়্যা, তোর নাম তো মুই জানোং, তুই তোর নামটা কও তো দেখোং, কী নাম তোর?",ে আরও অন্য কিছু করতে পারো কোন প্রলেম নাই ত আমরা যে জায়গাটা আছি এসিাির একটা জায়গায় এটা ঠিক আছে এখন ইামতুমি জানম চুবেরাতে নাম টাকা
test_sandwip_0001.wav,sandwip,"আর দুই-তিন দিন বাদে আইবো আর <> এডে যাইবো গৈ, কইছে নে? ফলি কইছে, দাওয়াত খাইবো নাকি? অন আর খাইতো ন, হ ও ভালো অইছে অন টিয়াঁ-হইসা নাই, অ্যা বাচি গেছেন, বাচি গেছি আইবো ভাই আইবো ছ মাস হরে, বইনের জামাই আইবো। ছ-সাত মাস হরে জামাই লই আইবো ইয়ারগোরে লই",দা অতখাইভেলেকিবাঁচে গেছে ঘনিজমা৭ থাগা
test_sandwip_0002.wav,sandwip,"হুম, আই দাওয়াত খাইবো। খাইবো অনকা তো বুজি <> হবে ইনশাআল্লাহ <> কম খরচ কচ্চে নে এন্নে, বিয়া-সাদি হইতে <>বাইত আইছে বলে, কোনো টিয়াঁ ল ন <> মাইনষে দাওয়াত দিছে গেছে",১কাগাবা টেকে অলটিংএরফলসেরা
test_sandwip_0003.wav,sandwip,"এন্নে বিয়া-সাদি চুয়াইছে, ঘরে সংসারও চইলছে, হুম, বেশি থাইকলে বেশি খরচ করে এন্নে। কি লইবেন জামাই গেলে হেসমকা? এইচ্চান অনকা মনে করেন হল-হ্রুট আছে যাইতে অইলে",২েকিনিবান্ রামেগেলের সংখ্যা
test_sandwip_0004.wav,sandwip,"হুম, হাক্কন হিডা ন নি হারা যাইবো নে? এক্কবারে এ উছিলা এক্কেবারে তিন-চাইর বারকোশ লই যাইলে গৈ <> হিডা হাক্কন হিডা, আর বাজার এক বারকোশ লইলে, চাইর-হাচ বারকোশ ভরাই লইতে অইবো, হুম, এক্কেবারে সারি যাইবো গৈ",৮নিহার ওজাবেন এুলবা়া তিনের ব্য বস বি জে লুপকন্যা হদ থাকু নিডে ১কভা১কার লে ৫ানাজ দরকাস বেড়ায় ঘর র
test_sandwip_0005.wav,sandwip,"আম-কাডল <> ধর ইয়া আছে, হল আছে তারফরে দুধ আছে আন্নের বেগগিন চইলবো। হান হইতে, শুয়ারি হইতে ব্যাক কিছু হিয়ানে, বউত টিয়াঁ লাগি যাইবো গৈ, হিয়ানে বউত টিয়াঁর দরকার",রা গিয়াছে হলাসে তারপরে দুধেছে নাবেগিে আজে শুিবদ্ধে বেটনটিরনিয়নপতী ধরকার
test_sandwip_0006.wav,sandwip,"এই তুই গোসল কইত্তি ন? হিয়া হরে কইরবো এরি। গোসল ন করি টিকন যা নে? হিয়ানেও বউত টিঁয়ার দরকার। ডাইল, চিনি, তেল এগিনেও তো লাইগবো।",ইরভিরী ঘোসলনগরে টিখানানযানট রারদ্যলসিনিটেি
test_sandwip_0007.wav,sandwip,"হাক্কন হিডার মাইদ্যে কি কি লাইগবো? কতাগগিন লাইগবো? এক এক এক বারকসের লগে তো আঁত্তে লাগে যন, দেড় কেজি দি সামাইলতে হারি নি কে কইবো, এক কেজিতে এডিক্কা লাইগবো আরি অতইলে, ধর হাঁচ, চাইলে ডাইলে ফাচ কেজি ক না",ফতাগিন ১ এজি ডিশামালকেহিনিগের ও একেিে রকেলালে দালে ফ্রাংস কেজিগন
test_sandwip_0008.wav,sandwip,"হ্যা, চাইলে-ডাইলে হাঁচ কেজি ন? ক ত ভাবি ননির মা ভাবি এ না জানে কথা ক যে হুনি আন্নের ভাইরে। মোবাইলেরলাই আইছে লাগে চাছে <> । হাচানি? হ্যা। একবার লই গেছেগোই ক চাঁছ অ ন, হিরি দি গেছে। অ,",ফালালিহাসকেজিবে ে িোাএকবার োেসপসা রিডি
test_sandwip_0009.wav,sandwip,"কেডিক্কা লাগে <> ? আক্তারের বউ জানে তো, হিয়া কইতে হাইরব। <> ? কি অবস্থা? ভালা নি? আছি ভালা। ওই ব্যাকে জাগাত যাওন দিলে খরচ লইব যে হিয়ান চিন্তা করি <> ।",ি অবস্থা মালানিবেকাআািে সহস্ত্র
test_sandwip_0010.wav,sandwip,"খিলি ফানের <> করি নিতে অইবো, চাই <> ও মাগো <> আই হায়রে, চেয়ার বেগগিন ভাঙ্গি হালাইবো <> এমিক্কা আইয়ো",েটাএসআইোন
test_sandwip_0011.wav,sandwip,"অ্যাই বিদি, হইছে থাক আর লাইগদ ন। ফ্যান ইয়া আসলও লাড়িয়ালান দরকার ইয়ান দি আঁর ভাইয়ে বড্ডাগাও একদিন অ্যাক্সিডেন্ট <> । <> । বিদি আঁই আই একদম হিডা দুমু। বেয়াদব। ওরেমা! থাক। মনি, ধইরো না। আন্নেরগো কি অবস্থা?",িা আপাইিয় পতাকরএদিনে িদে আয়া এক ভিরাধুনাকীয় অবস্থা
test_sandwip_0012.wav,sandwip,"আছি আমরা ভালা। মাইয়ার কি অবস্থা? মাইয়া তো হ্যাডে। <> ? কথা হইছে নি? আরে না, রাইতকা এক্কানা কথা দুই লফজ হইছে অন আর সকাল হইর্যন্ত মোবাইল লই কল দিতে হারি না। একবার যা দিছি, <> আইছলো, বাজারে।",াইয়ােস্থামাইথারি কালেআরাদকে একানাকাওতাদুসব জ হস্ছিযমানা সাখনে জুনমুএকার জাঁদ দিজি দাড়ি দিয়ে
test_sandwip_0013.wav,sandwip,আইজ্জা মনে হ বাজার-সাজার করে মনে হ মাসিক বাজার-টাজার করে লাগে। হু। আর হিয়ার হরেত্তে আঁর মোবাইল বন্ধ। মাইয়ার লগে সকাল হইর্যন্ত কথা হ ন। হু। <> । <> দি আইছে। ক <> দেড় ঘন্টা দুই ঘন্টা।,াদসরকার কর মাসিকেআভেরতান মোবাইল বন্দ সহাতেরিরতথাওগনা সালজে দিয়েছে টিধার
test_sandwip_0014.wav,sandwip,"ষোলশ টিয়াঁ দি অ্যাড্ডা মাছ <> । সাড়ে তিন কেজি কি বলে কোনো ব্যাপার আছে? তো হউড়ি নাই? হউড়ি নাই হউড়ি ইস্কুল গেছে। <> । ইয়া কিছে? কে দি আইছে <> ? না। কে? জামাই। ষোলশ টিয়াঁ দি মাছ উগগা লগে দি আইচে। তো জামাইরে কুডি দিত কইতা। কুডি-কাডি ইয়া মিলি দুনুগা মিলি ইয়া কইরছে মনে হ, ইয়া রাইনছে, রান্ধনের কোনো আগাও হ ন গোড়াও হ ন।",১৬শটিআডারিনাইার্১৬বেদি মাছগলজেটিারেিত ঘটিরি গারি ই়ামলি দুরমাবলি এবস্তাপনো য়ার আইনছোর আন্োল নার
test_sandwip_0015.wav,sandwip,"ওই খাইলতোইনেরে আইনছে আসমা আফা কইল আরি। ক ডিমেরে, দেড় কেজির বেশি বলে ডিম হই গেছে। ডিম দেখি মনে হয় হিয়া মাছ কিনছে, কি মাছ <> । ক মাছেরে কচালিয়েরে ডিমেরে একগিন দি বড়া বানাইছে, আরেকগিন।",ডিমেরে দ্যানগেজির বেশিগুলো টিইমুগে কিন্ুক মচকমা আসারে কসালিরেডিমেরে িনদি পডরা বানাইছে আে
test_sandwip_0016.wav,sandwip,"ক্যান্নে কইল পিস পিস করি কাডি ভাজি করছে। আসমা আফা ক এগগিনও কোন আগা-গোড়া হ ন। ক অ্যাড্ডা মাছ, ক হিয়ারে, মানি হের জামাই নাই বাইত, অ্যাড্ডা মাছের দরকার কি আইছলো হুদাই? তো ঠিকই তো। দিশ কইরতে হইব ন? কিরব হিয়া?",ামাসেনাইবাই ডেম দ
test_sandwip_0017.wav,sandwip,"<> বস মাছগিনেরে আর ক্যাউরে <> । হেতের মাইয়া আছে, খাইল্লা ফকেটেরতে খাইল্লা খরচ করে, হিসাব-কিতাব <> নাই। হিসাব-কিতাব একদম নাই, হিয়া বেশি একদম বেহিসাইব্বা। না, লিজার মাইয়াগুন এরকুম ন। আঁর মাইয়া <> রাজু এগুন দুই-তিন আউগাই গেছে যে।",হিসেব কিতেবা একদন যায় বিেশই একদম ব্যহোঅলিজামা এগুনের কূন্য
test_sandwip_0018.wav,sandwip,"মাইনষেরে কি বলে যেই খাওয়ান খাওয়া। <> বিদেশেরতে আইলে <> । ডাকি ডাকি <> ভালা-ভালা জিনিস। আরে কি ক? দামী-দামী জিনিস বেগগুন ধরি বই থা। হুম। অনকা যুদি বাইত্তে, ক বাইত্তে ন বাইর হইলে কইব মাইনষে কইব বিয়া করছে বাইত্তে বাইর হ না হেতেরলাই, <> বউরে বাইত্তে বাইর হইত। <> ক মাইনষেরে যেই খাওয়ান খাওয়া হথে-ঘাডে।",িোরািখারেক চিচও জমিনানিে বাইতোইতে ািে খামান াওয়া হ
test_sandwip_0019.wav,sandwip,"<> হোলারে <> বিয়া করানে হিয়া বাইত্তে বার অ ন, ক মানুষের লগে উইটতে অইবো বইতে অইবো, বেশি হিয়া অতিরিক্ত <> দুইন্যাদারির খবর নাই। এক্কেরে আসমা আফারে <> বানাই খাওনের একটা রাস্তা বুইজ্জেন্নে, সংসারের ধান্দা নাই তো <> ইয়ানদি ইয়ানদি ইয়ানদি, সংসারের <> এ আসমা আফা আসলে সংসারের <> হোলাইনের কান্ধে তুলি দওন আইছলো, অন হোলাইনে আসমা আফার রুজি থাকনে হোলাইনের কোনো হিসাব-কিতাব নাই, ছুডুগারে",বেশি অতিরিক্তদুই নেতারি খর াই এর ংাে এরাস্তা১সংচারে তানানা তল সংসারের দুঙ্গাল এ আসনাফা আসলে সংসটে জুঙ্গাল খান লাইনের ান্ধা তুলে দেনপোলানের োন হিসােকার শুরু কারে
test_sandwip_0020.wav,sandwip,"ছুডুগা আইজ্জা কি বলে রাস্তা-রাস্তা হুন্ডা চালা। ওতো আঁই আইছি যে হেসময় দেখছি, ফারিয়া কইলো, আঁই আইছি যে হেসময় দেখছি। হেতের ভাইর হালির বিয়া, চাচা-চাচতোইন। হ্যাঁ, <> আফু খাইছেন নি? হিয়া আইজ্জা <> । মনি <> জোরে, জোরে জোরে ইয়ান্দি ইয়ান্দি জোরে <> ।",া়কিহ কাভু খাছেনি সংসারিাদাদ
test_sandwip_0021.wav,sandwip,"ইয়ান্দি ইয়ান্দি, আরও জোরে। নাতীনেরে দি আইছে। হ্যাঁ। ইয়ান্দি, তোরে আঁর লগে রাইখছি? ইয়ান্দি, দেইখছ ন্যা? <> । <> । এরে মনা ঠাওর হাই না, হুদাহুদি জ্বালাইচ্ছা। যা উডি যা। আমড়া খাইতাম দিছে তো <> ।",াতে এরামালা ঠাওড়ায় নেহত দি চালাচ্ছে যা উঠিজায
test_sandwip_0022.wav,sandwip,"যা, ও হঞ্চাইশ টিক্কা কামাই কতাইন আছে যে, হেগিন এক্কান আইনলে অইবো। আছে ঘরে এক্কান। হেগিন আইনলে কাছায় চলি আইবো। বৌমাত্তে ন আন্নের বৌমাত্তে ন? কি? কামাইয়ান? লইছি না লাগে না কি? না। আন্নেরগো ঘরে রই গেছে তাইলে। ন চাইতে অইবো। <> ।",িগাম১াদা হেকির রয়েগেছে াে
test_sandwip_0023.wav,sandwip,"আন্নের এ কি ক হিসাব-কিতাব নাই, উগগা হোলাইনের অ সংসারিক একটা ইয়া আছে না, এগগেরে উগগার অ নাই। যিয়ান আসমা আপা অইছে একদম কথার অ হেতের মাপ কাটি, চলাও অ হেতের মাপ কাটি। হেতের উগগার অ, হোলাইনের অ, চলার অ মাপ কাটি নাই কিন্তু এমনে বিনদাস জীবন কাডায়তেছে। খাইবো ত হাগবো হেগুনে, খাইবো হেগুন। না এমনে ইয়ান খা রুজি কইরলেও ইয়া কইরলেও হাডায় দিবো এমনে মার কাছে।",হিসেবকিতাবনায় উগ্ঞহোলানেরও সংসািএা ইয়ারসনাি আসমা ফর্জে এম কতারোহিতের মাপ কাঠি ছলাআিতের মারুজগুল য়াকল হারা দিবেন
test_sandwip_0024.wav,sandwip,"এমনে ইয়ান মার কাছে থাইকলে মা আবার ইয়া করে। হিসাব-কিতাব করি চইলতো অ না? অন এ হোলাইন বাইত আছে যে, এন্নে না এন্নে না এন্নে স্বাচ্ছন্দে চলে হিয়ারা, খুব ইয়া করি ছলে এন্নে হরাকত চলে। হরাকত চলে ঠিক আছে এন্নে জমা অই রকম বুরারা মানে ছার-খার করোইন্না ন আসমা আপা। হোলাইনা এলিম অইছে এগগেরে ছারখাইররা",মাখাছে িনানামনের সাদসন্দে চলে হিয়েরা মানি খুব ইয়াখরি চলে হরাগত চলে ভরাপত ছলে িেলিমিশে কে সারকা
test_sandwip_0025.wav,sandwip,"যিয়ান-হিয়ানে <> চলে না, তবু ছুট্টুগা তো এক্কানা <> দুনুগা ছারখাইরা, যুইতের ন লাগে ছুট্টুগা। জাহিদও একসময় এরকুম আইছলো, অন বয়স অইতে অইতে, আসমা আফার হোলামাইয়া এন্নে ভালা অই যাইবো, ঠিক অইবো বউ ফিডার ফরে ঠিক অ যে, কিল্লাই কই ভালা অই যাইবো কইতে হারেন নি? আঁই ইয়ান এক্কেরে মানি সবসমে আসমা আফারে যেসমকা, কাইলকা না হউরুগা, জাহিদও যেসমকা ইয়া কইত্ত আঁই হেসমকা আসমা আফারে কতা এগিন কইছি, আঁই কই আসমা আফা দেখবেন আন্নে আংগো আরুগগা মেডাম আইছলো",দুবগা সারকারি জাহিদ হই এরাকারা ানি সবসময আসমফরাদের সঙ্া জাহিদের সঙ্গে যবত্ত আসে সংগ আসন ফর কথা াসমাপা দেখবেন ম আংয়ার গোমে রা
test_sandwip_0026.wav,sandwip,"তো হেতের হোলাইন আবার হরা-লেখা করছে বউত। তো আসমা আপার হোলাইন হরা-লখে বশি কইরতো না যে, আসমা আপার মনে খুব কষ্ট আইছলো। তো আঁই সব সমে ইয়ান কইছি, আঁই কইছি আন্নে মানি আন্নের দিক থেকে আসমা আপা সব সমে খুবই সৎ আইছলো, হেতে কোনোদিন মানি কোনো কাম কোনো দিন হেতে ইস্কুলের হোলাইনেরে হরাইতে কোনো কার্পন্ন কইরতো না। ইয়া কইরতো।",েতেরহলাইন এবার হরালা এগস্টধ ঢর লাখা বেশি করতে ন ছে ম কষ্টাস্তু তার সবসময় ইজাবিছে আনে মানি আনের দিক থেকে আসফা সহব সময় খুব ইস্ব় অত্যাশলু এতে কোনোদিন মানিক কোনও কামকোনদিন হেতে স্কুল বোলানীরা হড়াইতে কোনও কারফূন্য করত না
test_sandwip_0027.wav,sandwip,"তোই মাঝে মইধ্যে হেতে খুব মানি দুঃখ করি কইতো এরি, হোলাইন গুন যে হরালেখা করে না, মানি আঁই তো কোন দিন এক্কান বেজুইত্তা ছলা ছলি ন।আঁর হোলাইন কা হরে না? আঁই কই আসমা আফা শুধু হোলাইন হরা-লেখা কইরলে যে মানুষ অই যা এওঁনটা কিন্তু ন। আন্নে ইয়ান মনে রাইক্কেন আন্নের হোলাইন এলিম দেইখবেন",তৈমাজমী ধেতে খুব বানি দুঃখরি তেি োএকাএকে আখবাবা শুধু বলেন হরালাহাকলেজে মানুষই যেয়াউনটা কিন্তু যানমরের একেন আনের হোলা নেলেম দেখবেন
test_sandwip_0028.wav,sandwip,"হইয়সাআলা অই এরে হয়সাআলার গো হোলাইন এলিম ডাক্তার-ইঞ্জিনিয়ার অই অ হেই হোলাইনের মা রা বৃদ্ধাশ্রমে থাকে, মার গো রে চা না। আমনের হোলাইনে আমনেরে চাইবো আমনে এই ব্যপারে ইয়া থাকেন। অতিরিক্ত। ক বার ফোন কইরবো মার কাছে।",মইশালাও এরা মইশালার গ ওহলানালি ফরালা করি ডাক্তার ইঞ্জিনমারাবিদ্যাশ্রমে থাে মাু আএই ব্যাপাোে িক্
test_sandwip_0029.wav,sandwip,"লাইনো, যত ইয়া অইবো অউক সর্ব শেষ কথা এক্কেরে যত কথা কইবো কউক, যত কিছু কইরবো সর্বশেষ কথা মা যিয়ান কইবো হিয়ান। খুব-ই ইয়া, ছোডুগা অ্যাঁ উলঝল-ইয়াঝুল ইয়া ঈদের বিয়ার দুইদিন হরে মনে অ মারতে শরিল বেশি অশান্তি লাইগযে ফোন করছে যে, কাইনছে যে হিয়ার হরের দিন",যতই়ৈবক সর্বশেষ কথা একেডে যত কথা কলব যত কিছুসর্বশেষ কথা মাজিএখুবিসুটুগা এবউলজুল ইয়জুল ইদের বির দুদিহর মনমাত্র শরীর বেশি অশান্তি লেগিযে ফোনকস্সেজা কান
test_sandwip_0030.wav,sandwip,"চাঁদপুর না কোনানে ইয়ারতে নামি জাহাজেরতে নামি ছলি আইছে। আঁই কই কিরে তুই কি বলে আইতি ন না অনকা আইছত যে? ক যে ফোন করছি যে আম্মা কাইনছে যে হেগিনেরলায় ছলি আইছি। বাস্না কিন্তু মারলায় বেশি তো, হোলাইনের। এমনে কেউ নাইতো আরো বাপগা নাই। হাগ্লা-হাগ্লা টাইপের এরি এতো মানি সাংসারিক।",সাতফুন্নাগোনানে ইয়েতারুকিটদুগল আতিনঙ্কা স যক্ষ ফোন রছে জামাসাংসারিক
test_sandwip_0031.wav,sandwip,"ধান্দা জিনিসটা নে না। তুলনা মূলক ধর জাহিদের অনকা বউত অইছে, আরো অই যাইবো বয়স অইতে অইতে, বয়স হইত্তে-হইত্তে আরো সংসারিক ধান্দা হান্দি যাইবো ভিতরে। বেশি খরছিয়া, বাজারে গেলে আঁই আগেও চিরকাইতাম।",ধামদাজে নেনা তুলনামূলক জাহিদের বোধ ে আরওবয়সর তৈতে আর সংসারি যানবাহান বশিুিয় বাজারে গেলা ইয়াগচি কেতে
test_sandwip_0032.wav,sandwip,"দুই-তিন রকমের মাছ লই আইবো, কিরে তোর মা অইছে চাকরি করইন্না, খওনের <> কে কোডে আইবো, অ্যা হ্যা তো, ফিরিজ আছে নি কোনো <> ফিরিজও নাই হিয়ারগোও বাইত কারেন ঢুকে কারণ ফিরিজ থাইকলেও এনা এক্কান কতা আইচলো <> মাছ ইয়ান গইরাই গইরাই ভাঙ্গি-টাঙ্গি, গইরাই গইরাই হ্যা, ছারখার অই যাইতো ন? কোনো দরকার আছে? মানুষের আর হেতুগা খইন্না ন",তিমাওে ছাকরি ুরেফিরিজন আইবাদ কারেনঢুকেন কারণ ফিরস থাকলে ন এখান কতারা
test_sandwip_0033.wav,sandwip,"খাওইন্না কেউ শরশ ন। ব্যাক অইছে আদা মারকা খাওইন্না, তাইলে অনকা হেসমে আগেও এরকম কইরতো, আসমা আপা অই দিনকা একদিন আঁর লাগে চিরকা আঁই ফোন করছি হ ইয়া করন দিছে। বড় কি মাছ আইনছে কইলো, লটকা মাছ আইনছে আবার ইচা মাছ ও আইনছে। এতো <> কুইটতে কষ্ট অ না? আসমা আপা ক, ক দেইখছচ্ছি ক এই।",খাউনে কেলসরষ্ট ব্যাগোচে আতামা গাখাউনে তালে অঙ্কা হে ে একিন আোনে মা
test_sandwip_0034.wav,sandwip,"আঁই কই এগিন হিয়ার আতে কুডান, ক হিয়া কি এগিন কি কুইটবেল্লায় কি বই রইছে নে? হিয়া তো ধাইছেগোই, এগিন হালায় থুই। আনি দি আর খাড়া নে? অ্যাঁ আনি দি আর খারাইছে নে হিয়া ধাইছোগোই। <>। গোসল করি আগোই। <> । আঁই গোসল করি ঘুম যাইতাম ন।",আগেইনিয়া রাতে কুটানকহিয়া গিয়া ইনকুটবেলাকি বিয
test_sandwip_0035.wav,sandwip,"আন্নে বুইজ্জেন্নি ইয়া কিছু কইছেযে? দিতা হেইঞ্জির মারা কোডে আছে? কি দিতাম? খাইজ্জাই দিতো কোনান্দি লাগে দিতা মাথা খা ঘেডি খাইজ্জাই দিতাম? ঘেডির ইয়ানে, অ্যা, মাথার ইয়ান্দি হুরাগা খাইজ্জা। আল্লাহ! কি রাইনছেন আইজ্জা আন্নেরা",নিয়ে কিছু পচে কিরেনসেনার জানারা
test_sandwip_0036.wav,sandwip,"আইজ্জা আমরা রান্দি ন, কাইলকা ইয়ারগোল্লাই রাইনছি যে হেগিন রই গেছে, খাইল্লা চেওঁয়া মাছ দি দুগা বাঁয়ন রান্দি দিছি। কামাই আইনছচ্ছে? কি কামাই? <>। অন ইয়ান্দি <> লম্বা-টম্বা আছে নে? বৌমা লই ইয়াত্তে চাই ন, <> । আঁত্তে কেউ এক্কান কিছু হাবি-যাবি <>। আঁইতো দরকার সাইরতাত্তাম ন।",িনাকামায
test_sandwip_0037.wav,sandwip,"উডি খারা ইয়া বেদিশা অই গেছে, মাথা খাইজ্জাই লইছে যে, গরমে আরো মাথাও খাইজ্জা, <>। বেডি ইয়া আঁর <> কতট্টা ডেমা হাইছে <>। অন আঁই ঠাওর হাই না খাইল্লা যুদ্ধ করিচ্ছা তো, সাদিয়া আপুর মাথাত উঁন নাই আঁর মাথাত উঁন। সাদিয়া আপুরলাই আঁর বাস্না বেশি হেন্নেরতে তুরলায় বাস্না নাই। আঁই যাই গোই। ইয়ান ব্যাকে জানেনে? সাদিয়া আপু আঁরতন <> । এক্কানা কামাই খান টোয়াই হান নি চান তো ভাবি।",ওনার খা অভায় নেখােন োখলএকামােন্ট হ্যানি সানত
test_sandwip_0038.wav,sandwip,ভাত কি যাই খাই আইছে ন্যা? <> বাইজলে মনে হয় যাই খাই আইয়ে লাগে। হ্যাঁ যাই খাই আইয়ে। আছে না? যাই খাই আইয়ে।,বাকি দেখাইছে্যাঁা
test_sandwip_0039.wav,sandwip,"<> আঁরে ক আঁই মাছ উগগা লই গেছি ইয়া কইত্তে ইয়ারগো দেড় ঘন্টা দুই ঘন্টা লাইগবো। কি মাছ জিজ্ঞাইছি <> কোনোরকম আবার কুনগা কুনগা আছে, ইয়া এক্কান ক উইয়া এক্কান ক। কোনোরকম মাছ ইয়া যে কি মাছ ইয়ান কইতে হারে না মনয়, আসমা আফারাও কইতে হারে না, হুম",গেছি কি মেজিজ্ঞেসিনামকোনরকম আরকঙ্গ হুঙ্গা ছবিইয়া একান্ক হইয়া একান্ক কোনো রকম মাসইয়েজে কিই মেছিন কৈচে৮
test_sandwip_0040.wav,sandwip,<> কুনগা লই দিছে বলে <>,পুলদিসিগুলোগেনসিংঘ সিয়উতিলিক্তিআি
test_sandwip_0041.wav,sandwip,কী? এগুন সিফটিফিন। এগুন আফুর সিফটিফিন। আঁই কাইলকা লটকা মাছ দি বাইয়ন রাইনছি। আইজ্জা হইলা ভাত লই যাই ন।,অবস্থিত কিবিআইকালগালত মাদিবায়নাহলোতল জেনও
test_sandwip_0042.wav,sandwip,"মনে করছি। হরে আসমা আফা আই ক, 'আঁই তো মনে করছি হও ভাতেরলাই বুলি হাডাইবো <> '। আঁই কই না ভাত খাইয়ালাইছি ইয়া করছি এহন ইয়ারলাই সহ আনাইছি <> হোটেলেরতে? হোটেলেরতে <> আনাইছি।",াজমকা হইগোক আইটে মনচক বােবিলেহনাসি
test_sandwip_0043.wav,sandwip,"বশার স্যার যাওন দিছে নি, হেন্নে বশার স্যারের হাতে আবার আনাইছি। আসমা আফা ক আঁই আগে বাইত যাই চাইছি মানি হ নি, হইছে টইছে নি কোন রান্ধা। হেগিনেরলাই বুলি আংগো বাইত গেছিল।",বসাসাকামিসিনি হেনে বাআসমগ আইনাগেবার যেঁসেছিঅনিরি নামা
test_sandwip_0044.wav,sandwip,"আল্লাহ ভাবি আঁই ঠাওর হাইনাই কিচ্ছু। আরে বন্দা ঠাওর হাইনাই বইললাম তো, মাইয়া বুঝে নি দেইখছেন নি? মাইয়ার মাথা আদাই হুড়ি গেছিল। <> দুই-তিনবার বই হিয়ার <> একবার আঁচুড়ছে, আঁই দুইবার-তিনবার আঁচুড়ি।",বিনখারআরে বন্দা খামাভাইনে বইলমত মাইয়া বুঝেনি দেখিলিা
test_sandwip_0045.wav,sandwip,"কইছে <> হাইতো ন, হরিরে তেল-তুলা দিবেল্লাই সোন্দর হরিরগোরে দিলে, নানি হরিরে দিলে দেওয়াই দিবো তো আচুড়ি-টাচুড়ি দিবো ওইরকুম <> না তো আঁই কইছি কামাই এক্কান আনি দিতো",নোহরিহা কেন ওহরিরেট্যান তুলে দিবেলেসন্দরহর ইজগরে দিলে নানিহতদের দিলে দেযাদিবত
test_sandwip_0046.wav,sandwip,"বারিন্দাত যাই বুইচ্ছ নি, হিয়ান তো কই ন। কি ক হুনেন না। ক জেম্মা যেডে হুইতব আঁইও হেডে হুতমু। <> ক তুই যাবি ন্যা? এগিন করি করি ঘুরি-গারি একবার বারিন্দাত যা একবার <> । ক যে না চুপ্পাই চুপ্পাই। ভাত তো কোন একটা বাজে খাইয়ালাইছে ঘুম যা ন। হু। আঁই দেইখছি। নুসরাতে? হ্যাঁ। হু।",েতাপতিনেিটি্রেমাতা ঢুকুইএংে কু়িগিলেুা১ে
test_sandwip_0047.wav,sandwip,"আল্লাহ আল্লাহ ওইচ্চ, তুই আঁল্লগে কিয়েল্লাই আইছত, আঁই আইছি মোবাইলেল্লাই, চাজ কেরকুম অইছে <> হরে না, না, না এগিন ভালা ক না",কিানাএগিনবালাকামা
test_sandwip_0048.wav,sandwip,"ইয়ান দি হরে, কতুগগুন হচ্চে? হুম হচ্চে, সোন্দর করি <> হরে <> মাতা <> সরচ্চা, নিচে এনা হরি যা লাগে বেগগুন",বোাের াতা াুজসরস্ নিচোনাহলী জেলায়
test_sandwip_0049.wav,sandwip,"চাই চাই কোই ইয়ান দি দেখা যাইতোনো চাই সর। এই তোর মার গাত হইরবো, উঠ। আম্মার <>",এতো মাকাথ
test_sandwip_0050.wav,sandwip,"আর দেখা যা না হারজানা আছে নে, না? আছে না গেছে গৈ? হিয়া হিয়ার আগের দিন গেছে গৈ। হিয়ার জামাইর এক্সিডেন অইছে। কি অইছে হিয়ার জামাইর আবার? ওরে মা! হিয়ার জামাই গ্লাসে করি বলে ইয়ার ওঁসে, অবারড্রবের ওঁসে না কিয়ের ওঁসে হেগুনে <> দিছে।",আা আেনেনিফি়জামার এগ্লাসিলে
test_sandwip_0051.wav,sandwip,"হুম। অন গ্লাস ইয়া কি লইতো গেছে না কি কিয়ের লগে হরি যন দিছে কেন্নে হাতের লগে লাগি, হেতে গ্লাস ইয়ারে ধইত্তো গেছে হরি যা যে। হেন্নে বস। কাডি রক্ত, ভাসি গেছে গৈ। কোনো রকমে বন্ধ কইরতারে নো। শেষে যাই কি বলে <> ডাক্তারের কাছে নিছে",গ্লাশি কি লোট গেছে নাকি গিহেলগে বাঘরিজন িসিকেতলা এে গ্লাস কারক্তভাষে কিছু কোন ভুমবন্ধঘতের সযলাটের কাছ নিচে
test_sandwip_0052.wav,sandwip,"<> সিলাই কচ্চে, অল আসমা আফার আতও দেখলাম যে হুয়াই গেছে কিন্তু <> এক ধরনের <> আঙ্গুলেরে ইয়া কইত্তে হারে না, বাবা আত এক্কান কাডিও তো আইজ্জা ক দিন <>",মাফারাহতা দেখলেম যে কেহুওইগেছে কিন্তু জিলিপ বেতুটিস একধরনের আঙুলেরে তেলেনা
test_sandwip_0053.wav,sandwip,"আসমা আফা এগগেরে বুইড়া আঙ্গুলের ইয়া, জাহিদ্দারে ক ইয়া শাহিদারে কইলো এগগেরে কোদাল-কোদাল উডি গেছিলো বলে <>",সাঈদেরও বলেও একেরকদালগোদালুডিকেকিব
test_sandwip_0054.wav,sandwip,<> তো আঁই তোরে কইছি নে <>,নাচুরকজুন্মুভবসািসর
test_sandwip_0055.wav,sandwip,"<> আসমা আফারও শান্তি নাই, এন্নে বারো মাস <> ট্যানশান বেশি করে। ইয়াত্তুনো হোলাইনের ধান্ধ-টান্ধা ন থাকনে সংসার-টংসার লই, ট্যানশন",এনে১া২মাসাওািেটেনসান বেশিা দান্দারানদান ও ঠাকুনের সংসেটন ফেল
test_sandwip_0056.wav,sandwip,"নিজে ট্যানশন বেশি করে <> মহিলারা যখন সবকিছু লই ধান্ধা করন লাগে, হেসব মহিলারগো আসলে বউত ইয়া। ধান্ধা কারো, ও মনি তোর মাতাত হইরবো <>",েহিলা া যখন সবকিছুলে দান্দা খরনলাগে এসক মহিলারো আসলে ি বন্ধাকার ওমানিতর মাতাথৈট্ব
test_sandwip_0057.wav,sandwip,ধান্ধা কারো উফরে ছাড়ি <> হিয়ান অইছে একরকমের ইয়া <>,নান্ডা কার ওপরে ছাড়িদেওয়া ইনিফ্যাকনিয় স
test_sandwip_0058.wav,sandwip,"<> ফ্যান <> উড়ে, আল্লাহ, ভাবি আম্মা <> খাড়া <>",া
test_sandwip_0059.wav,sandwip,"যাচ্চা আইতেছি তো, ধইয্য এক্কারেও নাই <> কোই কোনানদি আঁই তো দেই না কিছু, এন্ডে আইছে হরি কইছে শাড়ি হিয়ানতে <> হিনতে অইলে",সাআইতসিতদৈর্যক কারণাকুচে শারি নিত
test_sandwip_0060.wav,sandwip,"আইছে হইয্যন্ত শাড়ি খুলি ক মা আঁর গা কি হাতল অই গেছে, অন এবার যাইবের সময় ক বাবা আঁই কেন্নে থাকমু শাড়ি হিন্দি আদাই কি গরম আরো হিনতে হারে না। হরি এন্নে হিন্দাই দিলে আবার হেতে খুলি যা গৈ, ক দিনের ভিত্তে কি কাম করমু খালি শাড়ি ঠিক কইত্তে <> শেষ অই যা",ত সারুমাগাখি হতঅনেবে তাঁ বিশেমক বাবা কেনে থাকম শাহখিরমারোহীন পেরে না হরিয়াহিন্দিদিতে আবারএতে খুলি জাগর কদ্ে নিরতে কী খ্ামকন খালে শারিরিকৃুষ্করচ
test_sandwip_0061.wav,sandwip,"আঁই যাইবেল্লাই <> আইচ্ছা কতুগা সিলাইছি অইবার, খাইল্যা ঈদ্যা তিন স্যুট সিলাইছি, আরেক স্যুটের কাফর অব ঘরে আনি থুইছে। অন এবার আঁরে ক আম্মা এগুন দি আন্নে সিলাই হালাইয়েন <>",াবেলাই নাতলা গাটছে কুদুগেছিলে সইবের খালি ইকদে তিনচু ছিলেছি আরএক সুটের কাফর অবগরােলারবআমা
test_sandwip_0062.wav,sandwip,বিয়ার মনয় হোনর-বিশ দিন আগে ব্যাগ আইনছে উগগা হাঁচশ টিয়াঁ দি আবার <> হুম <>,মোমন টসদিনেগাদায় গানিছিউজন হাসিগাবেনি
test_sandwip_0063.wav,sandwip,"<> গুরা-গুরা, কাইল্যা কোই না আঁই কোই আঁত্তে লাগে যাবি গৈ যে হেন্নেত্তে হেডিক্কা খাইল্যা সিলাইছত কতাইন। বাফে ফোন কচ্চে, বাফে রাইতকা আইছে যে বাফের <> ওদ্দুরা খেয়াল নাই, যাইবো গৈ যে হিয়ান মনেও নাই, আম্মু <> অন যাইবের আগে <> তেলগিন দেওয়াই দি, মাতা ধুইছে আঁরে ক মা মাতা ধুমনে <> ধুইয়ালা",নিয়া এখ আতালাগাযা বিবিজেহেতে িকা খেলে শিলিশৎকোতা় বাবানদাবের আগে
test_sandwip_0064.wav,sandwip,"আম্মা, তো মাতা ধুইছি হিয়ার আগের দিন <> হুম <> অ্যা আইচ্ছা য খ গৈ য, হুম <> লাগাই থুইবা, দজ্জা লাগাই থুইবা ঠিকাছে? কি?",াঅাথিবেদ্দ থাগাি
test_sandwip_0065.wav,sandwip,"বাফে আইছে যে হিয়ান <> ও মাতাত তেল দন দিছি বাফে ফোন কচ্চে, তো আঁই কোই বাফেরে কচ্চা তোর আব্বুরে কচ্চা যাইবি গৈ যে। বাফে কি কি কইছে বাফেরে ক আল্লাহর হওলা, তো আঁই কোই কি আল্লাহর হওলা কইছত, মোবাইলও তো রাখি দিলে মাইনষে আল্লাহর হওলা ক কিয়েল্লাই আল্লাহর হওলা কইছত, তো তুই যাইবি গৈ যে ইয়ান তোর বাফেরে কবি না, মাইয়াহোলা হাসন শুরু কচ্চে। আঁই কোই আল্লাহ মুনিয়া তোর কোনদিনে যে তোর বুদ্ধি অইবো আঁই তো বুইজলাম না কিছু",াকিমোবাইলে তো তার াখে দিল মা চাকি্লা় আাতুই জাবে গরিযেন্তর বাফর কবিনিয়া মায় অলা আসন জুটুক সগে আলামুনিয়েত্রপূণ্দি নিযেতর বুদ্ধিমা
test_sandwip_0066.wav,sandwip,"আইয়ো আইজ্জা আসমা আফা ইস্কুলে আইয়োন দিছে হেসময় <> বলে ক এ বাইত ভালা লাগে না। হরে আসমা আফার বইন ঝি ক কি বলে ক কা ভালা লাগে না কা, হেডেও মা আছে এডেও মা আছে, ব্যাক আছে তাও ভালা লাগে না কা",যাসওার স্কুলাইসে াুনো পাহে ে িকরুলোকাবালা লাগে নাখে হ্যাডোমাসএাডোমাসে ব্যাকাসে তাও ভালা লাগে নাকা
test_sandwip_0067.wav,sandwip,"<> যাইবের সময় ক আরেক্কান দিন থাইকতে হাইল্লে ভালো অইতো। ক এডে আইছি যে ছোত করি যন দিন গেছে গৈ। জামাই ক আম্মা দেখছেন নি মুনিয়া আঁত্তুন লাগে কি হাগল না কি আঁই বুঝি না, কি বলে হিয়ার দিন ছোত করি গেছে গৈ অন হিয়া আরো একদিন থাইকতো চা, একদিন বাড়াইছে অন আরো একদিন থাইকতো চা",ি সকরেজন দিন গেয়েছিলেন হাগল নাকি একজিনে কিের দিন ছ্রিগেছ বনি একদিন থুকতেছ একদিন বাড়াইছে অনার একদিন থেকতেছা
test_sandwip_0068.wav,sandwip,"<> আচ্ছারাপ যার যার দিন <> যাইবো গৈ কোডে, আচ্ছারাপ ইয়া অই যাইবো <> আঁর নাতি, আঁই বেগগিন <> আন্নে যেরকুম গেছে হিয়ান হিসাব কইল্লে অল অই যা গৈ",গিডানানেজেকুম গ্েছে নিয়েহিসেব করজে
test_sandwip_0069.wav,sandwip,"আঁর মতন হেই <> অনকা আঁর আম্মা আইজ্জা দুফুরে ক, আই ভাত দু-গা খাই যাচ্চা <> মনে ক না যন, হইলা ইস্কুল এডে নিয়োগ অইছে যে, হইলা হইলা ভাবি আঁই",তনইজাউনিয় ঘারামা যেদু বুর হইবার দুগা খাইজে সাইুলে স্কুল এিেবশিত হইলেওলেভাবি আই ছা
test_sandwip_0070.wav,sandwip,"জোড় করি হাডি যাইতাম গৈ <> যাই ভাত খাই চলি আইতাম। শক্তিও লাইগদো যন, গাড়ি হাইলে তো হাইতাম। সবসময় তো গাড়ি হওন যা না, হুম <> বেলার ফরে, হইলা <> অনকা যন আঁরে বাইরাইলেও মনে ক না যাইতাম, দিনকাল অই গেলে আচ্ছারাপ যার যার ইয়া তার তার তে যা গৈ",ুরিয ানিজে টেমুি জেলেতাবাথাছলদুজন গাড়ি হালে তাঁকেন স নারিালর হেইমা নৌষো অনকাজন আরবায়রেলেয়ার মনো
test_sandwip_0071.wav,sandwip,"<> আর অনকা তো এক্কেরে মোটেও এবারে কোরবাইন্না এগগেরে যাই ন, বউত চাইছে আঁর মাইয়ালিমেও চাইছে নিবেল্লাই, আঁর আম্মা আব্বাও। মনে ক না যন শরীলও, আর শরীলও এক ডিক্কা যন বেতাইল্লা অই গেছে গৈ এক্কেরে, অশান্তি অশান্তি অশান্তি",আরঙকাতা খেরে মোট টয় ব্যারাইগ করবে নানছা় চাহলিমোসাইজিনি ে
test_sandwip_0072.wav,sandwip,"জ্বর-জোর ক, এগগেরে রেগুলার জ্বর থাকে। এখন একবার ব্লাড টেস্ট করন দরকার, রক্ত হরিক্কা একবার ন কইল্লে আঁর, লিটইন্নার বাফে আইলে যদি কোনো সমইস্যা ধরা খা",ি গোলোনেবা ফাইলে যদি কোন সমস্যা ধরাফ
test_sandwip_0073.wav,sandwip,"তোই অত কাইত করি হালাই ফিডা দিবো আগে একবার, হিয়ারহরে জিজ্ঞাসা কইরবো, মানে আগেভাগে চিকিৎসা করে ন, না হেতে এক্কানাও দেখতে হারে না হেগিন, এই কোনো অসুখ-বিসুখ লই আইলসামি করে না। এক্কারে অফছন্দ করে, মানি বিরক্ত হেতে এই <> ইয়ান লইয়েরে",া ফিরাতিহেসিৎেকোন অসুধবিশক্ত আশিএ ক্যা অপছন্বিরক্ত
test_sandwip_0074.wav,sandwip,"<> অসুখ-বিসুখেরে কিয়ারে <> মারি মারি চা, আর চাকরি করইন্না মানুষের আবার কিয়ের ইয়া অসুখ-বিসুখ, ওইচ্চ <> এডে লই আইছে, বাইত যা য য বাইত য, এক্কানাও দেখতে হারে না <> য আফুরে কও কাডি দি <> না না কাডি খ গৈ য",েরে কি এরাু ১ড ইসি োাযোগযগ
test_sandwip_0075.wav,sandwip,"য কাডি খ গৈ, এন্নে <> আম্মা কাডি দুম। আর ওষুধও, ওষুধ-দাবাইও ভাবি ওই লইলে খাইতাম হারি না। য্যাড্ডা য্যাড্ডা ট্যাবলেট টোঁডা দি নামে না <>",অসুদ্ধাবাযভাবেও লইলে থাকে ভারিলেভেডব্যজদব ট্যাবলেট
test_sandwip_0076.wav,sandwip,"বড় বড় ট্যাবলেটের জ্বালায় অষুধও খাই না ডাক্তারের কাছেও যাই না। গা-হাতে যন কি দুক্কান দুক্কাই, হাড্ডির ভিত্তে ভিত্তে ব্যাথা দুক্কাই, গিড়া-গিড়া <> দুক্কাই আঁই <>",ট্যাবলেটের গাঁ ল ওসু দোকাই নিয়া ডাক্তারগাতেজল কিদুকা দুা আি বিতিগিরে ঘীরে উ্যু ে
test_sandwip_0077.wav,sandwip,"আঁরে আসমা আফা কইতো যে চাই থাইকতাম, ক্যামনে এরকুম ব্যাথা হেতে কত রকমের ইয়া <> ইঞ্জেকশন <> ক মা কাম করি যে যন গা-আতে লাগে না এমনে কাম আস্তে-আস্তে করি, ক কাম যে হেতে করে ইয়ান কেও কইতেও হাইত্ত ন এডিক্কা",আারে সােনতম ব্যপারতে নিরে এমেিটি বিন্ধের সনোকাম জাইতে করেন ক র
test_sandwip_0078.wav,sandwip,"<> হুম, হেতেগো বাড়িত এন্নেও সমইস্যা আছে ন? হুম <> গেলে তো ডল্লাগে আঁর <> আওয়াজ নাই <>",াধালায় হোক কর আি
test_sandwip_0079.wav,sandwip,"এরকুম <> আম্মা হোরকা, আইচ্ছা আম এগুন তো হোরকা ন ওদিনকাও উগগা দেইখলাম হোরকা, হুম <> ওদিনও উগগা দেখছি এরকুম হোরকা, রাখ আম্মা কাডি দুম <> না",আমু দুহুরপল অধিক্রগ দেখলঅদিনি়গদেছিনা
test_sandwip_0080.wav,sandwip,"<> আছে কাডি দিতো, যা আফুরে ক গৈ আফু এ ঘরে আছে মনয়, ইয়া <> ইয়ানতে উগগা ল মনি, না না, অইতো ইয়ানতে ল, না <> ছারখার করিয়ালাইবো, য আফুরে ক গৈ আফু ইয়া আম্মা কইছে কাডি <> দে কাইটতে হাইল্লে কাডি খা গৈ যা, অ্যা, কাইটতে হাইল্লে কাডি খা গৈ <> আফুরে ক গৈ <> কি কইছে হিয়া",বমারম ন্তুগল অমনেতে
test_sandwip_0081.wav,sandwip,"এরে মাইয়া আঁই কিচ্ছু টোয়াই হাই না, ভাবি আঁই যন, অইচে আর চওন লাইগদো ন অল্ফ ইয়ান দি যা <> গেছে, কানা অই গেছি গৈ, কিচ্চু দেই না <>",িকচুা ওচার সংলাগজন অে যাহে টানামাদি নেম
test_sandwip_0082.wav,sandwip,"<> এগিন দি আচুইড়লে <> ইয়া অ না, হরি যা গৈ। মাইয়া মাতারে বাইনতোও ন ঠিকমতো <> তেলও দে না <> এড্ডা মাইয়া অনকা হিয়ার চুল ও তো মাতার মইদ্যে বড় চুল ন, গুড়া-গুড়া চুল",ইয়া মাতারের পানতে নো ঠিকমতার বাড়তে আলদা না একডামাই ংকাকিয়াছগুলোতম
test_sandwip_0083.wav,sandwip,"বিরক্ত লাগে আঁর এক্কারে, আঁর গুরা দুনুগার চুল আছে <> মার গিন ও তো অন এড্ডা অই গেছে লাগে, হে হেগুন তো আরো সার আছে গোড়াত হেগুন <> কিছু এডিক্কা <> বুড়া মাইনষেরও চুল কড্ডা কড্ডা অই গেছে কাস্যে যে হালাই দিছে যন, ঠিকমতো তেল-তুলাও দে না",িরক্তাআরগোরাজনস্লে িেসাফিকমধে তেল তুলেওদো
test_sandwip_0084.wav,sandwip,"হেগুনের ভিতরেত্তে <> ইয়া এক্কারে বিরক্ত লাগে, ইয়ার চুলের জাত কি সোন্দর আইছলো, ইয়া চুল যত্ন করে না যে চুল অনকা এগগেরে নষ্ট অই যন দিছে <> গরম ও ঝি",বিক্যাশারাই একাডেমি রক্তলাগলেন ইস্কুলে জাপ সন্রাস ত যত্ন করানযায় শ্রােল
test_sandwip_0085.wav,sandwip,"খালাম্মা ইয়া তারফরেও চুলে উন দেখা না বাল, অ্যা তো এবার তোর বাফ আইলে আরুগগা করাইতে অইবো হ্যা? আইয়ো না, উন চাইবেল্লাই, অ একসমে ইগার মাতার ইয়ানে তো গুরা থাইকতে চুল আইছলো ইয়ার, আঁই আন্নের রাইতকা মোবাইলের লাইট <> দি ইয়ার মাতার <> উগগা উনও থাইকতো না",একসমগের মাথা নীরত বুরো দেখতে ছুল আইআনের রাগকে মোবালে লােি
test_sandwip_0086.wav,sandwip,"আর অনকা গুরাগার মাতা আচইল্লে হ গুরাগার মাতাত্তে উন বাইর অইবো, কিছু দেই না ওই হাতাই-হাতাই ইয়া <> কি ক গাছিয়ালিম টানি-টানি লই",আরুরেদার মাতা ঙাুরও আতাই ১কাগ্রাসিলন টানিটেনে
test_sandwip_0087.wav,sandwip,"<> মাইজ্জাগা তো চুল ধইত্তেও দে না <> হুজালি উগগা হাইছি, মাইজ্জা <> মাইজ্জাগা হাতও দিতো না, মাতার মাইদ্যে হাত দিতে দিতো না হিয়া <> আছে",মারযারাত সুলরতে ওজেগলাসমার্জার হত অদিত েি
test_sandwip_0088.wav,sandwip,"<> তুঁই তো <> কাতি মাসের মাইদ্যে <> মাইনষে ওই মাইয়ার বা দেই ছ মাসে ন মাছে একবার, অন <> শাহবুদ্দিন্না ক তোর নানি গেছে গৈ নে মনির ধারে, ক গেছে গৈ",গৌভবেবকাংভানেতমানে গে করিয়ছ
test_sandwip_0089.wav,sandwip,"হেতে আইতো ন, ও মা কি অবস্থা, আঁই কোই গেছে গৈ অন আইছে, অন আবার আইছে? <> ক ও বউ এতে কি শুরু কচ্চে, কিলা ক এগিন মোড়ের মিক্কা <> অনকা আইছে? অ্যা, কাইল্লা রাইত দুইটা <> কোই ছিলো? <> ক্যান্নে থাকছ ফেরত, হারাদিন হাতাছ",কী্সঅনাবারািভাই তেকেশুরে অনকাইসেদুটিা
test_sandwip_0090.wav,sandwip,"<> আঁর মাইয়া গেছে যে আঁই দম খিচি রইছি, হুম, জাহিদে আঁরে ক ইয়ারে ক মুনিয়ারে ক আম্মারে আজা করি ধর না, আঁর তো মানি আঁই খিচি রইছি আঁই যদি হিয়া চোখের হানি এক্কানা দেখে হেতে আরো শেষ অই যাইবো গৈ, অ্যা <> হেতে <> একদম <> করিয়ালাইছে, তো আঁই কোই অন করচ কিল্লাই দেওচ্চা আম্মা হাসি যে দেওচ্চা",কম নিয়রকাত মানি আক হিচিবি চা ঝুদিয়ে ছোখরা নিয়ে কানাদ্দা হেঁতে আরও আসাসুজএতেমনএকধম চলস্তে রিলেছে তাগম করছ
test_sandwip_0091.wav,sandwip,"এবার মাইয়া যেন্নে গেছে আঁই তো আর <> আঁর আর চোখের হানিল্লাই আর দুইন্না দেই না <> কাওড়-চোড় উইয়ানে কাওড়-চোড় উইয়ানে <> তোই ইয়া মনয় এক্কারে রাইতের আট টা ন টা হইয্যন্ত, হাঁজে আর কিছু কুনুগা খাও ন, মাইয়া <> কি শুরু কচ্চে এক্কারে",এবেরমাই়াজানে গেছে আইতার মোটসত ইয়েমনা কেরেরাতে রা ৯া
test_sandwip_0092.wav,sandwip,"তোই শেষে যাই <> এডিক্কা <> ফোন কচ্চে <> এডিক্কা <> ইয়া আইয়ে না ধরেন <> ঘুমে আইছলো <> কে? আন্নে ফোন কচ্চেন যে, অ্যা <> ঘুমে আইছলাম <>",কোনকিএ া
test_sandwip_0093.wav,sandwip,এ সামনে থাইকলে <> কোরবাইন্না <> আন্নে <> দু গাত্তে উগগা <> আঁর সামনে নাই <>,১াক মেজরজেনে১দ অযোগ্য রোনে
test_sandwip_0094.wav,sandwip,<> কোই কাইন্দেন না <> এডিক্কা ব্যকে দিতে অইবো ব্যাকে ইয়া ফুত-ঝি বার করি ব্যাকে দিতে অইবো <>,ােখএিকে ব একইদিকভেবেগিয়ে বুজিবােন
test_sandwip_0095.wav,sandwip,"হে হইসাগুন দিবেল্লাই বলি ইয়া কইরবেল্লাই, দিতে অইবো ব্যাক আন্নেরা আছেন না? মুনিয়া জামাইরে কি ক কইতে হাইরবেন নি? ক বাড়ি-ঘর এক্কানা <> মিক্কা লই আইয়েন না",রাসেরনা আম্মারিখি বৈদ লিখুবারাকােিক
test_sandwip_0096.wav,sandwip,"<> আরেক্কানা হেমিক্কা লই আইতো কাছে লই আইতো, আঁই কোই মাইনষে চিটাং বিয়া দে, ঢাকা বিয়া দে, বিদেশ লই যা গৈ <> কাছে, মাইনষে কত মিক্কা লই যা গৈ মাইয়া-ছাইয়ারে <> হত্তিদিন একবাই আই একবার যাই হিয়ানে, দূরে কোডে দূরে অইলে, কিসমত ভালা আছে কাছে-কিনারে আছে, কাছে তো আদাই, যে হিসেবে <> আঁই তো বা যাই ন যে আঁই জানি না",কানোমারজেন্সিকতজরযাতয় জোমূলও তূজারাইহ ত্রদিন একবার একবাজািটিস মোদ্যালাসেকােতলেবে গাইদুবাজা
test_sandwip_0097.wav,sandwip,"আন্নে ইয়ানতে আঁই এন্নে সিএনজি লোকাল গেলে আন্নে অটো লোকাল গেলে হিয়ান তে, তো একদিন যাইয়েন যাই চাই আই, তিরিশ টিয়াঁ দি উডি তিরিশ টিয়াঁ দি আই, হ্যা, আরে আন্নে ইয়া আংগো রিস্তাল্লাই কি রইছে হে রিস্তাত্তে <> কোই অইছে যাইলে <>",নিআরামিেনজিে আঙগুর স্তা লেখি ঝেহেদ স্তাতেদা মি
test_sandwip_0098.wav,sandwip,"যাইতাম <> সমে <> আইছিলো আইজ্জা ইস্কুলে, ইয়ারে কোলে করি লই যাই কি কি লই-টই দিছে <> আইয়ে হত্তিদিন আইয়ে ইস্কুলে <>",দোকানে বপাইরাবানবাই
test_sandwip_0099.wav,sandwip,"<> ইয়া আইছে তো ফাতেমা আইছে, কাইলকা না হউরুগা বউ কইছে, ফাতেমা <> অন আঁই কোই কতুগা টিয়াঁর বই কিনছি ইয়া চাইর-হাঁচ মাসেল্লাই হরিক্কাখান দেওয়াইতাম, ক কি চাকরি কইরবো? আংগো ফলির জামাইর <> মাস্টরি <> চাকরি কইল্লে টিয়াঁগুন কে খাইবো? মাস্টরি কইরবো নে? কোনো চাকরি-টাকরির দরকার নাই",কিসাকিউপাদ্যা তযাদি সাকিাগুি
test_sandwip_0100.wav,sandwip,"তো আঁই কোই <> আঁই যেতুগা খরচ কচ্চি হেগুন দি হালাও আঁরে, ক কত খরচ কচ্চেন হিসাব করেন <> তোই শেষে <> আইচ্চা ঠিকাছে হরামু, সরকারি চাকরি করা লাওয়ামু অন অইলে ঠিকাছে, হেদিন ক আম্মা দরকার নাই <> হরালেখা যেগিন কচ্চে <> এক্কান সাটিফিকেট অইলেও <> সামনে ভবিষ্যৎ <> সামনে <> ক আম্মা মাইনষে কইবো মাস্টরের হুতের বৌ",াইেতু খরচ করছে এং দি কলতা খরচ করছে নিশ্চেপ করেন াে েকাচে জিকেছা হরান সরকারি চাকরিকারািরেদের সামনে নিশের ামে াকিছুলার নয কনমাঠি ভবে মা
test_sandwip_0101.wav,sandwip,"<> দেখছেন নি ক, কি কইবো হেগুনেরে এন্নে কইলে এন্নে ঘুরা এন্নে কইলে এন্নে ক, এডিক্কা দ <> মাস্টরি কইরবেন নে <> কি? <> কই? অ্যা? <> আম উগগা আছে কাডি দিতে ক য <> কাডি <> ইয়া কি হোচা ন?",াগুলেনঘুরে আমনে কইলনও
test_sandwip_0102.wav,sandwip,"আম্মু <> কে? <> কে? জাহিদ ভাইয়া? অ্যা, কি কইছে হিয়া <> কি ক? জাহিদ ভাইয়ার কি সমইস্যা <> আইছলো <>",ইেনকিখুসি িতিখিকে াইপে কিছু
test_sandwip_0103.wav,sandwip,"<> মামনি ইগা এক্কানা ছিরি গেছে, অ্যা হইরবি <> হেরকুম দেওয়া অইছে",হযালওগিজা
test_sandwip_0104.wav,sandwip,"যার ইয়া তেত্তে বুজে, তুই তো দুনিয়ার <> আইছচ, তুই দুনিয়া সম্পর্কে তোর কি ধারণা আছে চাই আরে হিয়ান ক, হরিক্কা <> অ্যা, না হরিক্কা দিলে হিচাইতো ন হরিক্কা দি আরো ফেরেশানিত হইরবো হিয়া। আঁই হেগিনেল্লাই বলি কিছু কোই না, কি <> হইরবো?",উতদুনেরবার দি যস্তুদুনিয় সম্পর্কে কুর কি দা়নানাগদিকে দিনে কিছুত মহরিকে দিযই আরকারাচানি
test_sandwip_0105.wav,sandwip,"<> হইরবো, আসমা আফা অইছে হরালেখাত বেশি ভালা মানুষ, অ্যা, হেতে গার্লস স্কুলে ফার্স্ট গার্ল আইছলো, তো কিছে? তো হেতে হেরকুম মাইনষে যে ফরালেখাত ভালা মাইনষের হেরগো ইয়া চাহিদার ফরিমাণও বেশি থাকে",াত বেশি বালা মানুষ হেদে াস্কুলের ফা্টগাভেতের এগু মান্শের ড্রেনরাঘাত বালা মেচেনে এব ইয়েলসাহিদার পরিমাণও বেশি
test_sandwip_0106.wav,sandwip,"হেতের হোলাইন হইত্তে ন হারনের সবচেয়ে বড় কারণ ইয়ান, আঁর দিষ্টিতে ইয়ান, কিয়েল্লাই ইয়ান? অতিরিক্ত করে হেতের ইয়ান অইছে একদম হান্ডেডে হান্ডেড আইতে অইবো। আংগো এগুনেরে তো আমরা ছাড়ি দিছি, আংগো ইয়ানে তো এখন অব্দি হরাল্লাই কোনো চাপ নাই",য়ারনের সবচেয়ে বড় কার নিযে র আবৃষ্টিতেঅতিরিক্ত করে হেতেরই এনচে একদম হান দেডে হান্ডের াটি আঙ্গুলোর কামরা সারি দিছি এমিয়ারেতো একলব্দি অরালায় কোন সাপলাই
test_sandwip_0107.wav,sandwip,"আন্নের এগগেরে ছোডো বেলাত্তে এখন অব্দি আঁই কোনোদিন এই কতাগান কোই ন যে ফাস্ট অইতে অইবো, তঁর রোল নং এক অইতে অইবো এরকম কোনো চাপ আঁই কোনোদিন দি ন। তারফরে নব্বই হাইতে অইবো একশত আসমা আফার হোলাইন যদি ক <>",আনে সুরবা রাগতে এখনোদি আই কোনদিন হেরাই গতা কৈন দুই ফাস্টতির্ব তরুণ রং একৈর্ব এব গোনসাভা়তারপরে ৯০্বই হ্যাইতে পেরেছেন আজমাফার হো লাইন যু বিক্রম হাসহত
test_sandwip_0108.wav,sandwip,"শাস্তি মানা লাগে, এই হিয়াল্লগে <> হরালেখা তো কোনো মশকারা ন, হিয়াল্লগে ইয়া, হেতে অইত্যাধিক <> ও আম্মা, ইয়ানে কোনো সন্দেহ নাই এ ব্যাফারে আঁই কোই ন ইয়াল্লাই। আঁই কোই ন কিল্লাই হেতের মানি চাহিদা বউত বেশি, হরালেখার ব্যাফারে হেতের চাহিদা বউত বড়",াকামান মাস ফেরানো হিএােপের ওত্তারিখে বেনের কোন সম্পর্ক নাই এ ্যার আইহলি গেলা এতা মানিক সামিদা বুদ্বিশ াগাগাবা
test_sandwip_0109.wav,sandwip,"হেতেরে এই কতাখান আঁই কইলেও কানে থাইকতো ন, আঁই <> শাহিদারে দেখছি যে আঁই, ওগুনেরে তো দেই ন শাহিদার ইয়া দেখছি না, হেতে অন্যন্য মাস্টররা যেরকুম চা হোলাইনেরে এক্কারে বইয়াই থুইতে হেতেও হেরকুম, হরালেখার ক্ষেত্রে হেতে হেরকুম চা <> একদম মানি চাফি ধরি হরাইতো ইয়া কইত্ত",সাই সাইতেসিজইন অবনতা দেইনও এতে অন্যন্য মাসরাদেরসাহএক
test_sandwip_0110.wav,sandwip,"<> আঁই কতা <> অ বেডি আঁই আর ইয়া করি ন, আঁই হেগিনেল্লাই বলি আঁই আর কোনোসময় কিছু কোই ন, আর দরকারও নাই হুদাহুদি <> আম্মা <>",আরআই আর লেগরিনআইাণ এ
test_sandwip_0111.wav,sandwip,"<> ওডা, আন্তাইজ্জা কতা, কি আন্তাইজ্জা কতা <> আঁই কমু কোডে যও হিয়া ক সিনেমা হলেত যাইবো হ্যা <> হাই ইস্কুলে <> হিয়ানে তো ছবি <> হিয়ার গালের কতা <>",আদহপরাজ বথ নারিদেলাআইি ভাি জিে সকলদে এরে
test_sandwip_0112.wav,sandwip,"একদিন ক্লাসে দুই বছর আইছলো, দুই বছর থাকার কারণ আছে, কি মিছা কতা ক? হিয়া কইছে কি হুনো, আরে কতা কম, হিয়া আঁরে কি কইছে কইতে হাইরবা নি <> হিয়া <> ন আঁই জানি না আঁত্তুনো <> হিয়া আন্নের ওই কিচ্চে, এক বছর মা তো ইস্কুল যা ন। হাইস্কুল গেলে গৈ হোলাইনের হিচে হিচে হাডে অনকা তুই যে ইস্কুল যাচ্চ তুই যে <> বই রইছচ আঁই কেন্নে কইতে হারমু",ালিআইদানেনে আত্মতি মিয়ানেরওএকটিসে একবছর মাত স্কুজেনহাইসুলগেল ওবহলএনেন্জি জারানুযী সুদাত দিগিলে বলিশ্নাকাম
test_sandwip_0113.wav,sandwip,"আর হিয়া তো তুই তো মাইয়া অইয়েরে তোরগিন <> তো হিয়ারগো হোলারগিন <> হোলারগিন মা কেন্নে কইতে হাইরবো, হোলা তো হেডেত্তে আইয়ে কইছে আঁরে নতুন সাইরকেল লই দিছে ভাইয়া ইস্কুল <> দিছে নতুন সাইরকেল লই, বাড়ির মাইদ্যে আরো বাউত্তা কতুগুন আছে হেগুন লই হেতে <> কুদে, কদিন ওই বাইত যা, কদিন এ বাইত গেলে হে বাইত যা একদিন ওই বাইত যা, এভাবে দিন কাডাইতেছে মা তো আর কইতে হাইত্ত ন",আনি এত অপিক মাইের তর্গিনাগলে ভানি নতুবিরে বুহুল আরধিনােনে পোলালিমারেনে বহুল আতাহারে তাই মিছে নতুন সাইকের ওই পাড়িমে তার বা়তেুনে গল েনরিখুডে কদিনবের যা কদিনিহা় দিনের বে যায়দিনে বযে এব্বদিন কেটাযেচছে মাতা প্রতিক
test_sandwip_0114.wav,sandwip,"ক মাস হরে একদিন ইস্কুল আইছে বেতন-টেতন দিবেল্লাই, নইলে ফতম সাময়িক হরিক্কার সময় না দ্বিতীয় সাময়িক হরিক্কার সময় <> মাতা যে হেতে ক কোনোদিন নাই, দুই-চাইর মাস অই গেছে কোনো উফস্থিতি নাই। হরে জিজ্ঞাইলে অবস্থা ক আন্নের হোলারে তো দেখছি যেও বউত দিন অইছে, স্যারেরা ক",কমা ঘরে একিন ফুলাইছে বেগনডগন দিবেলাই মনোফত বেন ে ােবনিাই করজিগেলে ্
test_sandwip_0115.wav,sandwip,"শেষে আর কিরবো, শেষে হিয়ারগো এই <> হুরা বছর গেছে গৈ ইয়াতে, আর কি <> হেতে তো এন্নে এন্নে হাশ করি হার অই গেছে গৈ, হেই হাশ আসমা আফারে <> ভালো স্টুডেন্ট যেগুন এগুনের হিসাব অইছে হয় ভালা কইত্তে অইবো আর নইলে ছাড়ি যাইতে অইবো। এগুনের হিসাব বেগগুনের",সাইসারকির বোধেআসেহেবহেহেতািরে পুরো বছর কেছকরইয়াে আরকি চােবল স্টুডেন্টেএগুনের হিসেব ঐইসে হয় বালা কইতেবা
test_sandwip_0116.wav,sandwip,"এগুনেরে হরা যে <> আনোয়ার স্যার, হেতে নাকি আন্নের আংগো হেড স্যারে কইতো আজিজ স্যার এরি, ফয়সাল মাস্টরে। হেতে সবসময় কইতো, কইতো ইয়া মানি সবচেয়ে ভালো ইস্টুডেন্ট আইছলো। আইএ ফাশ কইরবের হরে ভালোভাবে হইত্তে হারে ন যে আর হরে ন",লোরা হরাতে ান অসার এইতেনকি আনের আংবহাট সাএে সবসম্যখতগত ইয়ামানি সবচেয়ে ভালো স্টুডনএস আয়েভসভরে ভালোভাবে হত্যার
test_sandwip_0117.wav,sandwip,"হরালেখা ছাড়ি দিছে অথচ যে ভালো মানের মাস্টর কিন্তু, মাইনষে ক যে হুনেন্না বেশি খাইতো চাইলে অল্ফের লাগুর ও হা না <> এ অবস্থা, হরে দি হরালেখা করে ন? অ্যা? হরে দি? এতে আইএ ফাশ কইরবের হর আর হরে ন তো, তো এত কতা কেন্নে <>",অথচ যেভলমানের মাস্টার িন্তু মাজে কজমনে না বেশি ঘেতেসারেই এটাই
test_sandwip_0118.wav,sandwip,হেতে তো আইএ ফইয্যন্ত সবকিছুর মাস্টর <> হচ্চে যে হিয়ান হেই হইয্যন্ত হচ্চে। মানি কোনান দি আর বাকি থো ন। এগগেরে হান্ডেডে হান্ডেড হাউন্না ইস্টুডেন্ট হেতে অইছে বুইজ্জনে একশ তে একশ হা যে হে ইস্টুডেন্ট। আসমা আফার আসমা আফার মাইয়ার লেখা এগিন আসমা আফা ক,হেঁপে পাওয়া আয়এ পর্যন্ত সবকিছু মস্তা ল হইয়ানে সেরযোদসে ি কোনানি়া পাখি থোনও ানোনে৮মর মায়ঙের লেখা ় গ্রাচ
test_sandwip_0119.wav,sandwip,"আসমা আফার লেখা <> একচ, কিন্তু <> আফুর লেখাও সুন্দর <> চলি আইবো <> লেখাও সুন্দর, আসমা আফার লেখাও। হোলাইনের লেখাও সুন্দর অইবো হোলাইন জাহিদের খাতা আঁই দেখি ন",৮ মপাল লেিাবুল্লাগরসৌন্দ্য আখো ওলা নিলাহসৌন্দ তাই দেখিন
test_sandwip_0120.wav,sandwip,"শাহিদার মত হচ্চে, মানি হেতের একদম কড়া-কাডা আইতে অইবো, আম্মা, দরকার অইলে ইয়ান একশ বার চেষ্টা কইরবা, একশ বার দরকার অইলে আমি চেষ্টা করমু। আংগো ইয়ারে আংগো ইয়ারে এই আসমা আফার মতো চাইয়েরে এত হরালেখা কচ্চত দেখি আংগো ইয়া <> না",েতের একদমকরাহারায়দখল নিনে ১৫আগ়ে গেরে আমিেএ ামকা এলা
test_sandwip_0121.wav,sandwip,"কইলাম না আন্নেরে এক্কবারে বেশি খাইতো চাইলে অল্ফর লাগুরও হাওন যা না <> ফেশার বেশি হেতের, হুম, হরালেখার ব্যাফারে অতিরিক্ত ফেশার। এই অনকা নাতিন উগগা আছে যে, নাতিনের ব্যাফারে হেতে আরেক্কানা দুর্বল আছে, হেতের মাইয়াও। এক্কারে মানি আংগো",এবংআনাতিনুাজতেতালদু বাএকারে মাইনি ওআগো
test_sandwip_0122.wav,sandwip,"<> মাইয়া দুই মাস <> দুই মাস-তিন মাসের বড় <> জান দিয়ালা, হুম <> দুই-তিন মাসের বড়। মাইয়া তো এন্নে গ্রোথ-টোথ মানি লম্বা-টম্বা অইছে <> নাইমতাম কইছিলাম জাহিদেরে ক থাইকতো ন, ইয়া করি দেন <> এখন মাইয়া এই মাইয়ারে হরাই <> এমন ফেশার দিবো আঁই <>",ম্যাচ তিনম্যাে া২তাের বর মাইঅ্াতাএনে টোথমানি ম্ামাই়া
test_sandwip_0123.wav,sandwip,"<> আঁই কোই এত <> ফেশার দেওনের কি দরকার, যার যার দিনে হেতের ফড়া আচ্ছারাপ আই যাইবো <> হরাত যাইবো, আস্তে-আস্তে শিখবো। দেখি দেখি শিখবো, আস্তে-ধীরে দেখি যেগিন শিখে হেগিন হোলাইনেত্তে সহজ অই যা গৈ <>",এতযকাতাদিনে নিতে হরা আ্ার হয়াশিবেখি দে দিয়ে শিছো আখাদিরে ইিঞ্শি নেই
test_sandwip_0124.wav,sandwip,"<> আঁই ইয়ান আংগো বিথিরে বউত কিছু শিখাইছি, বিথি আঁর নুসরাতের বয়সী। বিথি এক্সফাট আছিলো, অনকা কি আছে? কিচ্ছে? আঁর চাচি উগগা আঁর ভাই এগুনে হরালেখা কইত্ত যে তো কইতো এগিন <> হরালেখা নে, হরালেখার মতন হরালেখা ন অইলে সোন্দর আছে নে, আমার ছেলেরে আমি আদর্শবান বানামু, আমার ছেলে ব্যাকের উফরে থাইকবো",আইয়র আগো বিকিরে বোধ খি সুশি গেছি ব্রিতে আংুসরাদের বয়সে বিথিএ্াক্স ফািাসিন াইউএকনেকা হরাখপড় লেখার মথে ধরা লাখাআমার ছেলে গ্রামে আলশএকরুপ করে থাকবে
test_sandwip_0125.wav,sandwip,"কে <> আঁর চাচি উগগা আঁর চাচতাই উগগারে, উগগা হোলা উগগা মাইয়া। দোনোজন এক ক্লাসে, আঁর ভাই যে ক্লাসে হেতের হোলাও হে ক্লাসে। লাস্ট হইয্যন্ত হেতেরে হোলা মেট্টিক ফাশও কইত্তে হাইরলো না। নাইন হইয্যন্ত হরি সোজা ঠুস অই গেছে",দৌনজনা একলাস আর্ভাইজার ক্লাসাইদের হলো আস াশটা ৩িন্তাতেলামেটিফাসে ব পেল নানযানিজ্জানতা হরে সলাঠুস
test_sandwip_0126.wav,sandwip,"আঁর ভাই আল্লাহ বাচাইলে আইএ ফাশ করিয়ালাইছে ছুট্টুগা। এমনে ফেশার দিলে, হয় পেশারে কোনো হোলাইন আসলে অইলে হে <> হোলাইন বউত বাধ্য হোলাইন লাগে। আংগো ফরিবারের মইদ্যে আঁই আর আঁর ভাই মাইজ্জাগা আমরা ফেশারে অইছি",ে হয়প্রযাশারে কোন গোলা নাশনা উলসু বুতআঙ্গ পরিবারের মধ্যে আই আ়াবা
test_sandwip_0127.wav,sandwip,"আঁর ভাইয়া-টাইয়া এগুন আইছলো <> আংগোরে ফেশার দিয়েরে ঠিক করন লাইগযে। আংগো মারা চাফের উফরে রাখি ঠিক কচ্চে। আমরাও মাইনছি, আংগো হোলামাইয়া আংগোরে মাইনবো? এই ফেশার দিলে হরালেখা ছাড়ি দিবো <>",আরপানিরা এব্রস্ন এ্যামনিলাই আযঙগরে পেশারবিআমরা মানছি আমলআমে ংরোমাইন্ডও এই ব্যাসার দিলে অলাধাতারগিে
test_sandwip_0128.wav,sandwip,"<> কাইলকা আঁরে ক আম্মা মামা ছুট্টুগা বিয়া করে ন <> তো বিয়া কচ্চে, আঁই কোই না করে ন, ক হন অইলে তো আঁই থাইকতে থাইকতে কইল্লে তো <> আঁই কোই না এন্নে অব নামে ন বিয়াল্লাই সুযোগ হাইলে মানি ইয়া কইরবো",মামাম সটুরা বিয়ে নও আেিাইগেনা এনে অবনামন বিলআই সুজুকালেি
test_sandwip_0129.wav,sandwip,"<> অনকার হোলাইনেরে ভাইরে অনকার হোলাইন অইলে অইবো ন অইলে নাই, কেন্নে ক যে আল্লাহর রাস্তাত হালাই দ এ হিসেবে। শুধু শুধু নিজের টিয়াঁ খরচ কর ইয়া কর, আর অনকার বলি ন আঁর কাছে মনে অয় যে হোলাইন নিজেত্তে হইত্ত চা না, হে হোলাইনেরে আর হুদাহুদি চেষ্টা করি অরান অনের কোনো মানি নাই <> অ না",অঙ্গানুলারেরের বাইরে কারু াইন অলিবনও লেনা ১েবাজালারস্তালাদ হিসেবে শুধু শুধু নিজের টিয়ে খরচকর হইয়া করা আর অঙকারল না কাথম অনষ দিয়ে গুলাইন নি যেতে হইতোসানা হেয়েওলারেরা আগুদ
test_sandwip_0130.wav,sandwip,"আঁর একদম ইয়া আঁত্তে একদম আংগো ইয়ারে কইলাম না যদি আঁই আন্নের ফেশার দিতাম এরকুম, আংগো ইয়া হরালেখা বউত আগে ছাড়ি দিতো, আঁই <> হিয়াত্তে যদি কইতাম যে তুঁই এত ইয়া করন লাইগবো",আরএকআরএকদম আঙুইের হইলেন না যুদি আই়ানের ফ্যাশাদিদে মেরবু আঙ অলকতাইয়া যদি কইতে য ২ এইয়া বনা লাগব
test_sandwip_0131.wav,sandwip,"<> এন্নে ইয়ান ভাঙ্গি যাইবোনে, হেশার দিলে <> এবার মেট্টিক হরিক্কাত যদি খারাপ রেজাল যদি মশকরা আইয়ে <> আঁর আংগো ইয়ারে তো তেলাইতে তেলাইতে বাফে খবদ্দার, আঁত্ত নলমাল কোনো রেজাল্ট এন্নে হেন্নে রেজাল্ট আঁর আঁর অইতো ন আঁই <> ব্যাকে ক আন্নে একদিন আঁরে, যেন্নে ইচ্ছা হেন্নে চলক কিন্তু, একদিন আঁরে কইছেন যে আঁই হুইনছি, হরালেখা ন কইল্লে বিয়া দিয়ালাইবেন, আসলে <> হিয়াল্লাই কইছেন দিয়ালাইবেন যে?",এনেই এক বাংী জীবনের ভ্যাসা তিনি নিবেন এবের মেটিকর ে যদি খারাপ রেসালতুদি মশকারাইআত মালপুনার্ানাসেহনএকদিন আরো কসেনজাইহুনজি া ে বিয়ে নাসূল রহমান হিাখ রেছ
test_sylhet_0001.wav,sylhet,"<> হুম আরো, আরো কতা ওইছে যেছাই যেকুনু জিনিস আমরাও দেকি কিচ্চু একটা বানাইয়া দিলে সবে খাওয়া ওয়। খেও মজা খইলে কিন্তু বালা লাগে। ওনেক ওটাউ আরকি তান শখ। হুম। গরু তো বাদ। গরুউ বাদ দেইন না। তারা খইতে, খইতে <> ওখন আর যুগ রইলো নি গরু ফালার। হ্যাঁ।",সেখোনে এ সং্দ্েহতিকজিকিৎসকরামান এনতে জবে হওয়ায় মহজাহিরুতগৌ্ুবাদবিন না তালাপলকে কখনআ মুঘুলুর
test_sylhet_0002.wav,sylhet,"<> এখ গতো এখটা গরু ফালছোইন মানে ওউ গরু খয় না নি? গাভি ওউ না জিও মানে বাচ্চা যে ওয় খালি নষ্ট ওই যায়। খালি নষ্ট ওই যায়। তেবু ওগুরে ফালছোইন। ওতা খরি, খরি মানে লস তো। দুধ তো যে সময় দুধ আছিল সেইল খরছোইন। দুধ সেইল খরতা।",এ কত একটা করপালচ মানোবিচাআতিগুা রিমান এল অস্তভুক্ত সেসময় দুদা সেলথে
test_sylhet_0003.wav,sylhet,"বাট যখন দুধও দেয় না কিচ্ছু নায় ইগুরে ফালতে ফালতে তারা জিওয় আরকি। ওখন লন্ডন তানো বাই আইছোইন। ওলা কইন বাত,দুধ খাইতা। ওন তান বালা লাগে না। গরু না <> ছলা। লাস্টে এদিন বেছিয়া খালি খরছোইন। ওইযায় বাক্কা কয়েখ বছর।",উুদোদে নাকি চুনাইগুরে ফালতে হতে তারা জোয়ার নলন্ন তনে পাই ইুাইানবলামে
test_sylhet_0004.wav,sylhet,তে শেষ খরছোইন ওখন বুলে। খামোখা না নি ইগুর তলে মেহনত। আর যে মানে নিট এন্ড ক্লিন আরকি। গিয়া দেখবা মানুষ যেমন গুমাইতে ফারবো। গরু গর গরুর গর না। তারার গরোর লগেউ। আগে আছিল মানে যে সময় ছাছা তারার জাগা আলাদা ওইছে না। ওনো ফালছোইন। ওহন বাড়ির বিতরে ফারম না নি? যেছা আইলেউ গন্দ লাগে।,থামহ়ানগোটলএম্যানয়াযে ন নিজন টিরি নাকি ক্যারে়াবা যেমন মানুষগুম ইতুাবরগলবড়লারই
test_sylhet_0005.wav,sylhet,সবো খইলা যে ফারম হরাইলাইতা। ওহ। ওউ বাদে হরাইয়া অন্য জাগাত নিছোইন। অন্য জাগাত নিলে ইলা আরো ইগোন তানে যাওয়া আওয়া যাওয়া। সবতা <> আস্তে আস্তে ছাড়াইয়া একটা <> জাগাত তাইন ফাললানে। ইটাও তো খেও বালা ফার না। তান গরো সবে খয় খালি আরকি। এখন আর বয়সো রইলো নি। আর ইগুর তলে মেহনত কিতা টাইম-টেবুল খানি। ফজর ওক্ত সময় উঠা। <> তাইন উঠোইন।,অন্য জায়গা আংে লিলা যাওয়াই একটা বানজামিটতফিউোপান়ুব় শুগুতলের মেহনপিাডবুল খানি পরজ েমনটর
test_sylhet_0006.wav,sylhet,"<> এগুলির খানি দেওয়া ইগুর ইও খরা। <> গর ফরিষ্কার খরা এখন এগুলা করতে ইও <> মানে ইটার তলে আলাদা ইফোর্ট দেওয়া। ক্লিননেস কুবই। এমনে আমরাও যদি যাই হুম আমরাতো দরো, অব্যাস ওই গেছে গন্দ তেমন একটা লাগে না।",টইগুরি সানি দোয়াইবর রিাে এটা তলে আলালাইনে উঠবোই দল্ক অব্যাস়িগেছ বন্ধতেমনে াগেন
test_sylhet_0007.wav,sylhet,"এহন বাট এমনে তো সবো খয় গন্দ তো আর গন্দোউ। বাট এমনে ক্লিন। আমরাও যে যাই আই। মাইনষের গরু গর তো ইলা ক্লিন তাখে না। কারন ই সবসময় যা করোইন তো কুব যত্ন দিয়া করোইন। ইটাই। আগে তো মানুষ আছিল। দুইটা তিনটা হুম মানুষ আছিল, খরছে। ওখন তো আর একটাও। নিজেও খরোইন আর টুকটাক মাইনষে খরে।",এমনি তো সাভব বন্ধুতর বন্গবর এমনেটিে জা়াইযাখন খুব যত্ন দেয়া ে কেতো মাংষাকি
test_sylhet_0008.wav,sylhet,"আসলে ওনেক মজা। কইও ছাছিরে? খইমুনে ওই কেইক দেয় তারারে। কেইক দিলে না খেনে? কেইক আর ইগু কিতা দিতাম। আন্টি আর কিতা খাইতাম। না, না না, না <> ছুটোমুটো পিস ইকান তুমি এখন দুই পিস করতায়।",ওঅধ্যা কেখানি আসাহাইান
test_sylhet_0009.wav,sylhet,"<> কেমনে কিতা ওয় বিষয় <> কুনু গতকালকে নি আছিল না পরশুদিন? অ্যা। মানে কি রকম ফালোইন করোইন না করোইন আরকি। পূজা আরকি পূজার প্রতম দিন আমরা আগের দিন নিরামিষ খাইতে ওয়। মাস-বিস খাইতে ওয় না। আমিষ বুঝছেন? আঞ্চলিক বাষায় মাতোইন আন্টি সিলেটি ভাষায় কইন। আচ্চা, আচ্চা। ইও দিন পূজার প্রতম দিন আমরা নিরামিষ খাই। খাইয়া-টাইয়া প্রতমে পরের দিন ঘুম তাকি উঠিয়া",গতকাল কেনি়াকাপশ মানে কী রকম কালন করেন না হরেনআকে ক প্রথম দিন আমরা আগে দিন রা নির আকে আইসিলেটি বাসা়জার প্রথম দি নালীর আবিশ কাই হা়টির প্রথমে পরের দিন গুল তেকে উঠিয়া
test_sylhet_0010.wav,sylhet,"স্নান-টান খরিয়া কিচ্চু না খাইয়া <> আমরা অঞ্জুলি প্রদান খরি আরকি ঠাকুরোর গাছে। মন্ত্র উচ্চারণ খরিয়া অঞ্জুলি প্রদান খইরা প্রসাদ খাওয়া অয়। ইদিন ইদিনো আমরা নিরামিষ খাই। আমিষ খাই না। দুইদিন খাওয়া অয়। আইচ্চা তে। আর <> বই-খাতা। বই, ঠাকুরোর খাছে বই নিবেদন দেওয়া অয়। বই, খাতা, খলম। ইদিন আমরা ফড়াশোনা <> অয় না।",ানটান করিয়া কিচ্ছু না হাইয়া আমরা নি প্রধার জনি প্রধান ্োশা যদিন অরানির আমি ে আমিাবোয় হাত ওই চাকুরের কাছে বইনিবেদন দেওয়াবই আাকাকলমি তি নামটা পড়াশোনা ড়া
test_sylhet_0011.wav,sylhet,"ফড়া লাগে নাই। যেদিন ফূজা অয়, এদিন খেউ ফড়ে না <> সরসত্তীর খাজে ইদিন আমরা টাইমটা ইয়ো খরি বিসর্জন দেই। মানে এদিন ফাইনাল সব বই-খাতা অখল তান খাছে অর্পণ খরা অয়। আর অইলো গিয়া ফূজা <> প্রসাদ-উসাদ খাওয়া অয়। খাওয়ার ফরের দিন তো মার, পূজার পদ্ধতি বলবো নাকি?",ুটুযাওয়া এদেন কেউ করেনি তরােিনামা টাইবটা ইউমনের বিশর জিে আইনে সব বই খাটাবাল কালকাচলপল রে আরগুগিয়া পুজাসত প্রশাসক খাওয়া হাওয়ার পরের তেউ তো াপূজার পদ্ধতি বলম নাকেরি
test_sylhet_0012.wav,sylhet,"সবতা অই খইন। সবতা <> ঠাকুরের ফূজা খরো <> ঠাকুরের <> সিলেটি ভাষায় <> এ ঠাকুর আইছে ফূজা খরাইয়া ফূজা-উজা খরিয়া ঠাকুর, ঠাকুরের তো বিদি-বিধান, মন্ত্র-তন্ত্র আছে। তারা অনো ফূজা খরোইন। ফূজা শেষ অইলে ফরে ঠাকুররে অঞ্জুলি দেওয়া অইবো। অঞ্জুলি দেওয়া অইলে",ন রত পর্াতা ঠাকুরে ভুচাকা পাইসা চাকুরা ইচাপুপুচাগারে পূজারজা করিয়া দাচাকুরেত বিদ্যেই বিদ্যালয় েতা আছে তারা তারা প্রাপুঁজশে শইলে পড়ে চাকর অঙজলি দেওয়া হইব অঞ্জলি দেহে
test_sylhet_0013.wav,sylhet,"মন্ত্র উচ্চারণ, অঞ্জুলি দেওয়া আরকি <> দেওয়ার ফরে তারফরে আমরা প্রসাদটা খাই। প্রসাদ টাইমের বিত্রে খরতায়। যেমন পঞ্চমী তিথিতে আমরা বারোটা ফর্যন্ত আছে, ও মা! বারোটা ফর্যন্ত, বারোটার ভিতরে খরতে অইবো ফূজা। আর যদি একটার টাইম থাখে পঞ্চমী তিথি তাইলে একটার সময়। যেসময়ের যে টাইমটা, যেদিন যেসময় যে টাইম থাখে, ই টাইমের বিত্রে ফূজাটা খরতে অয়।",লি দেয় দেয়ার পরে তার পরে আমরা প্রসার করে ক্রাইমের ভৃত্র করতে পঞ্চমই তিথেক রা ১২টা পর্যন্ত হবে ১২টা পর্যন্ত ১২টা ঢিতরে ১র্তনতো্চা যদি ১কটার টাইম টাকা পর্যমি তিতেই তালে একটা সময যেসময় যে টাইমটার্ট দেদিন যেসময যে টাইম কার এ টাইমে বিক্তো উপচাটা
test_sylhet_0014.wav,sylhet,ফূজা করিয়া তার ফরে আমরা প্রসাদটা খাইয়া তারপরে শেষ ফূজাটা <> তারপর সন্ধ্যার সময় <> নিই। সন্ধ্যা আরতি খরা অয়। সাংস্কৃতিক অনুষ্ঠান। ধর্মীয় <> ধর্মীয় গান আছে না? মা সরসত্তীরে গান-টান নিবেদন খরা <> আর ফরের দিন আক,পূজা করিয়া তাঁদ পরে আমলা প্রাসাদটা খাইয়া তাঁফের শেষ পূজাটে এব সন্ধ্া সং করগনী সনদাড়াজ্জ করা হয় তার শান্তি তন চে ধর্মী উজযমে ধর্মীয় গা ন াছে নামার শ্বশ ি গান চান নিবেদন করে নেিপরের দিন াকি
test_sylhet_0015.wav,sylhet,"পূজা শেষ ওইলে সবাইরে <> অত্র এলাকাত যতো মানুষ আছে সবাইরে প্রসাদ <> খাওয়ানো ওয়। কেউ খিচুড়ি খাওয়ায় <> কেউ দরোইন মিষ্টি জাতীয় জিনিস <> জাতীয় জিনিস ইগুলো খাওয়ায়। <> উৎসব, আনন্দ উৎসব <> দরোইন গান, বাজনা, নৃত্য <> যে যা পারে সাংস্কৃতিক অনুষ্ঠান ইগুলো হয়।",ংা সবাই রপোরছ অত্রলারা যেতমান এসবাই পোশাক সামন হয় একটি চিরখাওয়কেলধরে বৃষ্টি যাকে জিনি কেউশ্ব আন্দ উৎ্ব ধরেন কান বাঁগনানিত্য গয়েচেয করে সেতি অং্া
test_sylhet_0016.wav,sylhet,<> তারফরে দরোইন ইয়োতে <> পূজা শেষ হওয়ার পরের দিন <> অঞ্জলি <> রাত্রে তারা সবাই আনন্দ-টানন্দ খরলো। <> খরার ফরে ফরের দিন মার খাছে আওয়ার <> আমরা ইয়ো খরার ইটা খয় <> ওউ কী খরা ওয় <> ঠাকুররে <>,তার পরোজনিয়তে খুঁজা শেষ হওয়ার পরের দিন ি জুনি দাহলে না রে রাকাতারা সবা় আলোগতন্ত ফর্ন করার পরে পরের দিন মা র াঁতে ওয়ার আমরা ওরিওতি মেয়ে
test_sylhet_0017.wav,sylhet,"<> গাড়িতে নিয়ে ইয়ো খরা হয়। <> আঞ্চলিক ভাষা যেটা আইচ্ছা খইন ওটাই ইটারে কিতা খয় জানি খইবাইন আরকি। <> ঠাকুররে লইয়া যে বাড়ায়? <> বিসর্জন, বিসর্জন <> আনন্দ খরার লাগি রাস্তা, রোডো-উডো যায় তারা গাড়ি নিয়ে, মারে নিয়ে যায়। <> নেওয়ার ফরে আইসা <> বিসর্জন",গাড়িতে নিয়ে আঞ্চলিক ভোখায় জোটা খোয়েন ওন্ডায়ি না হয়ে জা ঠাকুরেলি এেছে বাড়া় বিসর্জন বিসর্জন দেয়া় জসর দিন াকি নেয়ের আন্দ ়ালেগ রাক্তার গা রুরুডি যায় তারা গাড়ি নিয়ে মারেময়ে যায় নেয়পর আইসে বিষরটি
test_sylhet_0018.wav,sylhet,"<> ওটা দূর্গা পূজাত খরোইন নানি? না সব পূজাত <> দূর্গা পূজাতও খরি, স্বরসতী পূজাতও খরি। দূর্গা পূজাটা সবচেয়ে বড় <> দর্মীয় উৎসব আমরার। আচ্ছা তে দূর্গা পূজা লইয়া কিচ্ছু খইন। <> আন্টি আঞ্চলিক ভাষায় <> খইবা। দূর্গা পূজা তো আমরার তিন দিন অনুষ্ঠান ওয়। <> মুট ওইলো দূর্গা পূজা ষষ্ঠী",দুর্গাপোজা পরি নানি না যাও যাতা পরে াুজাটাম সবচেয়ে বড় দলদুর্গা ফুজালো় কিুআসলি আসা় গলজাত আমা তিন দিনটুলে দুগাবুজের শাশটি
test_sylhet_0019.wav,sylhet,"ষষ্ঠীর আগের দিন <> সবাই নিরামিষ-টিরামিষ খায়। অনেখে খায়। অনেখে খায় না। <> ইটা <> কিন্তু আমরা বেশিরবাগ সময় খাই। নিরামিষ খাই। <> তিন দিন আমরা <> নিরামিষ খাই। <> দশমীর দিন ইদিন নিরামিষ খাওয়া <> সেদিন সবাই ভালো খায়। মাছ, মাংস, পিঠা-টিটা মানে <> আফনেরা তো <>",০ি আগের দিন ধর সবাই নিয়ায় মিশেমিস খায় অনেকে খায় অনেকে খান েতে যা় দিদত আমরা বেশিমেক সময় খাযই েনা বিশ কারে কিনদিনামরানি ব্যমিশা় ৬০দশমিক দিন আমরা এদিন রমিস়সেদিন সবাই ভালো হয় মাপিছআচা
test_sylhet_0020.wav,sylhet,"ফ্রতমা তিকা শুরু ওয় কিতা <> প্রতমা না <> ষষ্ঠীর দিন শুরু হয়। ষষ্ঠীর দিন ফর প্রথমে সন্ধ্যার সময় বেল গাছের নিচে পূজা খরা ওয়। <> বেল গাছের নিচে পূজা খরা ওয় প্রথম দিন। <> টাইম আছে, ষষ্ঠীর টাইম।",গত মানাইকে ৬ষটি গ্রিসন সৃষ্টি দিন পরপরথমে সন্ধ্যার সময় বেলগাছে নিচে ভোঁজা করা দশদিনস বেলগাছের নিথি খূঁজা করার প্রথম দিন তুসন্ধ্যা সনত ১টা টাইম েতে শষ্টির ট্রাই
test_sylhet_0021.wav,sylhet,<> টাইমের বিত্রে পূজাটা খরতে ওয় বেল গাছের নিচে। <> তারফরে প্রথম দিন <> পূজাটা ওয় সপ্তমী পূজা। সপ্তমী পূজার দিন <> সবাই আমরা <> না খেয়ে মার খাছে গিয় অঞ্জলি প্রদান <> পূজা ঠাকুরে খরবে।,টাইমেরিুব্যলকােমা প্রতিমা াতারপরে প্রথম দিন পজাটা ওয় সপ্তমে পজা সপ্তম পূজার দিন সবাই আমরা যেত তিনি তিনদিন পূজার সব্ত্তিদিন ব নাকেই মারকাছেকে অঞ্জলি প্রধান পূজা ঠাকুরে করবে
test_sylhet_0022.wav,sylhet,"বিধি অনুসারে পূজা খরবে। খরার ফরে মার খাছে যে অঞ্জলি টাইমের সময় মাইকে এনাউন্স খরে। আমরা গিয়া অঞ্জলি দেই। ইদিন পূজা খরা ওয়, সপ্তমী পূজা। পূজার ফরে ইখানো প্রসাদ খাওয়ানো হয়। মানে ঘরে আমরা খুব বেশি আনন্দ। প্রসাদ খাওয়ানো ওয়, তারফরে দরোইন খিচুড়ি-টিচুড়ি খাওয়া <> সবকিছুই সপ্তমী পূজা",বিধি অনুসারগু জারা করার পরে মার হাসে জঞজুলি টাইমের সময় মাইকে লাউন্স করে আমরাগঞ্জুলি দিয় এবিং পূঁজা করা স্ব্তমে পূঁজা পূজার পরে এখান প্রসাদ খাওয়ানো হয় মানে ঘরে আমরা খুব বেশি আনানদায়কৃশব কাব়ানো হয় তারপর এধলেন কিছু রিটিচুরি পাওয়া সব কিছে সপ্তমী পূজি
test_sylhet_0023.wav,sylhet,তারফরে অইলো অষ্টমী ফূজা। অষ্টমী অইলো মেইন। <> দূর্গাফূজা। দ্বিতীয় দিন। ইটা অইলো বড় ফূজা অষ্টমী তিথিত। অষ্টমী তিথির দিন আমরা ইয়ো খরা অয়। <> নাকে <> বেশি সময় না। দশটা-এগারোটা <> ফর্যন্ত আমরা উফাস থাকি।,কারেঅষ্টমের অষ্ট মিল মেইনদ্বীয়দিন বড় উপর্শনঅস্মীতিতির দিন আমরা নাখে থাকব তাকে একই বেশি সময়ল ১০টা ১া
test_sylhet_0024.wav,sylhet,"<> তার ফরে আমরা খাই। অঞ্জুলি দেওয়া অইলো মার খাছে। দিলাম। দিয়া গিয়া আমরা অঞ্জুলির প্রসাদ দেওয়া অয়। প্রসাদে ফল-ফসারী, খাচা প্রসাদ এগুলি দেওয়া অয় আরকি। এগুলি খাওয়ার ফরে যেমন দুপুরে <> বাত খাওয়ার টাইম অইলো তখন খিছুড়ি খাওয়ানি অয় <>মন্দিরোই আমরা খাই।",একারভরে আমরা খায় দন িনঞ্জুলি দ অহিল মার কাছে বিলাম দেয়া গি আমরা অজিব প্রসাদ নয় পোসা পর্পসারি থাকা বে এগুলি েএগুলো খাওয়ার পরে দ দুপুরে যক্ষাপাত কর তাইগুলো তখন িছিমন্দিরই
test_sylhet_0025.wav,sylhet,<> তখন বাসাত বেশি রান্না খরি না। <> তখন আমরা গিয়া খাইছি। খিচুড়ি-টিচুড়ি ফরে গুরা-গুরি সব খরা। ইখানউ সাংস্কৃতিক অনুষ্ঠান হয়। <> বহুত বড় ই অনুষ্ঠান। আর পূজার তো দশভুজা মা দূর্গায় খতো সিস্টেমে যে পূজা খরা ওয়। মানে অনেখ কিছু দেওয়া ওয় ঠাকুরের খাছে। <>,এখানে তখন বাড়ে ভাসা় প্রেসিডেন্ট িরে মন্দিরেিেতখন আমরা গেখাই সতি কিছু সখ্যা ওয়ার পরে ঘুড়াগরিষকাইখানে শাং্স্কৃতি অনুষ্ঠান শাংস্কৃতি অনুষ্ঠান আন্দষগিবহু বলআর পুজার্ত দশবুজা মায়দুর গাঁয় ক্ষতব বা সৃস্টেমেতে ফূঁজা করা আ়মানে অনেক কিছু যাও় হয়
test_sylhet_0026.wav,sylhet,"দশ দিন যে পাঁছ জন ঠাকুর আছোইন পাঁছজন নাম দূর্গা, শিব, লক্ষী, লক্ষী তারফরে স্বরস্বতী, গনেশ, কার্তিক, প্রতিমা। <> সবাই সব পাঁছ ছয় জনরে কাপড় প্রত্যেকদিন কাপড় দেওয়া ওয়। নতুন কাপড়, নতুন গয়না",১শ দিন যে পাঁচজন ঠাকুর আছেন ফাঁজনা দুর্গা শভ লক্ষ্মীনা না লক্ষ্মীতাপডরে সরস্বতি গণেশ কার্তিক প্রতিমা জসবাই সঁ ছয়জনটে খাপড়তেক দিন কাপড় দেয়য় নতুন কাপড় নতুন গয় না
test_sylhet_0027.wav,sylhet,ই দায়িত্বগুলা খারা নেয়? <> দায়িত্ব <> দায়িত্ব নেয় পুরুতে। যে পূজা খরে পুরোহিত <> আর দায়িত্ব নিব তো কমিটি আছে। <> সব <> আমরা সার্বজনীন <> সবার খাছে চাঁদা নিব। নিয়া ইটা একক নায় পূজা। ইটা সার্বজনীন পূজা।,া ায়িত্ব নে় পুরুত খোঁজা র পুনই দায়িত্বনিমতো কমিটি আেসবকুছি নিয়ামরা সারবোলারাত কমান কাখুনিতে আদা দিয়ে নেয় এ সবার খাতে চাঁদা নিব নিয়া মে এক না্
test_sylhet_0028.wav,sylhet,"সবাইর খাছে চাঁদা নিয়া পূজাটা খরা ওয়। আর ইয়ো আমাদের মন্ত্রণালয় থেকে যে দর্ম মন্ত্রণালয় থেকে দেওয়া ওয় টাখা। <> সবতা মিলিয়া-উলিয়া ওই সবতা মিলাইয়া বড়, বড় ইয়ো দেইন <> সবে টাখা দেইন। <> পূজার মধ্যে অনেক টাখা লাগে তো। <> টাখা এককবাবে <> সবাই টাখা দেয়। দেওয়ার ফরে পূজা খরে অষ্টমী পূজা",সার সাে াঁদা নিয়ে ূএই়ামাদের মন্ত্রণালয় থেকে দেয়তম্ম মন্ত্রণালয় ুে েয় হতামী লেউলিও মি া পূজা হতো অনেক টাকা লাগিত এই অনুস্থানা একভাবে দো সময় সবাই াপরেখূঁজা করান অষ্টমী ভূঁজা
test_sylhet_0029.wav,sylhet,"শেষ ওইলো ইটা। <> তারপরে নবমীর দিন <> সেই একইবাবে পূজা। পূজা ওইলো ঠাকুর <> পূজা খরলো। প্রত্যেক দিন যদি নতুন কাপড় দেওয়া ওয় সব ঠাকুররে। <> আচ্ছা। কাপড় তে সাজাগুজার জিনিস আছে না ঠাকুরের খাছে? ইগুলি দেওয়া ওয়। দেওয়ার ফরে <> সবাই যে ভক্তি খরে, ঠাকুরকে গিয়ে প্রণাম খরে ইটার মাঝে <> সবাই কিন্তু প্রণামী দেয়।",শে তারপরে নও মিরিনষ্ট হয় সেই সেুাে ুজা উল টাকুলুতে পুরো পূঁজা করলো প্রত্যেকদিন নত নতুন কাপড় দা ় সব ঠাক তা সায়জাগোজা় জিনজাতনে ঠাকুরাতে এদেওয়ার পরে মাজিনে সবাই যে বক্তিঘরে ঠাকুরকে গ্রেপ্রানাম করে এটার মযেদেটি সা়দিন প্রণামি দেয়
test_sylhet_0030.wav,sylhet,অনেখ টাখা উঠে প্রণামি <> বা প্রণামি বাক্সের মধ্যে উঠে। তে এখন ই টেখাগুলো কে নেয়? ই টেখাগুলো পুরুতেই নেয়। অনেকে আছে পুরুতরে দেয় না। কমিটি রেখে দেয়। কিন্তু তারফরেও তারা <> তুমার মনে খরো পুরুতে নেওয়ার নেয়। <> ইতা কমিটির উফরে নির্বর খরে।,অনেক টাক উখাের ধ্যে বা প্রণামি ব্যবসাে তেখন ইজাহাগুলো খেনে এ জাহাগুলো পুরো তিনি অনেকাজে কুরিতরি দেয় না কমিটি জ্যাঁকেয কিন্তু তারপরেও তারা যে যে মান্মনা করে পুরুতে নেয়া কমিটিওউটে নির্ভর ে
test_sylhet_0031.wav,sylhet,"এ <> ওনেক টাখা উঠে। প্রনামির টাখা। <> সবে সবাই যদি ই দশ-বারো হাজার মানুষ আয় সবাই দশ টাখা খরি দশ টাখার নিছে তো খেও দিত না আরো বেশি দিব। খেও পঞ্চাশ টাখা দেয়, একশ টাখা দেয়। ওউ যার যির মনের ওপর নির্ভর করে। দিলো দিয়া নিলো তে নবমী পূজা শুরু ওইলো। নবমী পূজা",াজবায়নী দল এই ১০১২ হাজার মানুষ এ সবা় ১০ টাকর ১০ টা রানই চিতকাউদ দিত ন আ বেশি১০ টাকযা় থেকে ১০টাখােয় জারজে মনেরবিলোধি য়ানিল ত নবমী পূজার শুরু হইল নবমী পূজা
test_sylhet_0032.wav,sylhet,<> সেইম ইবাবে ঠাকুরের পূজা <> টাইমের বিতরে কিন্তু আমরার পূজাটা হয়। <> বিতরে খরতে ওইবো। <> দশটা কি নয় পঞ্জিকাত লেখা তাখে ওউ টাইমের বিতরে পূজা খরতে ওইবো। <> পূজা শেষ ওইলে অঞ্জলি দেওয়া হয়। অঞ্জলি <> দেওয়ার ফরে আমরা ওউ প্রসাদটা খাইয়া অঞ্জলিউ খরি।,বিরোধ তেই মেয়েভাবে টাকরে পূজার টাইমের বিতরলি তমটা পূজাটা হয় এটা তৃতিয়াঅতৃতির বিত্র করতি কুতিদোরান্দোলন ১০ টাকে মাটা পঞ্জিকা লেখা টাকে ও টাইমে বিকে পোা করতেব তার পঁজা শেষে হলে অঞ্জুলিত হয় অঞ্জুলি দে আরপর আমরা আবারো পোশাক টাকায়া অঞ্জুলিয হয়
test_sylhet_0033.wav,sylhet,"মানে প্রসাদ উফাসটা ভাঙি। আপনাদের রুজা <> ভাঙা ওয়। <> টাইম <> টাইম। ফল-টল খাইলাম। প্রসাদ খাওয়ার ফরে তারফরে দেওয়া হয় ইয়ো খিচুড়ি <> ওই যে দুইটা-উইটার সময় ও মা <> আবার দর্মীয় উৎসব আছে। <> ইগুলি হয়, গীতা পাঠ খরা হয়। প্রত্যেক দিনই চণ্ডীপাঠ, গীতা পাঠ <> না দূর্গা পূজায় চণ্ডীপাঠ করা হয়।",াদ উপাস্টা মা গ্যাপ্রথেগু যাবলে লি জেটা মালনা ১০ টাকা করাইমি ডেটাইনটা শেষা বেশে পোয়ালটল খাইলা পোশাক খাওয়ার করে খার করে দেওয়া হয় িকিছিরি দুইটা ওটা শরকে া আব়াদন উৎসবাতেগুলো হয় গিতা পাঠ করা হয় প্রতিদিন চণ্ডিবাট গিতা ন দুর্গাবুজের চণ্ডীপাট া
test_sylhet_0034.wav,sylhet,"<> চণ্ডীপাঠ খরা ওইলো। খরা-উরা ওয়ার ফরে শেষ ওইলো নবমী। সন্ধার ফরে <> ফত্যেক দিন তিনো দিন সন্ধ্যার সময় আরতিও খরা ওয়। সব্ধযা আরতি, সব্ধযা আরতি <> প্রসাদ-উসাদ খাওয়া ওয়। খাওয়ার ফরে <> তারফরে <> শেষ ওইলো পূজা। <> ফরে সাংস্কৃতিক অনুষ্ঠান <>",চলিবার সরাউলি পড়া ওড়া ওয়ার পরে শেষ িল নগ সনধ্যা সমে নৃতু প্রত্যেক দিন তিনদিন সন্ধ্যা সময় আড়াতিও হরায় সন্ধ্যা আরতি সন্ধ্যা রাতে পড়ে সন্ধ্যারাতে প্রসাদখাওয়ায় খাওয়ার পরে তার পরে শেষ হলি প জায়ার শালকে পরে সালফনবস্েজে
test_sylhet_0035.wav,sylhet,<> দশমীর দিন সেইম আবার পূজা ওয়। <> দশমীর দিন একটা পূজা ওয়। পূজা <> টাইমের বিতরে পূজা ওইবো। <> ইদিন সবাই অঞ্জলি দেয় না। সবাই আনন্দ খরে। <> অঞ্জলি দেয় না। তারফরে শেষ ওইলো দশমী পূজা। ফরে,দশমি স্তে়ী মাবার পোজা দশমিক দিন একটা পূজ় পূজাওএশ মাদস টাইমের ভিতের পুজইব এটি সবাই় অঞ্জলি দেয় নসবায় আন্দ কযে যে পারে দেয় জলি দয়না তারপরে শেষ হইল দশমী পূজা পরে
test_sylhet_0036.wav,sylhet,"ইদিন আমরার মন্দিরের খাজ <> আনন্দ-উৎসব <> সন্দ্যার ফরে <> ইদিন আমরা সবাই <> যেমনে নিরামিষ খাইছি, ইদিন ভালা মাছ মাংস সবাই খায় আরকি। খাইয়া ফিটা-টিটা বানাই। বানাইয়া শেষ। তারপরে অইলো গিয়া আমরার বিসর্জন। বিসর্জনোর এখটা টাইম আছে। <>",আা মন্দিরের পাশ্যের আন্দস্যপরে সন্ধযার পরে ঘোড়া় শা়দিন আমরা সবাই কতন জাবদানির আবিষ্কারকি এনি ভালো মা মাংস সবাই ায় হাইফিচারো তারপরে হিলোকমা বিসর্জ বিসর্জনের প্রা়মাজে
test_sylhet_0037.wav,sylhet,"বিসর্জনোর টাইম তো অনেখ মজা অয়। সবে রঙ খেলে। ধামাইল দেয়। সবাই খুব আনন্দ খরে। খরার ফরে <> ঠাকুরকে <> ইয়োত নিয়ে, গাড়িতে করে নিয়ে, ইটারে খয় ঐ বিসর্জনের প্রস্তুতি নেওয়ার যে জায়গা <> আনন্দ-উৎসব অয়। ট্রাকে মা দূর্গারে নিয়া আনন্দ খরিয়া",বিশবষতা একত অনেক মোজা০ রঙ খেলে ধামাইল দেয় সবাই খুব আন্দ করার পরে মাটাে ি়ত নিয়ে গাড়িতে করে নেতা বসর্জনের প্রস্তি নার যে যায় গাড়িতে নি়ে আন্দগরে সব ট্রাকে উচিত মাধুর গাড়িনিয আন্দ করিয়া
test_sylhet_0038.wav,sylhet,<> সবাই এখসাতে যায়। <> ঐ যেন চৌহাট্টার <> সব মূর্তি একসাথে মিলিত অয়। মিলিত অওয়ার ফরে আবার যারযির <> অই যে সিলেট। সিলেটে চৌহাট্টা আছে না? চৌহাট্টা না ইয়ো দক্ষিণ সুরমা যেন অখানে <> জায়গার নাম অখানোর তো নদী আছে। সুরমা নদী <> আমরা পাড়াত অতো অনো ফুকুর আছে।,সবাই একসাথে ওদিন ৭৪ টাখানে এসময় একসাথে সব মূরতে একসাথে িেমৃদরাবার গাডিুেতে চ৪াচ৪যাদক্ষিণ শুর বাে জায়গানাগোহানাটন গিয়েছেন অনেকে আমরা পড়া ়এতল পুখুর আছে
test_sylhet_0039.wav,sylhet,ফুকুরে বিসর্জন খরি। কিন্তু অনেখ জায়গা তো ফুকুর নাই। তারা কুন জায়গায় বিসর্জন খরে ঠাকুরকে। তো তারা কি দক্ষিণ সুরমা নদী আছে না? নদীতে গিয়া সবাই বিসর্জন খরে। আমাদের নদীতে বিসর্জন খরে না। আমরা ইয়োতে ফুকুরে <> ফুকুরে? আচ্ছা। বিসর্জন খরার ফরে আমরা <> আছে।,পুকুরে বিসর্জন হ কিন্তু অনেক জায়গায়তো পুকুর নায় তারা কুঁজা বিসবজন র ঠাকুরকে তারাকে দক্ষিণ সীমান ন দিয়াছে না নদীতে গিয়ে সবাই বিশ ার ীতে বিবরবিসর্জন করার পরই আমরা এইউ়াস
test_sylhet_0040.wav,sylhet,অউ যে মা লক্ষীর ঘট আছে না? দূর্গার? সব ঘটোর মাঝে ফানি <> ঘটটা বিসর্জন ফানি নিয়া <> লাগবো। এই পানি দিয়া ফরে আমাদের হাতে দিবেন শান্তি আছে। এই যে <> সবাইকে <> অপরাজিতার ডাল আছে একটা <> অপরাজিতা ফুলের ডাল। আর কি কি ঠাকুরের মন্ত্র উচ্চারণ খরিয়া,লক্ষ্মীর ঘোর টাচানা দুগা় সব গটনদে পানি নিকটা বিষযেতে পানি নিয়ে তাঁরা রাব এই পানি বযাপড়েও আমাদের হাতে জচে এটা সবাই কেঁটেদিতে অপরাজিতর ডা লা রাতাপুলের ডাল আরেকটই কেষ্টা করে মন্ত্র উচ্চারণ করিয়া
test_sylhet_0041.wav,sylhet,"এইটা সন্ধ্যার সময় আমরা ইকানো যাই <> সন্ধ্যার ফরে। মন্দিরের সবাই যাইবো। গিয়া ছা-মিষ্টি খাওয়াইবো আর মন্ত্র-উন্ত্র উচ্চারণ খরিয়া এইটা সবার হাতে হাতে দিবো। এইটা সবাইর হাতে থাকে <> বুঝছি তে <> মা বিসর্জন, দুর্গাদেবী প্রতিমা বিসর্জন খরার ফরে শান্তির আতে দেওয়ার ফরে <> ফূজা সমাপন।",এটা সন্ধ্যার সবা সবাই আমরা এখানা যায় সন্ধ্যা করে মন্দিরের সবাই যাইবক্রিয়া সা মিশ্টি খা হইব আর মন্ত্রত্র উচ্চারণ করিয়া এইটা সবার হাতেটা সবার হাতে থাে পচিতার পরে মা বিষ্পরাদ দূর গাজের প্রতিমা বিসর্জন করা পরে শান্তি হাতে দেয়ার পরে পূজা সমায় কর
test_sylhet_0042.wav,sylhet,<> প্রতিবছর <> খরা অয়। ই প্রতি বশশর অয়। অনেক টাখা লাগে দূর্গাফূজা খরতে। <> ঢাক বাজাইতো। <> অনেখ টাখা লাগে <> ও দিদি <> আমার <> সমস্যা গো। ডায়ালোসিস খরাইছি। <>,প্রবিবছর অলাও হলা তিবঅনেক তাগা লাগঅনেক টাঙালাকাআমার গৃদিসম
test_sylhet_0043.wav,sylhet,<> এখন আমরা <> মানে ফড়ালেখা ইতা ব্যাপার অই। মানে আঞ্চলিক ভাষা নিয়া আমরার একটা রিসার্চ আরকি। তো আমরা এমনেই গপ করমু। <> আফবারার ভাষা সম্পর্কে জানমু। আমার <>,িলিকে নিয়ে দে িএকা ব্যাপারেই আঞ্চলিক ভাষা নিয়ে আনিটুক্কর্ম র াকতরার ভেতর ার িলিাসির দরকার
test_sylhet_0044.wav,sylhet,"খাগজ-কলম বার খরি <> হুম। <> অয় এমনে অই গফ খরবাইন আমরার সাতে। <> আফনে? না আমি মহিলা <> আমরা এমপিত, এমপির <> আইচ্চা। খই থাখোইন? <> বাসাতনি? <>",াজ কলম পার এমলই গওমর বানা এমপিপ
test_sylhet_0045.wav,sylhet,"<> বইন যে <> ফ্যামিলি সম্পর্কে <> খয়জন আছোইন? আমরা ফ্যামিলিত অখন বর্তমানে ভাই-বোন তিনজন। আমার আব্বু-আম্মু <> যেমনে বাসাত মাতোইন এমনে মাতবা <> আমরার <> এখটু সিলেটি ভাষা বাসাত আমরা বাই-বইন, <> তিন জন। বাবা-মা নাই।",েমেলি সম্পর্কে শুনি পয়অনতে মেরেটন বর্তমানে বাইবলে তিন আেনি বাসাতমাত্র নযেমাআমরা দহলধারই চুক্তিলেটি ভাষা বা বাই গোয়েন্দ থাক তিনজন া
test_sylhet_0046.wav,sylhet,<> কিতা খইতাম? <> নাই। মারা গেছোইন। তে খে ছালায় সংসার? বাই। বাই বড়? বাইয়ে সেলুনো খাজ খরোইন। <> টিলাগড় পয়েন্টো এখটা সেলুন <> আর অন্যরা কিতা খরোইন ফড়ালেখা? ফড়ালেখা,পবাই বড় পাইয়ে সেলনাকনপয়েল্য
test_sylhet_0047.wav,sylhet,<> কিলা টাইম যায়? কিতা খরোইন? বাসাত? হুম। এমনে তো কলেজো সময় যায়। রেগুলার কলেজো যাওয়া লাগে। ফ্রাইবেট। আর <> বাসাত দো বইনে ফোন টিফাই। গফ খরি। রান্নাবাড়া। <> কিতা কিতা <> সবতা <> কিতা কিতা <> সবতা ফারি। কিচ্চু বাকি রাখছি না। এক দুইটা রেসিপি-উসিপি শিকাইলাইন আমরারে।,খোলা যেচ সম় জারেগুলাগুলো যোজ আলাগা পাইবে াসার দবইনে ফল্টিটানি ফিপিওফিপিসিকে
test_sylhet_0048.wav,sylhet,কিতা বেশি মজা অয়? তাই রানতো ফারে? তাই শিখাইছি নতুন আমি। খেনে? অখন তো কলেজো গেলে গি বাসাত থাখলা বাই। বাইর লাগি তো রান্দিয়া দেওয়া লাগবো। তাই রান্দে। হুম। <> তুমার বয়স খতো অইবো? <> নাইনো ফড়ে ইবার। <> তাও তো রান্না-উন্না ফারে বালাই। অয়। <> কিতা কিতা ফারো শুনি? সব রান্না ফারি আমি। মাংসো বাদ দিয়া। মাংস বাদ দিয়া সব <> ফারো। হুম।,ায়তবে সেঁরাইছেন নতন অনদামুকলা জায়গা লাগি বাসা তালাপ বাই বাই লেগে ত রআনদে দমাংসাদেশ
test_sylhet_0049.wav,sylhet,<> মাংস শিখছো না? মাংস <> বানাইতে। লুডুস। নুডুলস। কিলা বানায় খওছাই এখটু রেসিপি। <> খ। <> শরমাইয়ো না। মাতিলাও। বইনের মতোই ভাবো।,সমে়নামাতিলাওব মুতিভাব
test_sylhet_0050.wav,sylhet,খ কিলা রান্দোইন <> অয়। খইয়া যাও। ফতমে নুডুস সিদ্দ দেইন। গরম পানি খরোইন। গরম পানি খইরা নুডুস সিদ্দ দেইন। বাদে ফিয়াইজ ভাজোইন। ভাজিয়া ডিম ছাড়োইন। ডিম ভাজিয়া বাদে নুডুস ছাড়োইন। ছাড়িয়া মশলা দিয়া বাদে <> সবতা দিয়া <>,প্থমে নদুসিদ্ধদে পরমামপানি ওডানবিসিদ্ধ দেনাফি়আইাডিমতাডিমবাডিয়া জনুরুফতারণ সারে মোসলা দিয়া
test_sylhet_0051.wav,sylhet,তে কুনু প্রব্লেম অয় না? মানে এখনের ফড়াশুনাত প্রব্লেম অয়নি? অয়। কিলান লাগে? মানে মনো অয়নি যে মানে প্রাইবেট টিউটর <> লাগেনি? না নিজেরা নিজেরা খরো? ইস্কুলো আমরা <> এখন তো আর ফাইবেট টিউটর আগে আছলো। এইটো থাখতে আছলো। অখন নাই। অখন আমরা দরছি না এখনো। অখন আপাতত আরি আমি <> আর ইস্কুল থাকি নিষেধ দিছোইন ফাইবেট ফড়তাম না।,কোনো প্রবলেম হয় না মানা এখনের ফড়াশোনা প্রবলেম হয়নি য়নি যে প্রাইভেট টিফের লােি াইপি প়দে আকে স্লাইটে থাকতে আসল খা দছে া ন াত়ি আবেস্কুল থেকে নিষেদ দিছেন
test_sylhet_0052.wav,sylhet,বড় বইনে হেল্প খরোইন। অয় অখন নতুন সিস্টেমো তো প্রাইবেট নাই। পাইভেট নায় আর <> ইস্কুলো স্যার ম্যাডামে <> আরকি বই কিলা ফড়াইন। কিন্তু ইলা তো স্যার ম্যাডামে তারা ট্রেনিং দিছে না তারা ফারে না। আমি বুজি না। যা বুজি <> খরাই। মুবাইল <> মুবাইল আগে <> ক্লাস দেখি। ফড়িয়া ফরে দিয়া <>,খন নতুন সিস্টেমত প্রাইভেটনারােট নার্সিুবাই রমেয়ার আগেটাটেনিমজিয়াচে ইঞ্জিয়ারকে বইকিলা ফড় লাত সাইমেনা মি তারা তিোজ নযাবঝি া মোবাইলো ত অবা মোবাইলে আগেনটার্লাস দেখে
test_sylhet_0053.wav,sylhet,"বুঝছি। <> আর বাবা-মা খইলানা <> ইদিন এরা কিতা খাইন? মা, আমার মা মারা গেছোইন আমি ক্লাস ওয়ানো থাখতে। আমি ক্লাস ওয়ানো থাখতে। আর তাই তিন মাসোর আছিল। তুমি সবচেয়ে বড় বইন নি? আমার <> বড় বইন আরেখজন আছে। আমার বড় <> আমরার সবোর বড় বাই। এরফরে বইন। এরফরে আমি।",াবেসুন িক্লাসআমার বড় বইন ালো মন কর া সবর বড় বাই এরপরে বইনের পরে আন
test_sylhet_0054.wav,sylhet,অয় আমার বাই ফরে বইন আর বইনোর বাইরে ফালছে। আমার আর আমার বাইরে বইনে অউ ফালছে। আমি <> তো ক্লাস ওয়ানো অউ আছলাম। ওয়ান <> আর বাবা <> বাবা মরছোইন <> ফাও ভাঙ্গিছলা। বাবা মরছোইন দুই আজার বিশ সালোর ডিসেম্বরোর বাইশ তারিখ। হুম।,মট বাই ফলে বইনর বাবামারসুল ব্লাডভিসার পাওবাঙ্গিসরমন ২০২০ সালের ডিসেম্বরের ২
test_sylhet_0055.wav,sylhet,আর মা খইতে ফারি না। মা অনেখ আগে মরছোইন। <> আমার <> বুঝছোইন। বইনের ছেলে-মেয়ে আছেনি তে? এখটা ছেলে। ছুটো? ছুটো। তার তিন বছর ছলের। তে আফনেরার ছুটো বেলা লইয়া কিচ্চু খইন। মানে বাই-বইনরা এক সাতে কিরখম মজা অইতো? কিতা কিতা খরতাইন? আমরা তো ছুটো বেলা অউ অনেক কষ্টের।,বইনের ছেতে আফনেরার ছোটমেলালোয একিছু খইনমানে বাড়ুপিন্ডা একসাথে কি রকম মজা ওইপ ারালত সুটবুলাও অনেক কষ্টে
test_sylhet_0056.wav,sylhet,"<> অয় মা <> আইচ্চা তে ই <> ইতার <> সম্পর্কেই যদি কিচ্চু খইন আরকি। যতটা মনো অয়। তাইর কাহিনিটা এট্টু খইতে ফারমু। কিন্তু আমার কাহিনি তো আর আমি খইতে ফারতাম নায়। আচ্চা, তাইরটাই খইন। তাইর কাহিনি অইলো, তাই যে তিন মাসের আছলো এ সময় তাই মা তো অসুস্থ অই গেলে। গর বৈঠকী। খানে শুনোইন না। ছোউখে দেখোইন না। তাইন নিজোর ইয়োত <> গর বৈঠকী অই গেছোইন। অওয়ার ফরে অখন তাইন খান্দা খরতো দুদ খাওয়ার লাগি। বইনে কিতা খরতো?",বার সম্পর্কে যবি কিছু াইনেটা এটুকুই তোম তোমার কাইিা তাইর কাইনে তাই যে তিন মাসের আসে শমতা় মাত অসুস্থ গিলা গর্বটিকি খানে শোনেন না চুকে দেহ়ন তাঁর নিজের প্রিয়তগরবচুকেু নওপরে অনতায়ে খান্ামত দোবৈনিক দয়ত্ব
test_sylhet_0057.wav,sylhet,"<> ইটা ইটা না খইতে ছাইলে মানে ইটা ছাড়া, ই বিষয়টা ছাড়া খইতে ফারোইন। এরফরে রান্না-টান্না বড় বইনে খরতা। বড় বইনে বাট রান্না ফারতো না। <> রান্নার লাগি বাবায় অনেখ তাইরে বখা দিছোইন। মারছোইনও। বাবায় অউ শিখাইছোইন। বাবার গাছেই রান্না শিখছে। অনেখ সময় অইছে বাত রান্না খরতো ফারতো না। বাত এখবারে নরম খরি লাইতো।",াটা এটানা কইতে ফেলে াডব়বইনে বারটি রান্না ফারটল াই বালের কাইরে হাদিশের মাসন বাোসময এসে বাচাঘতবরতনা
test_sylhet_0058.wav,sylhet,রান্না খরার ফরে বাত খাওয়ার মতো নায়। অলাখান নরম খরতো। বাবায় গাইলাইতা। বখা দিতা। দেওয়ার ফরে <> হবায় তাইরে মার খাওয়াইতা। তাইতো দুধোর লাগি তো খষ্ট খান্দিতো। ফরে মারে নিলা গি মামা তারা বাড়ি। মামা তারা বাড়ি নেওয়ার ফরে অনো চিকিৎসা ছলছে। <>,রান্না করাপরে পাঠ খাওয়ার মত নেয অলাহান নরম কর্ত াবা গাইলেন বঘাধি তার দফরে সতাও বাড়তাে মারখাবাহিতা এত দুদলায়তকস্খান দিত ফলে মায়ারা নি লাগে মার মতালেনফরে অনয চিকিৎসা চলছে
test_sylhet_0059.wav,sylhet,<> মারেও আনে না। মারে আনতে ওইলে তো গাড়ি লাগে। ওহন বাই তো ছুটো। বাইও যাইতে ফারে না। এর কারনে ফরে তাইরে বাইয়ে বইনে তাইরে মার খাওয়াইতো। যে সময় বাবায় দুধ কিনিয়া আনতা দুধ দিত। আমরার ওনেখ কষ্টের আরকি। এগুলা খওয়ার মতো না। আর এগুলা খওয়াত লাগলে তাই কান্দে।,সলাকলন্তল মারা অন মারে আন্তর জুগে গাড়ি লাগে অ্া়ত সূত্র াু ডেকে এরাকারণে ফরে মাতাে ইম বইনধা়ীরা াখা হয়ত া় দুটকিনি আনতার ন্দোলনের স্পষ্ট রাগ লা খোয়ার মত য়াপ লাগলে তা়
test_sylhet_0060.wav,sylhet,<> আচ্চা তে ই বিষয় এখন কিলা সংসার ছলে? এহন তো আমরা দুই বইনো ছলে বা এখন আমরার ওনেখ বালা <> বেশি মজা মজা? অয় এখন মজা। <> কিতা খরাত গেছলা আফনারা? দুখানো গেছলাম। কিতা কিনলা?,ংএন্ত আ
test_sylhet_0061.wav,sylhet,কালকে পিকনিকো যাইতাম। এখন তাইর মজা শেষ ওই গেছে। এখন মজাগুলা দিয়া যাইতাম। কই যাইতা পিকনিকো? কই যাইতা পিকনিকো? কালকে আমরা সুনামগঞ্জ যাইমু। কলেজ তাকি? কলেজ তাকি। সুনামগঞ্জ কোন যাইগায়? শিমুল বাগান। শিমুল বাগান আচ্চা। আর কুনু খানো যাওয়া ওইছে নি? না আমি ও সিক্সো তাকতে গেছলাম আর আমি ট্যুরো যাই নাই। ওউ ফাস্ট কলেজো উটিয়া। সিক্সো গেছলা একবার? কই গেছলা? সিক্সো গেছলাম মাধবকুণ্ড। কিলা লাগছে? ইটা একটু শেয়ার করো এক্সপেরিয়েন্স। কিতা কইতাম।,ালগের পিটনে গজে াতাই মজােগাঐই ফেক্সতোতারিফুক ইসলাম আনাম চুরো যা় ডন টু শে়ার ে
test_sylhet_0062.wav,sylhet,বান্দবী এরা খারা আছলা? খয়জন গেছোইন? নতুন তো বর্তি অইছি। নতুন বর্তি <> ফরে অউ গেছি। তে এখন <> বান্দবী আছেনি? এখন তো <> তে তারারে লইয়া কিচ্চু খইন?,নতুনতবটেএ নতুন গতে পুয়ারা উঠে এখন বান্ধবিএমনতো তাটা গেল একিচুকই
test_sylhet_0063.wav,sylhet,মানে <> ইস্কুলো <> না কলেজো? যেকুনু বান্ধবী আকি। কিতা কিতা খরোইন এরার সাতে। বা এখন খার খতা মনো অয়? এখন <> অখন আবার ইস্কুলোর ফরে বেস্টফ্রেন্ড <> তাইরে লইয়া কিচ্চু <> তাইর বিয়া অই গেছে। <> তাইর ফুয়া এখটা আছে তিন মাসের। তাইর বিয়া অইছে নাইনো থাখতে। হুম।,নিনাজ যেকোনো বানধবোকি ামনয়নোসটাতে বা এখন খালখ তখন স্কুলবরবেস্টবাইরেলো ি ভনের গৃহ়গেছি রগ্রণদের ক আছে তিন মাসে এক বেয়াইটনাইনতক
test_sylhet_0064.wav,sylhet,"ফরে বাইয়ে খইছোইন আমার দ্বারা তো সম্ভব না। তুমারে মেডিকেলো তুমি বর্তি <> তুমারে বাসাত আইয়া দেখি, দেখি যায় ডাক্তারে। সাপ্তাত আয়। সাপ্তাত আইয়ে ডাক্তারোর ফিস দেওয়া লাগে পাঁচ আজার। আবার তুমার ঔষধ লাগে তিন আজার। ওখন আমি কুন বায় দি সমালতাম <> মাত্র বিয়া <> অনেখ টেখার টানো ফড়ি গেছোইন। আমার বাই নতুন দুকানও খুলছে।",বছর আমাদারত সম্ভব না তো মেডিগুলোতুন বলিটনাজমারে পাশাতাইয়া দেখে দেখে যায় দা্তাে সাপ্তা তায় সাপ্তাতাইলার ডাক্তারার কিশু দলাগে া যা বার তোমার ঐইষদ লাগে তিন হাজা মিখুন বাদি চলামে মাত্র বিয়াগাইয়া উসেকআমারবাহি নতুন দোকানো জ
test_sylhet_0065.wav,sylhet,"হুম। হুম। অনেখ দিকের <> ফরে অখন আমি আওয়ার <> তারা <> মা আইছলা। আইয়া খইছোইন সুমা তুমি কি বর্তি অইবায়? আমি খই, আমি তো বর্তি অইতাম ছাইছলাম। অখন কিন্তু আমরার অনেখ প্রব্লেমে দেখা দিছে। অখন আমি বর্তি অইতে ফারতাম নায়। হুম।",ারকরে নামে আম়ার ফ গেছে আইস্তা তারা অফরতা় মা ইশলাযা হয়েছেন সমাত বেকি পর্তিব ব্যামহই অন্তর্ভর্তিতর সা়স রঙ্গনকিন্ত লনঅনেক প্রবলেমে দেখা দিতে নমে বর্তিছে
test_sylhet_0066.wav,sylhet,বর্তি ওয়ার মতো আমার সময় নাই বা টেখা নাই। বাদে তাইন কইছোইন আমি দিমু টেখা তুমি বর্তি ওইলে আমারে কও। আমি কই না কত হেল্প নিতাম মানুষের কাছ তাকি। যেছায় কইবো বাফও আছোইন বাই তাকিয়া ই অবস্তায় মানুষের কাছ তাকি হেল্প নেয়। ওনেখে ওনেখটা মনে করবো। আর নিছি না। গ্রামোর বাড়ি তো মানুষে খতা খইতে মুখে দি ছাইবো? নিজেরো মাইনষে খতা কই না কিচ্চু না।,রমতামার সমন্য় াজেন আমিদি মুদ্যে াবর্তিলামান নাকত হ্যলপ নেদারমাুষযেতে খুব বাপরসন বাড়ি থাকে অবস্থা মানুষেথেকে এলপেন অনেক অন্যতমনকরব গ্রামর বাড়িত মানষ এ কতা হয়তো মুখেিনিজনো মানচে কথা হয়না োকিছু
test_sylhet_0067.wav,sylhet,খতা-বার্তা আমি নিজেরে বুঝ দিয়া খইলাম আমার ফড়ার <> করলাম না কিচ্চু খরার নাই সামনে দিতাম না ওকে। তাকতাম বই তাকছি। ফরে তারা মনে খরছে আমি বর্তি ওইতাম না ওনেখ দিন গেছেগি। আমি বর্তি ওইছি মার্চের দশ তারিখে নাইনো গিয়া বর্তি ওইছি। আর তাইর বিয়া ওই তাইর বিয়া ওই গেলো। আর তাইর বিয়া ওই গেছে ফেব্রুয়ারির বিশ তারিখ।,মরতে আমি নিজেরে বুঝলে অলামার ফরা বস খলাম র নিে তম কপরে তারা মনহসাম বর্তিতো নেউদিন গেছি কি আমি ৩র মার্চের ১০তারিবিআয় গেছে ফেব্রুয়ারির ৃষ্া
test_sylhet_0068.wav,sylhet,"হুম। তাই বিয়া খরছে নানি? <> খার আমার বাইনি? হুম। বাইয়ে বিয়া খরছে না। বাইয়ে খওয়া অইছলো। বাইয়ে খইন, আমি কিতা ফাগল আমি বিয়া খরতাম <> খেনে তুমরার ছিন্তায়নি? <> মন্দ খইবো নানি? দুইটা বইন গরো থইয়া বাইয়ে বিয়া খরতো। ওহ।",বাইয়েগিাবরতানাইরে পায়া এস বাই়াবাদালেকে তা ফাগেমন্ধবই বয়লবদুদুটা বইন্গতইয়াবারা
test_sylhet_0069.wav,sylhet,তে আফনেরার ধর্মীয় আচার-অনুষ্ঠান লইয়া যদি কিচ্চু কইন? কোন অনুষ্ঠান <> ? ধর্মীয় যেকোনো। মানে যেকোনো ওই যে হিন্দু না নি আফনারা? অয়। অয় ইতা পূজা নিয়া ইতা পূজা-পার্বন লইয়া বা কিতা করোইন কোন পূজাত কিতা ওয়। ওইতো পূজা তো গেলো স্বরসতী পূজাত কিতা করছোইন? স্বরসতী পূজা তো ওইলো আমরার বিদ্যা পূজা। হুম।,আনা ধর্মীয় আচার অনুষ্ঠান লয়া যে কোনও রে হিন্দু নাপূজাপারবন লইয়া বা কিতাফড়ইকি কুন্টুজাপকি দায়াো সেরেসাথেুজাতেি
test_sylhet_0070.wav,sylhet,"ইগু তো <> তো আমি শাড়ি ফরছি। ফরিয়া দক্ষিণ সুরমা কলেজো গেছি আমার বইনোর সাতে। <> মামুর গরো বইনোর সাতে। মামুর গরো বইন বলতে আমার বেস্ট ফ্রেন্ড অইলো আমার কলেজ লাইফের তাই বেস্ট ফ্রেন্ড। <> তাই, আমি <> আমরা দো বইন গেছি। আর তাই <> তাইর ইস্কুলো।",এগুত্ব ব্যচত আমি শাড়ি পরছে পরিয়ে দক্ষিণ শোময কলা যোগে চামর বইলাগ্রনে মঙগরবন বলতে আমার ব্যাস্টম্ান্ডো কলা ড্ল্াকারব্যস্টতাই আমি নুকেছি আতাই আস্তা থাকিস্ক
test_sylhet_0071.wav,sylhet,হুম। আর ইস্কুলো তাইরে <> তাইর শাড়ি ফরি গেছে। আমি গেছি হলুদ শাড়ি ফরিয়া। নতুন শাড়ি কিনছি। <> খুব মজা অইছে। বাদে <> আওয়ার ফরে তো <> তাই গুরছে। আমি গুরছি না। আমার বালা লাগছে না। <> লাগছে। ফূজাত কিতা কিতা খরা লাগে? অউ ফতমে নিরামিষ খাওয়া লাগে আগেরদিন। নিরামিষ খাইলায়। ফরোর দিন উফবাস খরলায়। অঞ্জুলি দিলায়। অঞ্জি দেওয়ার ফরে ফসাদ-টসাদ খাইয়া এরফরে তুমি যা তুমার মন চায় তা <>,রিস্কোদা়নুষ্ঠান অতাই়ে শারিবরিবেছ আমেগেছি অলুজশারী করি নতুন সারেক ইঞ্চে ইনজি কুমোজয় সেবাদে একআয়াফরের ত রাবুরপতাতনিরামে সয়লাগা রদিন িরামেশ্ালা করার জন্তবুবাস সলায় অঞ্জলি দিলা অঞ্জলি দবারতেন প্র সাথে এরপরতমে জাতও মঞ্চে
test_sylhet_0072.wav,sylhet,হুম মজা ওয় ওনেক। হুম আর প্রছুর মজা ওয় দূর্গা পূজাত। ওহ কিতা খরা ওয় দূর্গা পূজাত? দূর্গা পূজা তো পাঁছ দিন। হুম প্রতম দিন এতোতা বেশি মজা ওয় না। <> এরফরের দিন তাইকা <> মজার শেষ নাই। হুম ফরের তিন দিন আমি খাই নিরামিষ। এরফরে ছাইরদিন তাকি আর ফারি না। ফুস্কা দেখলেই লাভ শেষ ওই যায়।,পশ্চম যাওয়ায় দুর্ব্যাবা ত ৫প্রথম দিন এতা বেশি বজায় না সেফলোর দিনটােকরেক তিন দিন আগে তিনদিন হইে পসকার দেলে লা
test_sylhet_0073.wav,sylhet,"উপাস থাখলেউ উপাস বাঙ্গতে ইচ্চা খরে না। কুনু <> উপাসটা শেষ করি হুম। করিয়া বাদে তো বন্দুদের সাতে আড্ডা দিলাম, ফুসকা খাইলাম, চটপটি খাইলাম। <> সামনে আর কোনো পূজা-ওজা আছে নি? সামনে না আর নাই। ইবছর শেষ? ইবছর ওন্য সময়।",গুপার সাদ আলো উপাস বানতেিচ্রতু মাস্ত শেষর যেদত োে আর্দাদিলাঞ্নের কোনো খুঁজা ওজাআে নস
test_sylhet_0074.wav,sylhet,আচ্ছা। আর কিতা আবার আইওইন। আশ্বিন মাস শুরু অইবো <> শুরু অয় গন্টা দিয়া। শুরু অয় দূর্গা ফূজা দি। এরফরে? ওহ তুমরা বাংলা মাস হিসাব খরো নানি? আমি তো ইংলিশ <> বুজি না। আমি তো অক্টোবর হিসাব খরি। আচ্ছা। মাস <> যে খইছো এর লাগি <> এরফরে দূর্গা <> আশ্বিন মাসো দুর্গা ফূজা অয় <> জানি। এরফরে দূর্গা ফূজার ফরে ফরে কিতা কিতা অয়? দূর্গা ফূজার ফরে অইবো লক্ষী ফূজা। খালি ফূজা। হুম।,ুোয়া়গন তাদিয়া শুরু হয় আি দূর্গাপূজাআমিােসান বুজে নেন তকটুব এর দুর্গাসুনারা দূর্গাপূজাএরপরে দুর্গাপ্োজার পরে পরে কিতাকেতা হুর্গাপুজাল
test_sylhet_0075.wav,sylhet,"লক্ষীপূজা, কালী লক্ষীপূর্নিমা, কালীপূজা, কার্তিকপূজা আর কিতা গনেশ শিব আরেখটা আছে শিবচতুর্দশী। হুম। ফাল্গুন মাসো ওউ মাসোর লাস্টে। ভাইফোঁটা কোন সময় ওয়? বাই ফোঁটা তো গেছেগি। এখন পড়ালেখা কররায় তাইলে দুজনেই? ওয় ওখন ফড়ার মাঝে আচ্চা ভাই ফোঁটার মদ্যে কিতা করোইন? ভাই ফোঁটার মদ্যে। তারার তো ভাই আছোইন। বাই ফোঁটার মদ্যে বাইরে ফোঁটা দেয়।",ক্ষ্মূজা খাল লক্ষমীুা ারতিপূজা আরেকটা আছে শিব চতুর্থচি ৫ালগন াই ফোটুনাইোইোটােকিাইযে বাইরে
test_sylhet_0076.wav,sylhet,আইচ্চা মানে ইটা কিতার লাগি খরা অয়? <> আরি বাইর এখটি আয়ু বাড়ানির লাগি। যমোর গাছ থাকি ইয়ো খরি আনার লাগি। কল্যাণ কামনায়। তে এখন ফড়ালেখা <> দুই জনোর মানে ইচ্ছা কিতা? কিতা খরতায়? আমি নি? আমি তো আমার ইচ্ছা আমি ভবিষ্যতে <> আছে। টিচার অওয়ার ইচ্চা। তাইর কিতা? <>,ইতা কিতেলাকে খর এউয়আরেক বাযইর একটু আয়জব থেন র দুজনের মানে ইচ্ছে ব তো আমার এক জাগা ঘবিষ্যৎ আছে িচে়ািচ্ছে তাইফিটা
test_sylhet_0077.wav,sylhet,<> কেনে টিচার ওইতে কেনে ইচ্চা করে? আমার কুব ইচ্চা আমি টিচার ওইতাম। কারন আমার যে টিচাররা ফড়ায় তারারে দেইকা আমার আগ্রহটা একটু বারি গেছে। প্রতমে আছলো না। কুনু কিচ্চু ইচ্চা আছলো না। এখন গিয়া স্যার <> দেইকা স্যার <> দেইকা তো আমার আগ্রহ বারের। ওয়তে আমি টিচার ওইতাম।,আমারিজকবিত স্ামীটিচারমার যে টেচাটা ফ়া তাহের দেকে মারা আগ্রহর দায়িত্ব বাড়িয়এছে প্রথমে আসল না কোনোকে ছৈত্রা আছেনা েরল দিখি িকে তোমার আগ্রহ বা হ় কানটি ছাল
test_sylhet_0078.wav,sylhet,"আর তুমি কিতা জানি খইলায়? <> তাই ফুলিশ অইতো। ফুলিশ অওয়ার ইচ্ছা কেনে? আমার ছুটো থাখতে, ছুটোখাল থাইক্কা আনার ফুলিশরে দেখলে আমার যে বাল্লাগে। <> তাই অইতো ফারবো আসলে। দেখতেও অলাই লাগে, নানি? তাই ফুলিশ অইতো। একটা ভাব আছে ডিফেন্সদের। আইচ্চা তে। ফুলিশে আমারে <> আসামী দরে। <> বাল্লাগে। অউ অইলো তাইর ইচ্চা। এমনে? <> বইনরে কিতা খরলায় নে বাসায়? অখন তো গিয়া",িবেজানি কেতাই ওইদেখতেও অলাই লাগেনএটা াবআোরেকদৃশ্যে আসামি দলে গিয়া
test_sylhet_0079.wav,sylhet,"তাইর ফড়া আছে ফড়াগুলা শেষ করলোনে। আমি তো আমার খাল পিকনিকো যাওয়ার প্রিপারেশন শুরু করলাম। তে ইয়ে এমনে অবসর সময়ে কুনু শখ-ওখ আছে নি? এখেকজনের তো এখেক ধরনের শখ তাকে। আমার নাছতে ইচ্চা খরে। নাছতে ফারো নি? নাছতে পারো নি? ফোন, ফোন দেইকা এমনে আকতা আকতা ফারি।",াইএমনি অবসর সময়ে কুনু শওকোক আছেনিয় হেকজনের তো একেকধরনের শক থাকে মাফা
test_sylhet_0080.wav,sylhet,"একবার বঝাইয়া দিলে আমি নু খই আমার ম্যাত তাই বুঝাইয়া দিত। আমি যে নাইন, নাইন নাইন-টেনো আছলাম। দুইজনের ডিফরেন্ট কত? ওনেক তো। তাই ওনেক ছুটো আমার। তাইর ওইলো দুই হাজার সাতো আর আমি দু হাজার ছাইরো ছাইর পাঁছ মনে ওয়। হুম। <> তুমরা গান-টান পারো না? জি না।",আমার মেতাই আবারেআমি নাইডেলাইকেি২০৭া কানটান কর না
test_sylhet_0081.wav,sylhet,নাছ ফারে। আমি তো বেশি আগ্রহ জাগে না। আমার বালা লাগে না। আমার বেশি ফড়তে বালা লাগে। ইটা তো বালা। বুঝছি ইটা তো আরো বেশি বালা। টিচার মানুষ অয় টিচার ওইতায়। ফড়ালেখাত তাকলে বালা। আমি প্রতমে ফড়তাম না এততা। এখন টিচার ওয়ার আগ্রহটা বাড়ার ফর তাকি খই টিচার ওইতে ওইলে তো ফড়া লাগবো। তে তো আমার ফড়তে ওইবো। এর কারনে ফড়ি। কুব বালা আর,মি তো বেশি আগ্রহইতে তো আরও বেশি পের মানুষ পতমে পর্তান নয়ত এখন পিচার বারাগ্রহ তা বড়া পর্তাটিচারেলেত ফরা
test_sylhet_0082.wav,sylhet,"ই এরিয়াটা কিলা? এনো এরিয়া তো কতদিন দরে আছো? আমরা নি? ছাইর বছর। আমরা আইছি ছাইর, ফাঁছ বছর ফরি গেছে দু'হাজার বিশ সালো। বিশো না সরি উনিশো আইছি। <> ই এরিয়া এমনে টিকটাক বালা আছে? এমনে বালা আছে। আমরার <> আশেপাশের মানুষজন? ওউ প্রতমেও আইছি ওনো এখনো ওনোই আছি। ওহ <>। তুমরার বাড়ি কই যানে কইছলা? আমরার বাড়ি ওইলো কানাইঘাট। কানাইঘাট, কানাইঘাটে আমরার এক বান্দুবী আছে।",াইরবোস৫াসপস্র করেপিছান আ ১৯বতমেওই২ি
test_sylhet_0083.wav,sylhet,"<> ইটা হচ্ছে ভাষা লইয়া মূলত। <> শেষ খরি লাই? ইশ! যে মশা। একটু, একটু <> তুমরার বাসা ই সাইডে নি? <> না, বাসাত না। একটু হাঁটতে, হাঁটতে মাতি।",ুএটুঢুমরা বাসা ইনাবাসদনায় টু হাঁটে হাে
test_sylhet_0084.wav,sylhet,"<> অনেক খষ্টে কিন্তু আমার খারণে তাইর ফড়াটা নষ্ট ওইছে। আমি মানি। খারণ তাইর মা এমন বিশ্বাসী আছলা আমার উফরে, আমি যদি বর্তি ওই তে তাই বর্তি ওইতো। আমি যদি না ওই তে তাইন বর্তি খরতো না তাইরে। আমার বাবার হে সময় ফাউ ভাঙি গেছে। ওখন আমার বাইয়ে মাত্র আমার বইনের বিয়া ওইছে। আমার বর্তির সময়ো বাবারও ফাউ ভাঙছে। ওতার খারণে বাই আর কুনু খালো ইয়ো খরতে ফাররা না। এখলা তো বাই। ওউ, ওউ চাইছলা আমারে ফড়া বন্ধ খরি লিতা। খইছলা সামনে আগে সামনোর বছর ফড়বো। ই বছর ফড়ার খাম নাই।",অনেক কষ্টের কিন্তু আমার খারে না তাই ফরানষ্ে কারণ তাই মা এমন বিশ্বাসেআসা আমার উপরে আমি যুদিন বর্তি হইতে তাই ভরতি আমি যদিন নাওই তে তাই র আমার ব্যাভারের সময় পাবাঙ্গে গেছে া বাইয়ে মাত্রমাট বইনর বিয য়ছে ার বর্তির সময় বারও পাওয়াবাংছে তবরণে বায়ার কোন হলেই অকরতা সাইসলা আমার পরাবন্ধ বরসর কর বিব্যস্ত করা
test_sylhet_0085.wav,sylhet,ওতা খরিয়া বাদে বাবা বাইরে বখা দিছোইন। খইছোইন আমার ডাক্তারোর কুনু দরখার নাই। তুই আগে আমার ফুরিরে বর্তি খরা।,হতাবরে বাদে বাবা বাইরে বকাদে জহজ আমা দাখারোর কোন দরকার নাই যাকে আমা খরিরেব
test_sylhet_0086.wav,sylhet,"আমার ওতা কোনো কিচ্চু নাই। আমি বই লইয়া। বই আর আমি। আর কিচ্চু না। আচ্ছা, মানে আউট বই? উনি পড়তে বেশি বালা ফাইন। বই ফড়া? নন-একাডেমিক বই নি? না আমার বইয়ো আমি ফড়ি। অনেক একাডেমি <> কলেজের বই? অয়। আচ্ছা। কোন সাবজেক্ট ফছন্দ বেশি? আমার নি? ইকোনমিক। ইকোনমিক্স, ইকোনমিক্স কেনে ফছন্দ? আমার ইকোনমিক্স খেনে ফছন্দ আমি জানি না। ফারো বেশি? <> হুম, বেশি বুজি আরকি ওতার লাগি। অন্যগুলার তাকি ইগুলা আমার, ইকটা আমার খেউ একটু বুজাইয়া দিলে আমি বুজিলাই। আমার আর অন্য বুজানি লাগে না। আর তুমার? কোনো পাইভেটও লাগে না। আমি নিজে ফড়ি। পড়াশুনা খরতে বাল্লাগে না? বাল্লাগে।",ইলেইআউলির পর বেজিন একাডেিক বইনি না আমার বই়নেক একাডেমী কলেজের কোনা পছন্দ বেশি ইমিকসিনােবেশি বুঝিে ুোএকটা আমাতার একটু বুজিই দিলাি পড়াশোনা করতে পারােনা
test_sylhet_0087.wav,sylhet,"না, তাইর ফড়াশুনা খরতে বালা লাগে না। ইবারও নাইনো বর্তি ওইছে তাইরে জুর খরিয়া। খালি আমি আর বাইয়ে জুর খরিয়া নিয়া বর্তি খরাইছি। কিচ্চু ফড়তে বাল্লাগে না? একটা সাবজেক্টও না? শুদু গণিত বাল্লাগে, ম্যাত। ওরেব্বাবা! বাফরে! বাল্লাগে নি? গণিত বাল্লাগে। এই যে এইদিকে ম্যাতের স্টুডেন্ট। আমার ম্যাত তাই বুজাইয়া দেয় ওনেখ সময়, আমি যেতকু নাইনো আছলাম। আমার ম্যাত খরতে বাল্লাগে। আমি <> ম্যাত ভাল্লাগে খেনে? বুঝো বালা?",লাশোনা হে বারে লাইনে ভরতিকিচছু পড়তে পার লােনাধলাগে গেনে বুজালা
test_sylhet_0088.wav,sylhet,"<> আর আফনে <> হলো তাখোইন না কিতা? না, না আমরা দুইয়ো জনই বাসা। আমরা দুয়ো বইনউ",আর আপনি উফলে হলো থাদিন বাদ
test_sylhet_0089.wav,sylhet,<> আমার বড় বইনের বিয়া ওই গেছে। খই বিয়া ওইছে? কুলাউড়া বিয়া ওইছে। কুলাউড়া হুম আর,মার বড় বয়ন বিকোলাওরাি
test_sylhet_0090.wav,sylhet,"নাইনো কইলা? বই তো মানে, মনে ওয় ফরিবর্তন ওইছে। যে নতুন বই ওনেক ফরিবর্তন ওইছে আমরা যে বই ফড়ছি কিচ্চু নায়। হুম।",বৈধ অনেক পরিবর্তিত জামরাজ যা বৈপর চিকিৎছে
test_sylhet_0091.wav,sylhet,"তুমার খাম-খাজ নিয়া খও কিছু। ওউ সখালে যাইমু, দরো <> ফতম ফাক গর সাফ করমু, ফাক গর সাফ খইরা ফয়লা ফিরিজ, টেবুল ইতা সাফ খরি। খরি যাই দুই তালাত। দুই তালার গরো আস্তে আস্তে সব কিছু খরি। খরার ফরে যাই আবার তিন তালাত।",া থক দেহ লাখি মিসিবুল বিতে াজেলায় গোড়ো অস্তথে সকতভাবী পরা করে জা়বার শিনতালা
test_sylhet_0092.wav,sylhet,"তিন তালাত যাওয়া ফরে, ফরে কইরা <> ফরে আবার সিড়িত আই। সিড়িত এখ গন্টা খইরা ফরে আবার উটানও ঝাড়ু দেই। উটান ঝাড়ু দিয়া ফরেদি আবার শেষ আমার কাম। আবার আট-নয়টা তাকি দরো তিনট, ছাইরট বাজে তিনট বাজে কুনু ইস্টিশন নাই।",তিতলা জার করে পরে খইরা আদালত করে আার সিবিতায় সিন্তেকগণ্তা খইরা খয় আবা উড়ানোধারধেই গানিতদা উজিয়া করদাবাদ সমা আটলটাটিকি দতেন্দ্রিয় খ্যাক্ট বাড়ে পিন্দু ওবার যে কোনো জিনি স্টিশন নাই
test_sylhet_0093.wav,sylhet,"ওহ মানে টাইম কাজের টাইম। টাইম ছাড়া, টাইম ছাড়া। টাইম ছাড়া তে কত দেয়? মানে তুমি যে টাকা দেয় আমার যে ছলেনি? এই টেখা ছলে কুনু রকমে দরো, এখ কানো বাসা আছে একটা বিকাল টাইমে। তাইও সাতশ দিলে দরো, একশ টেখাও দে দেরশ দে।",তাইারাআমারদেশেটাআত হলেন ফুরহমদ খুল এখাম বাসাকারতাদ কাঠাবে ৭াুদুলে১
test_sylhet_0094.wav,sylhet,গিয়া <> দেই। বাইরে যাইয়াও কাজ করো? হুম। এই কাজ শেষ কইরা ফরে দিয়া আরেক জাগাত যাই। এনো তো ছয় আজার পাছশ টেখা দেওয়া ওয় না গো ওবায় <> তিন আজার পাছশ। হুম। দুকান বাকি লাগে দুই আজার। অয় ইরকম বা একটা <>,াস খইডা াযবা রেখে কিনাদোকানবাকি লাখে ২০বায়ট ফিকচি দেওয়া খ্ষুতরা
test_sylhet_0095.wav,sylhet,"মাসে পাছশ টেখা দেওন লাগে। বাই কিতা করে? একটা ওতো বড় মাদ্রাসাত ফরে ইটারে পাছশ টেখা দেওন লাগে প্রতি মাসো। ইওত বেতন। আর বেতন বাদ দিয়াও আবার তোমার খলম, খাতা ইতা তো লাগে।",মাসি ভাস্বতে খাতনাে টকত বড় মদরিসে রা ফাসতে হাতে প্ষতিনস্ ি়রেতন বোকিনবাপ বি় বতমা ফোলম খাতা তিতাতল আইবে
test_sylhet_0096.wav,sylhet,"হুম দুই দিনও যায় না খাতা লাগে, দুই দিনও যায় না খাতা লাগে। বাজারদর ওত্তো এখন বেশি। বাজারদর কিরখম? যে দাম চালও সত্তুর টেখা খরি। এখ কেজি চাল সত্তুর টেখা খরি। তে তো মনোয় মুটা চাউল তো যেগুলা আগে ওয় গো, মুটা চাউল সত্তুর টেখা দাম ওইছে। ই চাউল আনতাম মুটা চাউল আনতাম চল্লিশ টেখা দিয়া। ফাঁয়ত্রিশ টেখা, বিশ টেখা দিয়াও আনতাম।",বিদাংসালো সতুটে়াহরি এটিসলছতুরটেরা িওইগ মুঠখা ঐইলো সুতুরিহা দাঅমেকশে ইিসালমান তামুটা সলান তানসন স্টিহাদিয়া তাই কৃষ্ণের বিষ্টিদান
test_sylhet_0097.wav,sylhet,"ই চাউল ওই ষাইট টেখা, সত্তুর টেখা। সব জিনিস ইরখম ওই দাম। উম আর সবজি-উবজি? সবজি ওইছে <> মায় ইতা তরখারী-বরখারী আনে। উম মাছ তো ইতা মায় আনে। খম খরে আর ইতা, ইতা আমার মায় তরখারী আর বেশি চাউল",এসালসাই তিহাত্ সবজিনিী রমিা সবযবিযুদরম মাকা হই পহরে টান মাসমানকামপরে াপহর আর বিশিল খাব
test_sylhet_0098.wav,sylhet,"তেল ইগু লাগে বেশি আমরার। তিনো বেলা ভাত খাই আমরা তো। চা-টা খম খাই। এর লাগি বেশি চাউলটা, তেলটা বেশি লাগে। তাইলে ইরখম মানে কিরখম যাইতাছে দিনকাল? কিতা মনে ওয় ইগুলা নিয়া? <> দিন যায়, রাইত ফুয়াইতাছে। দিন যাইতো, রাইত ফুয়াইতো আল্লায়। ওখন কিতা খরমু?",ল এজিলআগি বিশ্বামকাট কিনেবে লাএগতা বাধখায় এমডত সায়নাফোমখাই ালা তেলা বেশি লাগে রকম মানে ক রকম যাইকোনোতসলতাধে দিন জায়গায় ঠইগেছে দিন জিতলাছ় তলায় া
test_sylhet_0099.wav,sylhet,"<> ফ্যামিলিত ইনকাম খরোইন কতোজনে? আমরা তিন বেটি খরি। এক বেটি ফায় সাড়ে পাঁচ আজার। আরেক বেটি ফায় সাড়ে তিন আজার। তিন বইন? না, না। আমি এখলা আমার মার গরো। আচ্ছা। আর আমর বাই দুইটা।",েমনেথিন কমকরন কতজনে টিনবিডির ফলি একবিটির প্রায় সাড়ে া আরবিটি প্ায় সা়টিনাতিনবইন আমি
test_sylhet_0100.wav,sylhet,"<> তারা ছুটু না বড়? একটা ওতো বড়, আরেকটা ওতো বড়। আচ্ছা ফড়ে-উড়ে না? একটা ফড়ে মাদ্রাসাত। আরেকটা মাদ্রাসাত ফড়ে? আরেকটা দুকানো হারাই দিছি। তে ইখানো ই বাসাত খেটা, খেটা তাখোইন তে? আমার বাই দুইটা, আমি, আমার মা।",তারাছুঠুনা ড়এটা পরে ওড়েনা এাে তপরে া দুকানো হারাইতে ইখানি বেসা ছেটা াকাবাধিটা আমিা
test_sylhet_0101.wav,sylhet,"আব্বা নাই? না বাফ মরছে আজ তিন-ছাইর বছর ওই যায়। মায় কিতা করোইন? মা হুস্টেলো খাম খরে। কুন হুস্টেলো? ইওত উপশহর যানে <> ইস্টুডেন্ট জানি? ওহ বুজছি ইটাত। তাইনেরো মনে ওয় আইতে, আইতে রাইত ওই যায় না নি? ওহনো আইবা, আইয়া গুসল-উসল খরবো। কইরা সন্দ্যার ফর আবার যাইবো।",উপশটুয়েন্তারমোনায়িতাই তেরাইতুই া ওখনইব এগুসুলস খরব খৈদ আসেন
test_sylhet_0102.wav,sylhet,"তিন বেলা গিয়া রান্দোইন? তিন বেলা রান্দে না। খাটা-খুটা খরে। আচ্ছা ফিঁয়াইজ আচ্ছা রসুন, মাছ, তরখারী ইতা <> খরে। বুছছি। ও আমি ভাবছি তাইনের বিয়া ওই গেছে মনোয়। বিয়া ওইছে <> বিয়া ওইছে খুব কষ্ট।",তিনবেলা গি়েরাতুদার হানদেনা খাযবস্থা ়মাস্তহারিটা ে অডব সিতাইনার বিয়ও গেছেবিয়েও ইসিএসনে েবিয়ে হইছে অক্ষ
test_sylhet_0103.wav,sylhet,"দিন যাইতাছে, রাইত <> বাসার মালিক, বাসার মালিকে ফরে দিয়া আমর মার খাছে গছাই দিলাইছোইন। মানে মারতো? মাইর-দইর খরতো। খিছু নিশা জুয়া খেলে খিছু।",উত্ত্সর্ঘ মা়গে নিয়ে বাসারমালি ভাষার মাইলীকে প্রধানো মাহাচা গোছাই দিেুহত কিছু নিশা জ়শা লেখেছি
test_sylhet_0104.wav,sylhet,"কিতা না ই বিল্ডিং এর ই গরের মধ্যে বউত ফ্যামিলি ভাড়া তাখোইন নানি? ওয়, সবেরউ গর। ব্যাচেলার খিছু। সব ব্যাচেলার, খালি তিনজন ফ্যামিলি। ও ব্যাচেলরও। ব্যাচেলর ছেলেরা? উম। আচ্ছা। তারা তাখে।",জিল্ডিংয়এর াইগরের মধ্যে বোধ ফ্নেকিজনতিবে সেলো
test_sylhet_0105.wav,sylhet,"গরো কিতা খাম খরবায় এখন? খাফড় দইমু, গর ফুছমু, গুসল খরমু। গুসল <> সন্ধ্যা বাদে যাইমু হউ বাসাত। এখশোটা টেখা ফাই। ইটা আনমু গিয়া। খালকু খাম খরি দিছলাম। ওউ যে বেটির বাসাত যাই কিতার লাগি দরো এখশো টেখা, ফঞ্চাশ টেখা দেয়। আমার ফান, গুয়ার টেখাটা আমার উঠে।",কাকড়বিনিগ অসুসমনুরা আশ্রন দোবাবে লাইঅদ বিডুবাখা জা়তিটা লিখিত তখন চেষ্টি হাজে ফান্গডটা হাটাযা উচিত
test_sylhet_0106.wav,sylhet,"হুম ওইতার লাগি আমি যাই। তো কুনুবায়দি আমার ফুসে না। আমি খাম খরি টেখাত ফইরা করতাছি। ওখন বিপদো আছি ওখন ছাইরা দেই ওখন আমি গর বাড়া আটকি যাইমু। গর বাড়া, দুকান বাকি দুইটায় দুই জিনিসের লাগি আমি আটকি যাইমু। ছাড়তাছি না।",ই দকন বাতমা ুসেনা ইল খান খরি ঠেহা খরে অন্বিফোতা আসান সাইদেই বার গ়বরার দোকানপাখি দিদা় ২ুইদুরে জিনেশে লেগে মারকিতেন ছাতটা ছিনি
test_sylhet_0107.wav,sylhet,"<> সাত, সাত আজার টাখা দিত সাত আজার টাখা ওইলে একটু পুশলো নে। মালিকে খইছে আমরা পুশলে খরো না পুশলে যাউগি। ফরে আমরা খইলাম সাত আজার টাখা দিলে আমরার লাগিউ আমারো কুশি কিতার লাগি ফাছশ টাখা রাখা যায় আতো <> যে টাখা আনি ই টাখা দরো শেষ ওই যায়। শেষ ওই যায়।",২৭র থেকে দৃতী ছাত্রবাের ফুশলুনি মাইলকে খইচেনদা ফুশল খরনা হুসে দায় নফরিলাম ৭ টিহাও খুশিাে রা হাজদ্িতিহার নিতিহামচেশইদা
test_sylhet_0108.wav,sylhet,<> না। হুম তে এমনে মানে ছুটু তাইকা বড় হওয়া কুন জায়গাত তে? মানে আছলাইন কই আগে? ই জায়গা ইকানো আগে আছলাম আমরা ইওত মিরাফাড়া। বাসা দূরে <> সামনেউ আছলাম।,তেএমনে সুরু থেকে বড় অকন জায়গানাটল্যান্ডনা ইটারা
test_sylhet_0109.wav,sylhet,<> ডাইনো বিল্ডিং উটি গেছে। হুম আমরা আই ফরছি এনো। ইখানো কত বছর ওইলো? ইনো তিন বছর দরি তাখি। আচ্চা। আর বেশি দিন দরি <> তাখি না। <> ই ইকানের মালিক কই তাখে তে? ইনোর মালিক বিদেশ তাখে। আচ্চা তে,বিলিংওডিগেছে াএখানে কত বছর হইল ইখানের মালিক কইতে ে এলমা
test_sylhet_0110.wav,sylhet,"আফনার আব্বা কিতা করতা? আমার বাফে <> ইও টিকাদার আছলো। আচ্চা। টিকাদার আছলো <> বাক্কা বছর দরি করতে করতে <> রাস্তা ওফার তাকি ওফার আইতো আছলো। টাখে বারি মাইরা মারি দিছে। আহারে। দাদা, দাদি কেও নাই? না আমার গোষ্ঠীত কেও নাই। আমার",রকিতা রা আমােিওঠিখোটবাক কা ব সদের করতেন রাস্তা হভার থেকে অভরাইতো আছল গাটাহে বাড়িমায়ামারােউ মা় নামা গুস্টকেউনাইর
test_sylhet_0111.wav,sylhet,"আমার বাফ দাদির গরো এখলা আছলো। তে ফাইছলাইন নি তারারে? দাদি, দাদি। দাদি আমার বাফ জন্ম ছুটু তাইকাও মারা গেছোইন আমার দাদি <>। ওহ বাফ ছুটু তাখতেই মারা গেছলা। হুম। তে তো আফনেরা কই তাইকা ফইতান। ফরেদিয়া আমার বাফরে ফালছে মাইনষে।",িদাদি আাজন লতিকমারপাকসরু থাকতে া ফেরা রতিামা বাকটে পালছে মানছ
test_sylhet_0112.wav,sylhet,"আইচ্চা। আর নানার বাড়িত খে? খে খে আছোইন তে? আমার খালা আছ আর আমার নানি আছোইন। আওয়া-যাওয়া খরোইননি তারা? তারাও আয় না বেশি। আমরার অভাবে ছলি নানি? তারা বেশি আয় না। <> তারা কিতা খরে তে? তারা, তারা ছলে বালাউ চলে। দুই ফুয়া আছে শিয়ান।",গানার বাড়িকে খেখে আছেনাযাওকরেরনিতাতারা আয়না বিসেম নবস্তলিেতারা কিা তারা ফলে ালডিঘু আসোসিয়ান
test_sylhet_0113.wav,sylhet,আইচ্চা। আর আমার সবোউ। খালার জামাইও আছে। তারা রুজি খরবো। মানুষ <> তারা দরো দিনো আল্লায় দিন-উন বালা ছলের। আচ্ছা। <> কষ্ট <> আমরা এট্টু কষ্ট খরি। বুঝছি। অয় আল্লায় দিবানে। খষ্ট খরতাছোইন ফল পাইবাইন।,খালাজামাইও আছে তাই রুধি হবার মানুষ আছে তারালাদুলাসাকষ্াহানএয়ারলাইবিপানে ফস্ট করতাছে ফল
test_sylhet_0114.wav,sylhet,হুম। তে এমনে আমরার সাতে ইয়ো লইয়া মাতোইন আফনার ছুটোবেলা-উলা লইয়া কিচ্চু খইন কেমনে বড়-টর অইছোইন। ফড়াশুনা খরছিলাইননি নাকিতা? না। একবারেই না? একবারেই খরছি না। তে ছুটোত থিকা বড় অওয়া কিরখম অইলো? এখ-দুইটা কাহিনি-উহিনি খইন।,তেমনে আমদের সাথে ই়েলুয়ে মাতু সুটোবেলাওলালোই একিছু কইন কেমনে বড় টর স্রযইন পড়াশোনা খ়ছিেসুটুর থেকে বড় আখিরকময়দুটা কাহিনি
test_sylhet_0115.wav,sylhet,<> ছোটু তেকি ধরো মা যাইতোগি ফালাইয়া আস্তা দিনের লাগি খামো। ওও। আর ভাই বড়োটায় <> সখাল যাইতো ছটা সময় আর আইতো রাইত ছটা সময়। আস্তা দিন ধইরা আমরা দুই ভাই-বোইন ঘরও তাখতাম।,ুংকাআনে সুবকি খিমারি টুকি ফেলাই আস্তা গিনে লে খামো বাই বরডা তাসহেত োটামে এক ছোট শুনাইত আ্তাদিন দল দুইবাই বোনান দে থাকতাম
test_sylhet_0116.wav,sylhet,"<> কোনো দিন খাইতামও না। এখ দিন খাইতাম আরেখ দিন উফাষ তাখতাম। <> খষ্ট খরতাম <> মাইনষে ভাত দিতো ইয় দিতো ছা দিতো। আমরা খাইতাম দুই ভাই-বোইনে। <> আস্তে, আস্তে আমরা শেয়ান ওইছি, বুঝ ওইছে, <> খাম খড়ি।",েক্ি সাইতা একদন সাইতে মারেিন ইমন্ত কষ্ট ঘরটাও তারা বাকলাএ১রমাংসহ দি বা দিতসিয়তসাদত াইসবছর দ১০ ডিসেম্বর শিযানো ইসি বুধইছে বাসিন্ত খান খরি
test_sylhet_0117.wav,sylhet,"<> বাত নিয়া তো খষ্ট খরি নাতো। খম ওউক আর বেশ ওউক খাইতাছি। তিনবার না ফারি একবার খাইতাছি বাত। ওলা, বুজছি। তে খেলতাইন-উলতাইন নি ছুটু থাকতে? কিরখম? দুষ্টু-উষ্টু আছলাইন নি? শতানি আমি আছলাম না। শতান তো আমার বাই বড়োটা মানে <> আছলো এইটা শতানি খরতো।",বাঘনিয়ত কষ্ট হলে না যখম মকারবষক াতিনদরনহর েল পোনল থেনিসুটে থাকতে কী রকম দুষ্স্ট সলাইনে সতানিরম আছন না সতন্ডা বাই ব়মেলাইডা
test_sylhet_0118.wav,sylhet,<> শয়তানি খরতো <> মাইনষের <> গাড়িত <> ওইতো <> ইতা বিচার নিয়া আইতো। <> যেমন বিচার নিয়া আইতো এমন তো আমার মায় <> দিতো।,বিছাকেছাড়ান্ত সকাল হত মাসির দোরগা়াগা়ি হানসুডা ইত লিস্কায়াসুরা়িত ইতাছডা এটি তা বিস্থার নিয়েইত দ্রুহিসানিই প্রেমন্ত আমার ধ্বনি ভারনা ও বিত্র
test_sylhet_0119.wav,sylhet,<> ইটা দরো মাইনষোরে জুরে <> দিতো। ইস্কুলো বর্তি খরাইছলাম। ফড়ছে না। ইস্কুলো স্যার আছোইন না নি? স্যাররে ইটা মারি তইয়া আইয়া ফরছে জুতা দিয়া। জুতা দিয়া ইটা মারি থইয়া আইয়া ফরছে। বাদে তো আর ফড়লো না।,রিটে আকদুল আহরতের ইটিরত এসাম ফরসেনাস্োলাছাগাখুনে ইডা হয়েছেবেল
test_sylhet_0120.wav,sylhet,"ওউ দুকানো হারাই দি আইলাম। ওখন আফনে ইকানো দুকানো খাম খরে। বন্দর। এখন শয়তানি খমছে নি? না? না ওখন শয়তানি খরে না। বুজে? অয় ওখন বুজে। আর বাইরে মাদ্রাসাত দিলায় কিলা কিতা ব্যবস্থা খরলায়? <> নাই, ওউ গরো একটা হুজুর আছলো।",খানা দুকানো কমপরেএখন সযৈতানে কোমফেমিন নাহুল স্োতানিে সািলা
test_sylhet_0121.wav,sylhet,"হুজুরে বর্তি খরাই দিছে আর মাদ্রাসার হুজুরে, সব হুজুরে মিল্লা ফাঞ্জাবি কিনিয়া দিছে, বর্তির টেখাও দিছে। তারা সবাই মিলিয়া ইয়ো খরছে। ইকানো থাইক্কা ফড়ে? অয়, সামনে একটা মাদ্রাসা আছে।",ফলুে ামাদরসাজুরে সব ুধের মিল্যা ফান্জাবি মিলে ইখানোখেক্কা প়ে ওয়নোসানি়েক মধ্যে
test_sylhet_0122.wav,sylhet,"থাইক্কা? না, না। <> আটটা সময় যাই, এগারোটা সময় আই। আইচ্ছা। এগারোটা সময় আইয়া যায়গি, খেলাত যায়গি সখাল যায়গি। বারোটা সময় আইয়া যায়গি খেলাত।",নাবিসহার জায়জরা আত্মাসম দায়া্দা়খেলা জাসহাগি
test_sylhet_0123.wav,sylhet,"আইচ্ছা তে আফনেও খেলতাইন-উলতাইন না ছোটু তাখতে? ছোটু তাখতে খেলা-ধুলা খরচি তো বেশি মনো নাই। ধরো তোমার দশ বছর ওইছে বয়স ইসময় ধরো, খাম-খাইজ খরা লাগে। ওয়, ওয়। <> খামো ধরো ডুকি গেছি। বান্ধবী-উন্ধবীও নাই?",েলখ আপনাও খেল তেন তেএনা চলে থাকতে রির েলাদলশরচি মিশী ম১০ বছর বেশি বয়সিফ৮বুইদুইকাম জলন ঢুকি গেছি পাণবে ভঙ্গেজ
test_sylhet_0124.wav,sylhet,"বান্ধবী তো <> খরছিন না, আছে তারার বিয়া-সাদী ওইয়া তারা তিন জন আছে তারা বিয়া-সাদী ওইয়া বাড়ি-ঘরও গেছেগি, সিলেট নায়। বুচ্ছি, তে ইকানো যে খাম খরইন ফুইরাইন্তে কিরখম ব্যবহার খরে আদর-টাদর খরে নি? আছে?",ান্ধবিতোঝিলিনা আছে তারা বিযাসা় ধরিয়া তারা তিন্দুনাথত বিয়াছে ধরিয়া দা়া বাড়িতেইখানাজে খামফরন ুরিনতে কি রকম ব্যবহার করে আদরটাদর করেন
test_sylhet_0125.wav,sylhet,"সবেও মোটামুটি আল্লা দিলে বালা আছে। আচ্ছা, খোজ-খবর নেয়? আছে মোটামুটি বালা আছে। ফরিবারের মতো ওইয়া গেছোইন না? হুম, <> বালা।",খুজ খবর নপরিবারের মতোইঐইবনশবে
test_sylhet_0126.wav,sylhet,"খতো জন আছইন ইখানো? সবতা ফচিশ দিন ওইবো তারার মালিক এখন তাখোইন না, আগে তাখতা? আগে মালিক আছলো, এখ মালিক গেছেগি তারা বাড়ি বেইচ্ছা গেছেগি তারা ওখন আরেখ মালিক আছে। <> তে তারার যে দো তালাত বাসা আছিল না?",নরদিনুর রহন তারা মালিকা এখআগে মালিকআছেও এক মালিক গেয়েসিগে বাড়ি বুশ্চে ইচিকি তারা হনবর্তনের আট নয়ামালিকআোদর অলদোওয়া হরে য়তারাযে াদুতালা বাসা
test_sylhet_0127.wav,sylhet,"আছে। ইটার মালিক তাখে। <> হুম তারা আওয়া-যাওয়া খরে, খেয়াল-টেয়াল খরে। ওলা। বুচ্ছি। তে আর এম্নে দেখা-শুনা খই খরে? দেখা-শুনা <>",ইডাম মালিকটাহে মালিকের রাঘটা তাইলে া আওযাওয়া করে খেয়ালচেয়া রে মযাদে হাসিনাকে ে জেহাসুনা মোনাজারা সেমেনাজারে ফরতিম মাসুকু ইন্চি টিকিটে হাঁতুলে নি
test_sylhet_0128.wav,sylhet,"তারফর <> মেনেজারে আমরার বেতন দিবো। সাবান-সোডা যেতা, যেতা লাগে সবতাও মেনেজারে দিবো। <> ওউ যে ফাও যেন সমস্যা তাইন নি? না, না তাইন না।",িমজেমেনােরা ন জিব সাবান সুরতাইকে লাগ ৫াউজেন সমস্যাটাে না
test_sylhet_0129.wav,sylhet,<> সামনে যে <> তে ফাও যে সমস্যা তাইন খে? তাইন খে? <> ইও <>,ে বোংটাবয়ে পাওয়া যাবে সমস্যা ব্যাংকে াতে সহীদ হিনজিল
test_sylhet_0130.wav,sylhet,"ওউ আচ্ছা লাগা বাসার? হুম। <> দেখছিলাম মনয় এক দিন। <> আইচ্ছা। আর ইদ-উদ আইলে কিরখম কিতা খরো? কিরখম যায় দিন-খাল, কিরখম উৎযাপন খরো ইদ?",াসানাম লাগে হুডনি
test_sylhet_0131.wav,sylhet,"ইরখমই তো আর কিতা? তোর ভাই <> আর আমি তো খাম খরতাম মাইনষের বাসাত <> দেয় নি <> কিতাত তাইকা? এরখমই <> ইদ ফরছে না, না ইদ ফরছে না, ইদ ফরছে না। আইওইতাছে সামনে।",২কাপকে নিে দি়েখাম রএনতানিয়খামডুকসিআইছিসট ুর ছরছনা একতাছা সাম
test_sylhet_0132.wav,sylhet,"ফুরানি-উরানি ওইছে না? না, আমি ফুরান ওইছি না। ফুরান না, ফুরাইছোইন না টেখা? টেখা তো ফুরাইছি। ইদো দিবো-উবোনি ইতা কুছতা খইছে না? না, ইতা খইছে না। আগের <> টিকওই ফাইলামনে। আগের <> দিলোনে। ধরো আমরা <> তাখতে দিলে এখশো-দুইশো।",পুরানিওরানিওপুরান না ফুরা় সইনাটেখা টি ঈদওদিবনেইতা করিছানাআগের ালিক প্রে ১
test_sylhet_0133.wav,sylhet,"দিছে। তিনো বেডিরেওই দিছে তিনশো-ছাইশশো খইরা <>। আইচ্ছা, তিন জন খাম খরোইন? হুম। বাকি দুই জনে কিতা খরোইনতে? দুই জনে আমি যেতা খরি ছেয়ার, ঘর, বাথরুম। ইতা ফরিষ্কার? হুম, তারাও ইতা খরে।",চিনি বিডলেচিনতিনজন কামকর বাকি দুইজনে খিতা করেনদজন মজিতাহইি খান ফানটিয়ারগপরিষ্কার তারাত
test_sylhet_0134.wav,sylhet,"নোবা তো নিজে রাইন্ধা খায়। হুম, আইচ্ছা তে খইছলাম এম্নে ইদের সময় কিতা খরোইন? ঘরের মাইঝে কিতা খরোইন? ঘরোর মাইঝে তো <> ইও তোমার, নাইকল লইয়া ফিটা বানাই একেক সময়",ত নিজেরাংইসা নিদের দিন কিতা ফরে েবড়র মাঝেিা
test_sylhet_0135.wav,sylhet,"বেড়ানিত-উড়ানিত যাইন না? আমরা তো সিলেট কেউ নাই তো, আত্মীয়-স্বজন কেউ নাই। আইচ্ছা, ঘরের মাইঝেই খাটে? হুম ঘরের মাইঝেই, কুনুখানো যাওয়ার জায়গা নাই। এম্নে ইদিক-সেদিকও ঘুরাঘুরি ওয় না? জ্বি না, ওয় না। এম্নে গেলে, ইদের ফরে গেলে বাড়িত যাই।",ানি তুরানি ঢেংে আন্দাত সিলট কেউ নশুজনকেউ ়র মাঝেই খাটে েতেমনি বিকশেবিগ গুড়াুরিওই গেলে দুর বছরে ঈদের করে গেলো
test_sylhet_0136.wav,sylhet,"বাড়িত গিয়া দুই-তিন দিন গিয়া তাইক্কা আই, আর কুনুখানো যাওয়া ফরাসি না। বুচ্ছি। ওউতো <> যাইতাছে জীবন। আমরা যে আইলাম হঠাৎ খইরা, খামো বেরা দিলাইছি না? না, না বেরা দিছোইন না।",তেমনেঝেরা জাআইলাম এখন হঠাৎ করা সামবেড়া দিলেই
test_sylhet_0137.wav,sylhet,"খাম শেষ খইরা ফরে <> বইনরে ফোন খইরা খইরাম তারা আইবোনি? খয় আইবো ফন দিরাম। ওয় বুচ্ছি। বাক্কা সময় মাতিলাম, কিতা খাম খরাত আছলাইন খরিলাইন। আফনে <> আইলাইন না, ছা খাওয়াইতে ফারলাম না। না, না আমরা দুফুরে খাইয়া আইছি তো।",ুছি াকা সময় মাতাইলাম কিতা খামক়া তাস্যান করিলেন া বাইলোনান আমরা দুপুরেখায় ইনসথিত ইনমাই
test_sylhet_0138.wav,sylhet,"আগে-ভাগে <>। না, সময় যে দিছোইন সময়ের দাম সবচেয়ে বেশি। খাওয়ানি লাগতো না। <> ওয়, আর কিতাও নাই। খয়টা বাজে, সাড়ে তিনটা ওই গেছে।",সময় যদিথন সময়ের দামই সবচে বেশি খাওয়ানিাআরখিতা অনাই খয়টাবাজে সাড়ে তিনটা উইকেছে
test_sylhet_0139.wav,sylhet,"<> ওখন আফনে আফনের ভাষায় আরকি আমরা কিছু জিগাইমু আফনেরে, আফনে যদি কিছু বিষয় মাতোইন আমরার লগে, গফ খরোইন আরকি। <> ইয়াল্লা! গল্ফ খরবাইন আরকি। না, গফ না",র বাসায় এরকে আপনা রাকিছু আমরাদিকারি নিয়ফনা আমরারিনবিষয়টিদি মাফেন আমাগে করলোলটোবল
test_sylhet_0140.wav,sylhet,"ছিনা লাগে নি? মাত্তে, মাত্তেওই মাতা ওই যায়। খালা, খালারা কিতা স্থানীয় নি? ওয়। খতো বছর ধরিয়া আফনারা? ব্রিটিশ তাকি। ব্রিটিশ তাকি? হুম। তে মানে আফনেরা খুটি সিলেটি যে ওখটা? ওয়। <>",তিমাবাসা় গনতার ্থানীয় নিয়েবি াকি মানে আখনারা কুটিফিলেটি যে সাহি্ক াফেকর
test_sylhet_0141.wav,sylhet,তে খালারার ফরিবার কিতা <> খাড়াইয়া মাত্তাম কিলা? <>,পরিবারী বইবারেরাশুধব মতহধবুকুতে পারি
test_sylhet_0142.wav,sylhet,"<> তাইন ওত্তো ওনার্স না ডিগ্রি, হুম? ডিগ্রি না ওনার্স? খালারা ফরিবার নিয়া এখটু শুনি। <> কিতা গো? ফরিবার নিয়া",নারেল া্ট্বত মাপরিবার নিয়িযে দিনিাহ
test_sylhet_0143.wav,sylhet,"খইন, কিতা খইতাম? খে, খে আছোইন? আছোইন তো আমার বাচ্চা-খাচ্চা, ওয় ইটোই খইন, খয় জন আছোইন? আঞ্চলিক ভাষায় মাতোইন, যেতা, যেম্নে বাসাত মাতোইন আরকি এম্নেই মাত্তাইন আমরার সাথে।",ঈদের উপর িকয়জন আসৈনকেঁটে কেটা আছেন আঞ্শুলিক ভাষায় াতেন যেতাযামনা বার্সাদ মাতু া
test_sylhet_0144.wav,sylhet,"আছে তো ছয় ছেলে, দুই মেয়ে। মেয়ে দুইওটা বিয়া দিলাইছি। খই দিছোইন বিয়া? একটা ওউ মিরাবাজার, আরেখটা শাহপরান। বাকিরা কিতা খরোইন? ফড়োইন-উড়োইননি? খে? বাকি ছেলে-মেয়ে আফনের? ওই হে ফড়ে। <>",বাকি রাঘিদাফ়ন ফো়ুনবাকি ছেলেম্যাখনে ওহে
test_sylhet_0145.wav,sylhet,"<> বুচ্ছি। সোমা আফা ওত্তো, সোমা তো বিএ ফাশ খইরলিছে। বিএ ফাইনাল। বুচ্ছি।",এপি ঢুমাত বি ন িইাকখ
test_sylhet_0146.wav,sylhet,"সারা দিন কিতা, কিতা খরোইন আমরারে খইন? আমি? আল্লা আমি সারা দিন খামো তাখি <> ওই খামওই কিতা খরোইন আরকি। আফনারার জীবন লইয়া ওতোই বেশি জানা দরখার। আমরা ছাত্র-ছাত্রীরা জীবন তো এম্নেও জানি। আফনেরা কিতা খরোইন, কেম্নে দিন যায় বা আফনেরার জামানার সাথে আমরার জামানার কিতা, কিতা ফার্থক্য একটু খইন?",ারদিন কিতেকি তা খ়ইন আমরাে মই কিতাকিতা করু আকরেরার মানেজীবনলই অতু বেশী জানা দরকার আমরা াত ছাত্িরা িতা করে অত আমরা এনই ানি আকেরা কিতাকরুএমনে দিন যাযই়আপনারার জামানার সাথে আমরা জামানার কিতা কিটা ফাটতয একটুকই
test_sylhet_0147.wav,sylhet,"ফার্থক্য তো বউত গো মাই। আমরা তো বুড়া ওইয়া গেছি, আমরা <> খাম খরতাম ফারি, বউয়াইন আমরার বেমার, অসুস্থ। তারা দূর্বল। আফনের আম্মা-আব্বা আছোইন নি? না।",পাক্থগত বউতগোমাইাত়ো উ ুনের খামফটতা দুরবল ি মাব্বার সিনি
test_sylhet_0148.wav,sylhet,"নাই? তে, ছোটু বেলা তিকা কিতা আফনেরা টিলাগরোই নি আফনেরা? ওয়। বাবার বাড়ি? না, বাবার বাড়ি শিবগঞ্জ। শিবগঞ্জ? তে তো খাছাখাছিওই। ওয়। তে বাবার বাড়িত কে, কে আছোইন?",কেবাতিবা থেকি ে াবাবাড়িরভিবশিবগঞ্জকাফাকেবাবারাড়িত গেখে
test_sylhet_0149.wav,sylhet,"ভাই আছোইন, ভাইর বউ আছোইন, ভাইঝি আছোইন, ভাই ফুত আছোইন আছোইন ওখলোই। খালার ফড়া-লেখা খতটুকু? হুম? ফড়া-লেখা? না গো মাই। এরলাগি তো মাত্তা ফাররাম না। <> ইয়া মাবুদ <> ফড়া-লেখা লাগেনি?",াইির ুাোমাইযাংলাই়াভপবির
test_sylhet_0150.wav,sylhet,"ওয়, বাসাত মাতোইন নানি? ইরখম ওইতো <>। আফনারা ওতোই আমরারে ফড়া-লেখা খরাইতাছোইন। এইযে ছেলে-মেয়েরারে ফড়া-লেখা খরাইলা। ওয়, ওতাও খাম খরলাম সংসারো। আফনের মেয়ের যে বিয়া ওইলো নাতি-নাতনী আছেনি? ওয় বড়ো ফুরির এখ মেয়ে এখ ছেলে, হুরু ফুরির এখ ছেলে।",বাবমাবিল মানি ও রকম বা ভাকি হা়গ আমরার করা লেখা মো ফরাইলাআা মে়ে দেবি ইল বড়ফরে
test_sylhet_0151.wav,sylhet,"তারা কিতা খরে? ফড়া-লেখা খরে নি? না ছোটু, ছোটু? হুরু জনে তো বিএ ফাইনাল দেলাইছে। দেওয়ার বাদে বিয়া ওইয়া গেলো তান। বড়ো জনে নাইন ফর্যন্ত ফড়ছোইন। খালারার ফারিবারিক কুনু ব্যবসা-উবস্যা আছেনি? ব্যবসা <>",তারা কিতাকে করা নেয়উরোজনতো বিয়েফাইনাল গিলে দিয়ার ভাবীওা প্রযোজনা নাই া ফারিবা়ছিন ব্যবসাসা ব্যবসাআ
test_sylhet_0152.wav,sylhet,"আছিল গো মাই, ব্যবসা ওখোন তো নাই। আমরার খালু কিতা খরোইন? ব্যবসা আছিল আমরার আরতের ব্যবসা, ওখন তো বেমার। বুচ্ছি। তো খালার বিয়ার কাহিনী খইননে আমরারে। আমার বিয়া গো মাই ইতা",া বিয়র কাহেনে হইনাআমিয়া
test_sylhet_0153.wav,sylhet,"সুন্দর আছিল না গো মাই। আগোর বিয়ার কাহিনী ওত্তোই জানতাম। ওখোনেরতা তো দেখিওই। আগোরতা আরো বেশি সুন্দর আছিল। আগোরতা মনো খরো গরীবানা সুরতে বিয়া ওইছে। ওখোনকুর লাখান না, ওখোন তো, কিতা, কিতা ওইতো বিয়ার মাইঝে? <>",গরবিয়ার কাহিনী অতিদাতা মোখনের তদিওই তারও বেশি সুন্দর
test_sylhet_0154.wav,sylhet,"আমরা বিয়া ওইছে <> কুনু সেন্টারো নায়। <> গেছে, <> তে খালার ভাই-বোইন আছোইন নি? হুম? ওয় আমার",ন্তা লাগে
test_sylhet_0155.wav,sylhet,"তে ইতা, ইতাই জানতাম আরকি যে আগের দিনের সাথে ওখোনের দিনে কিরখম ফার্থক্য? বউত ফার্তক্য। ইতোই খইতাইন আরকি, ইদিনও দেখতাইছেইন, হি দিনও দেখছোইন। এখটা মানুষ মরলে, এখটা মানুষ বিদেশ তাখলে গিয়া খবর হুনতে, হুনতে ফনরো দিন বাদে হুনতো।",ইতে ইচ্তাই জানতামার কি যে আগের দিনের সাথে এখনোর দিনে এটিটেকে তা পা্যোসময় আছিল আমরা ওমা নাসলানিতেই হইতা় াছনে ানো দেখছু নি দিনো দেখপাছেন কিতে কেতা পার্ষর্য টুা মানুষ মল লেখা ানর েশ
test_sylhet_0156.wav,sylhet,<> ছিটি ফাঠাইতো। টেলিগ্রাম আছিল। টেলিগ্রামো কিতা খালি দুই শব্দ খইতায়। ওখোন বউত বালা জিন্দেগি আইছে। ই এলাখায় কিরখম আছিলো ই সময়? ই এলাখা? জ্বি। ইতা তো খালি জঙ্গল আছিল।,টেলিগ্রামসি তেলিগরামকি টালি জুস তা অনৌধবালাজিন দিগেই ক এলাকাকষিরকম আর ছিসএলাকা তথহাইলজঙগল আছি
test_sylhet_0157.wav,sylhet,"ওউ মাটো জঙ্গল, সামনে জঙ্গল, ফিছে জঙ্গল, ছাইরো বায়দি জঙ্গল। তে আফনেরা যুদ্ধের সময় ফাইছোইননি? ফাইছি। খতো বড়ো আছলাইন? ইসময় মনোয় আট বছর আছিলাম। কিছু মনো আছে নি? সব মনো আছে। তে আমরারে খইননে, আমরা তো খালি বইও ফড়ি, কিচ্ছু তো জানি না।",তেখ যুদ্ধের সময় পাইছেকড়কিছু মনে আছেনতে আমরারা ফইন যে আমরাত ইতেখালি বইও করে কিছু তো জানিনা
test_sylhet_0158.wav,sylhet,ওইতো গো মাই ফাকিস্তানি যেলা হামলা দিছে ওলা <> হামলা খরলে কিতা ওইবো? মনো খরো জিতিয়া ফিরতা ফারছোইন না সব মইরা গেছে। সব মরছে। আফনার ফরিবারের কেউ যুদ্ধত গেছিলো নি?,াকনেইো হান ার আমলামলকল্লেখিতইবিতিয়ারিারিকেও ছ
test_sylhet_0159.wav,sylhet,"ইতা গো আগোর মানুষ, পাঞ্জাবী এগু মারলেও ডরাইয়া খইছোইন না, <> মেইন তো আমার হউরে নিজোর হাতে ফাঞ্জাবিরে <> ওইলে হি সময়ে নাম উঠাইতা, মুক্তিযুদ্ধা ওইতা ইতা ডরাইয়া মাতছোইন না। মেইন মুক্তিযুদ্ধারা <>",ইতাগ আগর মানুষ মাঙ্া বেগুম আল্লেও ডরাইয়া ফইচুমেইনতো আমার হৌরে নিজরা তািসময় আনামটাইতাঁুনতলেই মুক্তিযু ধরে
test_sylhet_0160.wav,sylhet,"<> এমদি আইছিল নি মিলিটারি? ও মাইগো, ইতা তো ঝাঁফাইল আছিল। আফনেরা তখন কিতা খরছিলাইন যখন <> মিলিটারি? শুনোইন যে আইতাছোইন মিলিটারি? আমি জানি না, <> আট বছর।",ইমডিআইসিল লি মিলিটারি বোমািতাফাই
test_sylhet_0161.wav,sylhet,"ছোটু আছলাইন। তে বাফের বাড়ি নু খইলাইন শিবগঞ্জ খাছেই তো। <> আফনেরা নিজেরারে বাঁছানির লাগি কিতা খরতাইন যদি হুনতাইন মিলিটারি আইতাছে? ইতা তো গাছ <> আছে, গাছ লামাই দিছে।",সুট়বাসার বাহিনু হইলে শিটগঞ্জ সারফেরত ন্ুতহ ইকা আনাুেনাগ মানে খিতা হতদুদ ঘুম তানিতে লিটারি রাজা
test_sylhet_0162.wav,sylhet,"গাছে। <> গাতা, গর্ত। <> সবাই? বাঁচতে ওইলে হামাইতে ওইবো। <> ওবাই যার, ওবাই যার।",এািমুাকেলট্রাইটই াঅপে নাবাইজাত ক্ষমতাবন দুগর পলিগ কোন অি
test_sylhet_0163.wav,sylhet,খারাইতায় যে <> এখবায়দি মুখ রাখলা।,ওতব় বড়খানবা আসদিয়া সারবিয়াএপাু
test_sylhet_0164.wav,sylhet,"মাটি <> খতোখন তাখতাইন আফনেরা? যতোখান, ওয় তারার এখটা খানির সময় তাখতো ইসময় এখবারে নিরব ওইতো। যে যেতা <> যেতা ফাররা খাইরা। খানি খই ফাইতা, <> ফ্রছুর লুটফাট খইরা খাইছোইন, যে যেতা ফারছোইন রাখছোইন। আফনারা তো ইতিহাসের সাক্ষী তাইলে।",থাকেন হয় ত ো া খাওয়ার টাইম াসে ওঠা ইেনিরবৈতেদেতারাইয়াদমকাুটার করি আল মানতর দোকান ইিহাি
test_sylhet_0165.wav,sylhet,"আসলেই নিজের চোখে <> সব সময় ডরে, ডরে তাখতা। ওউ মাই গো বাচ্চা-কাচ্চা তো বারই খরতো না রাতকু তাকি। ইসময় আফনার ভাই-বোইন খতো বড়ো আছলা? তারা বড়ো আছলা। আমি সবোর হুরু।",ে নিজস্বক্রিয়াতিবিলেখন প় া ঢর তাকতাআ আনোইভর কষতবর
test_sylhet_0166.wav,sylhet,"আমার বাড়িত <> ছাছার ঘরো, মিলিটারির হাতো নি? হুম। বোম ফরিয়া। <> ফাত্তর আছিন। দুই জন মরছোইন",াবারুতমওবমোিয়ালাকালা সাসিমা ২জন মলফোন
test_sylhet_0167.wav,sylhet,ছাইর জন আহত ওইছে। তে যুদ্ধের ফরে কিরখম আছিন? যুদ্ধের ফরেও মানুষ মরছে। ওইযে <> ওতা হাঁটার সময় খতো মানুষ মরছে। মানে বোম রাইখ্যা যাইতোগা? হুম।,ছুকবার পরে কি রকম অবস্থা আছেন দুজ্দন জলেও বা্তা ামাইনগারিয়া তুচ ওতাকার মাঝে
test_sylhet_0168.wav,sylhet,"<> বউত মানুষ মরছে যুদ্ধর বাদে। ইসময় তো মনয় সবতাত সমস্যা ওইতো, খাওয়া-দাওয়া, ছলা। হুম, খুব দূর্ভিক্ষত আছিন। <> তে",বুতমাুর মধ্যে ুসময়তো মনে সবতাত সমস্ৈত খাওয়াফরাসলাইনকাম তোমার ুগানাদিতাম
test_sylhet_0169.wav,sylhet,"ছিড়িয়া-বিরিয়া নিছেগি মাইনষে। লুটফাট ওইছে বেশি। তে এখন যে জিনিস-ফত্রের দাম, আফনেরার সময় কিরখম আছিন? ইতা বউত সস্তা আছিন। আমি আড়াই টেখা দামের ছাউলের কেজি খাইছি। কিতা বুচ্ছি না, আড়াই টেখা দামের ছাউলের কেজি খাইছোইন তারা। আইচ্ছা।",রবুকেতে এখন যে জিনিসপত্রের দাম এখন যেরমা ফেরাসা হয় কিরকষমতা দামকেতাবুছিআই া
test_sylhet_0170.wav,sylhet,সুন্দর যেগু <> তিন টেখা। তিন টেখা? হুম। আর মাছ মাংস কিরখম? ইতা তো হস্তা আছিন। তিরিয় টেখা ওইলে <> ইলিশ ডিমওয়ালা। তিরিশ টেখা দিয়া? হুম। ওখোন ছোকেও দেখা যায় না।,আর মাচমাংস সবিদা বস্টকরল
test_sylhet_0171.wav,sylhet,"<> তো মনয়, ওনেখ সময় মারিয়াও আনিলিতা। না গো মারিয়া আনিবো খইত্তিকা। <> বাজারোর খতা খইলায় না? ওয়। বাজারো বউত সস্তা আছিল। ওইলে কিতোইবো? <> বউত খষ্ট <>।",তন মনসমায়মারিয়েও আনিাহা আইয়াহাইসুনি
test_sylhet_0172.wav,sylhet,"ইলা তো আফনেরে ফরে ফাইবোই। ওয়, ই সময়ের লাগি ইসময়ের ঘটো না। <> ওউ বেটারে মাতাইলে আরো হুনবা। না, আমরা আফনেরে <>",এলাকাও আপনারা পরে ফাই বই আমরার সাথে মা মলাগাহেই সময়র টনা সিবিঅবাব
test_sylhet_0173.wav,sylhet,"<> মাই বউ। <> বেটি আছে বালা খতা হাছিনা, কিন্তু <>মাইনষে বালা ফায় না।",খা আসাি গবিারাল
test_sylhet_0174.wav,sylhet,"ই এরিয়াটা ওনেক বেশি নিরিবিলি নানি? হুম। ইটা কিতা মাঠ মনোয়। হুম? ইটা ইস্কুলের মাঠ নি? ওয়, ওয় ওই দেখো নয়া উদ্বোধন ওই যাইবো। কলেজ? ওয়। হাতেম আলী উচ্চবিদ্যালয় না? ওয়ও।",রিটা অনেক বেশি নিরিবিাঠইদিকে ইস্কুলের মাটিডতকলেরহাতিমালি উৎে
test_sylhet_0175.wav,sylhet,"ওগু উদ্বোধনের লাগি ফুলিশের গাড়ি সম্ভবত। খালারা এম্নে ঘুরানিত যাইন-টাইননি? ঘুরানিত? হুম। কুনানো? এম্নে ফরিবার মিল্লা বা বাফের বাড়িত? না গো মাই, <> জিন্দেগি গেছে <> আমার বাফোর বাড়ি <>।",োামে ভুরআনে জাইনটাইেওই এমনি পরিবার মিলিয়া বাকর াইান্তি জিনে
test_sylhet_0176.wav,sylhet,"যাইতে ফারি না কুনু বায়দি। খালার মেয়ের বিয়া ওইছে খই? শাহপরানে। <> বুচ্ছি, তারা বাড়ি যাইন না? যাই। তারাও আইন কিবা?",কালারমিযের বি়সেক় ৪বুচছি তারারবার ইিজাইনে
test_sylhet_0177.wav,sylhet,"আইচ্ছা। ফুরিগুন সুখী, ওনেখ সুখী। ওখানো আমি খুশি। যাক আলহামদুলিল্লাহ! এখ ফুরির ছাইর দোকান, আরেখ ফুরির ছাইর দোকান জিন্দাবাজারোর মুখো আর কিতা।",পরিগুনযোকিওনে া নামে খুশি জ্যাকাঘামবেড় ি এখরের পায়ের দোকান আরা করে তায় দুগানিন দেয়া
test_sylhet_0178.wav,sylhet,"খালার ফুয়াইন্তে কিচ্ছু খরোইন নি? ফুয়াইন গো মাই ওতো হাই-ফাই কিচ্ছু নায়। এখ জনে মাদ্রাসাত ফড়ায়, টেখা-ফইসা ওতো নায়, ছলার মতো আরকি। আরেখ জনে ফড়রা ওনো যেলা দেখলা। আরেখ জনে <> খাম খররা। ওলা আরকি ইতা কুনু সুরত <>",ন্ত রা কিছু রৈনি আইসগাইন্ডে মাইলা হাইপাইকিত্রুনএকজনেত যও মাদ্রাসা সা া অটো ফয়সাওার মতোজনেরাওা
test_sylhet_0179.wav,sylhet,"বড়ো-সড়ো কুন্তা না। <> বুচ্ছি আসলে <> কিতা, আমরা উঠি তাইলে আজকে। ওয়, আইচ্ছা তে খালা ওনেক সময় দিলাইন। না, বুচ্ছি। ওয়, সন্তুষ্ট ওইলে আল্লা ছালাইন আরকি।",কিতা ছবে উঠি সহনআা আট একটামে কালাই
test_sylhet_0180.wav,sylhet,"<> শান্তি আছি গো <> মাইনষে দেখো খতো দুর্গতি খরে, বাড়ি-ঘর বেছা লাগে আছোইন খান্দাত। ওউ এখ শান্তি আমার ফুয়াইন নষ্ট ওইছে না। <> আমরা তো লেখা-ফড়া খরি আরকি, এখটা ফ্রতিবেদন লেখতাম ওউ আরকি। আমরার কোর্সের লাইগা আর কিচ্ছু না। ওখোন তো সন্ত্রাস ছাড়া কিচ্ছু নাই ঘরে, ঘরে।",তাব্রেডিওহোপাআমরা আমরা তো ফড়াশোনা ফরি স্টুডো একটা প্রতিবেদন লেকটারকোরসার লিগাই আর কিছু না
test_sylhet_0181.wav,sylhet,"ওয় তারার দুই বোইনের সাথেও মাত ওইছে, তারারে রাস্তাত ফাইছলাম। <> বান্দরের কাহিনী খও <>",তারা দুইবুনের সাথেও াতারা রাস্তা পেবান্ড
test_sylhet_0182.wav,sylhet,"বান্দরের কাহিনী কিতা? বান্দরে গো মাই আইয়া খামড়াইলায় ইতারে। বান্দরে কেম্নে? ইতা আতকা গো মাই আয় খইতনি, আইয়া ধুনাইলায় হুরুতারে।",রকাহিনি কি াতটা াবানধরা আইকেকি ওইসেডংগা হইতে
test_sylhet_0183.wav,sylhet,"<> আচ্ছা তে আফনারার ওনেক সময় নষ্ট খরলাম, কিচ্ছু মনো খইরোইন না। <>",আরাতে হ আপনারার অনেক সময় নষ্ট করলাম ক মনে রেন না
test_sylhet_0184.wav,sylhet,"ধরা লাগবো নানি? তোমরা ছাখরি-উখরি খররায় নানি? না, আমরা ফড়ি, ওনার্স ফাইনাল ইয়ার আরকি। ওই গিয়া থিসিসের কাজে আরকি পেপার-টেপার <> প্রতিবেদন লেখা লাগবো। <> আসসালামু আলাইকুম।",া আমরা পুরি রনার্সফাইনালি়ওইগেয়া টিসিসের কাজে ই১াকটার কনানি
test_sylhet_0185.wav,sylhet,<> আমরা দুই ভাই এখ বোইন। ভাই এখ জন মারা গেছোইন আর ভাই-বোইন দুই জন আছি। আইচ্ছা।,দুবার ২ু বইনবা২ ১জ
test_sylhet_0186.wav,sylhet,"দোয়া খইরোইন। আচ্ছা, আসসালামু আলাইকুম। সন্ধ্যা ওই যার না?",
test_sylhet_0187.wav,sylhet,"<> ছোটু বেলা তাইকা আফনার। ওখোন ফ্যামিলি, আফনার ফ্যামিলিতে খে, খে আছোইন? ছোটু বেলায় আমি যে কলোনিতে বড়ো ওইয়া আইছি ওউ কলোনি <>। আসলে আমরার ফ্যামিলি আছিল",১হোবাস্তবলা থাকে আপনারসনমানেখে মেলি আফনা েশেখে আসনআমিচেমিলিতে বুড়োইে ছিল
test_sylhet_0188.wav,sylhet,"মানে বড়ো ফ্যামিলি। আমার আব্বা-আম্মা, আমরা আট ভাই, আমি সহ নয় জন। তো আমি যখন ওউ ক্লাস ওয়ানো ফড়ি তখনোও আমার বড়ো ভাইর বিয়া ওইছে। তো তারফর তাকি বড়ো ভাই, বড়ো ভাবি",ড় প্রেমেঅনআামারাআকবাই আমি এ ৯জন আমি যখন ক্লাসওয়ানও করি তখনো অবল বড়বাই দিয়া হছি তারপর দেকে বড় বাই বড় ভাবি
test_sylhet_0189.wav,sylhet,"এবং আমি ক্লাস এইটো উঠার আগেও বড়ো ভাইর তিন মেয়ে। খাজের মেয়ে আছিন দুই জন লাগাতার তাখতো। আর খেতো খাজ খরার লাইগা আছিন এখ জন, গরু-উরু রাখতো। ভাবিরা, ফরে আস্তে, আস্তে ভাবির সংখ্যাও বাড়ছে।",ং আমি ক্লাজএইটউটার আদো বড়বার তিন মেয়ে কাজে গল ঠাথে দুই জন গর লাগাতা থাত শ্াতোকাজ করে লাগিয়াছিল একজন বুরুরুরাত বাবিরা করে আস্তাস্তে বাবির শংখ্য বাড়ছে
test_sylhet_0190.wav,sylhet,"মোটামুটি বাইশ-তেইশ জন সদস্য আছিল ফ্যামিলির মাইঝে। জয়েন্ট ফ্যামিলি। জয়েন্ট ফ্যামিলি। তে ইতা ফ্যামিলির মাইঝে যেমন আনন্দ আছিন তেমন দুঃখও আছিন। মাঝে, মাঝে ইস্কুল তাকি আইয়া দেখতাম ভাত-উত শেষ। ফাতিল-উতিল ধুইয়া এখটু তাখতো।",ুটি ২৩জন সদস্য জয়ন ফ্েমেলি ইতাহবেমনির মাঝে তেমনে আন্দ ছিলেন দুঃষ আসী মাতেরমাতের স্কুল থেকে আইয়া মাইা বাতুদশেষ দেই লুতিন তইয়া এক চট্টল থাকত
test_sylhet_0191.wav,sylhet,"তো ওইটুকু খাওয়ার। আবার সন্ধ্যাবেলা ভাবিরে খইতাম ভাবি ক্ষুধা লাগছে তে ভাবি খুইদ-উইদ দিয়া কিচ্ছু এখটা বানাই দিতাইন তেল-উল দিয়া ফোলাও। মুইট্টা খয় সিলেটি ভাষায় মুইট্টা। ওউ মুইট্টা খাইতাম, খাইয়া গিয়া ফড়াত বইতাম।",ৈতুকু খাওয়া বাসন্তান আগে পাবিলি মিত বাব কুতা লাগছে দেখা যেতে রানদার আগেও আমরা রেকি চেষ্টা বানায় নিতা উদভিয়া রতেলুনদিয়া মোজাবরিয়া ইউরোপনংলাকান গান্গিয়ারি তা মকযা করনি পরেছি লিটি বাসা নুটকা ওচাহাইতাম খাইয়াগেয় পরাধ দইতাম
test_sylhet_0192.wav,sylhet,"তো ইসময় কারেন্ট-উরেন্ট আছিল না। আমরা তো গ্রামো বড়ো ওইছি তো ইসময় কারেন্ট-ফারেন্ট আছিল না। তো আমরা হারিকেন দিয়া, কুফি দিয়া ল্যাম্প দিয়া ফড়তাম। তো ওতাত কেরোসিন ভড়া লাগতো। তো যেবালা ওতাত তেল ভরা",তো ঈসময় কারেল্টরিল টাতি নামলাত গ্রাকাবক রইছিল কারেন্টা ছিলনা আমরাহারিকেন্ দিয়া কুফি দিয়া ল্যাম্প দিয়া ফটতাম পতাক্থকে রুসিং গরা লাগত মালা ওতার মধ্যে তেলগড়ার
test_sylhet_0193.wav,sylhet,"আর ওইলো বার তাকি খাফোর-ছোফর ঘরো আনিয়া গুছাইয়া রাখা। মোরগ-উরোগ ঘরো আইলে ডাখানি। ওউ জাতের খাজগুলা আরকি আমার। ডাখানি বলতে? ওয়, ওয় মোরুগ-উরুগ ঘরো আনিয়া খাছার বিতরে ডাখনা দিয়া রাখা।",লে বাড়ি থেকে খাফর সুফর গরো ়আ নিয়া কুচাইয়া রাখা মুরুগুরুক বড়ও আইলে তার পাপানি ওদ্ধাতর কাজগুলা আছিলামার তাহত করিয়া ডদাফানুহলতামূরক অয়য় মুরুগের সাকার বিত্রে ঝুকাইয়ালানি টাংলা দিয়া রাখা
test_sylhet_0194.wav,sylhet,"তারফরে ওইলো গিয়া <> ইটা সিলেটি ওয়ার্ড নি? ওয়, ওয়। তারফর ল্যাম্প-উম্প জ্বালাইয়া গিয়া ফড়াত বইতাম। ওখনো ওতো জন সদস্য আছলা ফড়া ওইতো নি? ওয়, ওয় ফড়া বলতে বড়ো যারা তারা",িটুয়ারনি তাপানি ল্যামপুংসব ্রুমতলাইয়া দেওয়া াপরে জেপ্রশ্রামুত্তেই পড়তাম রিএখন এতজন সদস্য াফলা ফরাল হইত নিাে পরা লেখা বলতে বড় তারা তারা
test_sylhet_0195.wav,sylhet,"ছাইর-ফাঁচ জন ফ্যামিলির খারনে ওই এইট-নাইন ফড়িয়া বিয়া-ও খরিয়া কৃষি বেইজড ফ্যামিলি আছিল। তারা খ্যাত-উত লাগাইতা, গরু রাখতা। ওন্যান্য শাক-সবজি যে ইতা লাগাইতা।",সইাচজন াস্ামেলির কারণেও এটনাইন পরিয়ার পরতা পরছেন না তারা বিয়াগ়া করিয়া কৃষিপেজট ফয মেলিয়াছিল রাখে তুতলাগাইতা ভরুরাস্তা ও অনা্যেশীতখালহীন শ্বোষ্যতালাগাইতা
test_sylhet_0196.wav,sylhet,"বাকি আমরা ছোটু ফাঁচ জন আছলাম ফড়াত। তো ফাঁচ জনের মাইঝে সিরিয়ালি আমি আছলাম ছাইর নাম্বার। আমার ছোটু আরেখটা ভাই আছলা। তো আমরার আসলে কুনু টিচার লাগতো না, আমার আব্বায় ফড়াইতা। আমার আম্মায় আসলে কুনু ইস্কুলো গেছোইন না, আব্বায়",বাকী আমরা ছুটো পাঁচজল ইসলাম পরাদ পাঁচজনের মধ্যে সিরিয়ালি আমিয়া ইসলাম সাইনামারামার শুটু আরকটা বাই আছি ো আমরার আসলে কোনো টিচার লাগত না আব্বার করাইতা আমার মা স্কুলস্কুলো কেছুইনা আা
test_sylhet_0197.wav,sylhet,"এসএসসি ফাশ আছিল আগোর দিনোর। আব্বায় আমরারে অংক ফড়াইতা, ইংরেজি ফড়াইতা। আব্বায় ফড়াইতা বলতে আব্বায় সরাসরি আমারে ফড়াইছোইন না। আব্বায় ফড়াইছোইন এখবারে বড়ো যে ভাই তানরে। তে তাইন তানোর ছোটো জনরে। আমরা এখ ভাই আরেখ ভাইরে ফড়াইতা।",আগর দি তবা আম অঙক পড়াইটা ইংরেজি ড়াইা আবার ফরাইতা বলতে আমারের সরাসরি আব্যা করাইছিন না আব্বার করইছুনিদ্যমন্ডর পড় যে জন তান টেতে তাইন তালি ওর ছুটোদন দেতে এয়ার করে তাইন্দা ও সুটোজদরে আমরা একবারই আরকবাইরে পড়াইতা
test_sylhet_0198.wav,sylhet,"তো আমার টিচার সরাসরি আছলূ আমার বড়ো ভাই। তাইন ওখোন ওডিট ওফিসার। আর আব্বা হজাগ তাখতা, ফাশে বওয়া তাখতা খেয়াল রাখতা আমরা যপন মারামারি খরি না। আর আমরা এখ টেবিলো সবাই বইয়া ফড়তাম।",আমার টিচার সরাসরি আসলামা বড় ভাই ডি অিসা দি বাইটসার সৌ মেন্ডি ফোরসি র আব্বাউলা সজাগ ঠাক তার পাশে বইতার তা খেয়ালগাখতা ােখিনা আর আমরা একটেবিলও হইয়া সবাই করতাম
test_sylhet_0199.wav,sylhet,"ওখটা এখটা আনন্দের বিষয়। সব ভাই-বোইন মিল্লা? সব ভাই-বোইন বলতে আমরা ফাঁচ জন ফড়াত আছলাম, আমরা ছোটো ফাঁচ জন ফড়াত আছলাম। তে ফাঁচ জন ফড়লে ইসময় আলাদা, আলাদা ছেয়ার টেবিল আব্বার ফক্ষে ওতো কিছু মেনেজ খরা সম্ভব আছিল না। এখটা টেবিল আছিল, দুইটা ছেয়ার আছিল।",আন্দ বিষাস সবাই গোইিং বলতে পাঁচজন আসলামছুটো পাঁচজন পরাতপাঁচজন করলেও ইসময় আলাদা আলাদা চেয়ার টেবিল ওত কিছু মেলা ছোড়া আবার খুবকে সম্ভব ছিলা একটা টেবিল আতি ভিটার চেয়ারাসিল
test_sylhet_0200.wav,sylhet,"খেউ দাঁড়াইতাম খেউ বইতো। ওলা দাঁড়াইয়া, বইয়া ফড়তাম। আর যখন দেখছি যে না টেবিলো দাঁড়াইয়া ফড়তে, ফড়তে মানে ফাওউ বেদনা ওইতো তে আমরা টেবিলের তলে বই তাখতাম। তে মায়া খরিয়া আম্মা আইয়া খইতো আইচ্ছা আর ফড়া লাগতো না, আইয়া ঘুমাই যাও।",লদাঁড়াইতাম খুব বইত লাবইয়া দাঁড়াইয়া কুন র ফুন প়া রযখন দেখছি যে না টেবিলও দাঁড়াইয়া প়তে করতে মনে ফাউু বেঁদনালিত তখন আমরা টেবিলের তেলু বইতা আকতাম মায়াকরিয়া আমা়েব তার চা পড়ালাব্তনা হকুমারতা
test_sylhet_0201.wav,sylhet,"আর ঘুমাই গেলে যখন এম্নে ফড়তে বালা লাগতো না। আমার আম্মা এম্নে ফ্রাতিষ্ঠানিক শিক্ষা না। কিন্তু ফড়ার ফিছনে তানোর অবদান আছে। তান খইতা ও ফিত আরেখটু ফড়িলাও, আরেখটু ফড়িলাও। ই ইস্কুলটা ফাশ খরিলে আর খইতাম না ফড়ার খতা।",গুমাই গেলে বিসেমো যখন পড়তে বলা লাগত না আমারানা তেনে প্রাতিষ্ঠানিক শিক্ষা না কিন্তু পড়ার পিছনে আতানুর অবদান চতে তাই হইতা অফুধ পড়িলে অরেকটু কড়িলাও আরেকটু ক়িলাও ইস্কুলটাকাশকলিলা হইতামনা পরার কথা
test_sylhet_0202.wav,sylhet,<> মানে প্রাইমারি স্কুল ফাস করিলাইলে আর ফড়ার খতা কইতাম না। প্রাইমারি স্কুল ওতা খরি খরি যখন ফাস করিলাইছি। তখন আর আম্মার ফড়ার খতা খওয়া লাগে না। তখন আমি নিজেও দৌড়াই। আর বিশেষ করিয়া যখন ধান রইদো দিতো গো ধান রইদো দিলে,মানে প্রাইমারি স্কুল ফাস করিলা ফরার কোতাহইতামনা প্রাইমারি সফূলতাকরিম করি যমন ফাঁস করি দিছি তখন আ রাম মার ফোড়ার কোতা কোঁয়া লাগে না অনাজধুলাই আর বিশবাস করিয়া যখন দানুন রৈদিত দান রধ দিলে
test_sylhet_0203.wav,sylhet,"ই যে রইদের মাঝে ধান গাটা ধান গাটা কুব কষ্টোর আছিল। ই সময় কুটা লইয়া মুরুগ, আঁস ইতা কেদানি আরেখ ছাকরি। আর আমি আছলাম তো হুরু। আমার আছিল ওতা ছাকরি। <> আঁসেরে যদি একবার দাওয়া দিতাম তে আরেকবার ইটা আইবো। আইবো, আইবো।",জেরুদের মধে দানগাটা দান কাটা খুব কস্বর আছে র কুটালইয়া মুরুব আর টেশাদানেই আরা পাকরি ফুরু আমার শিলতা চাকরি একআশাকা যদি একবার তাবিদা আরে গ়
test_sylhet_0204.wav,sylhet,"গিয়া লাগতো। হিবায় দাওয়া দিলে আরেকবায় গিয়া লাগতো। তো ওতা আঁসের পিছনে দৌড়াইতে, দৌড়াইতে টায়ার্ড ওই যাইতাম। বাদে দেকতাম যে যেদিন ধান হিজাইছোইন ইদিন ইস্কুলের টাইম যদি ওইতো দশটাত আমি গিয়া বই তাকতাম আটটাত।",হিবা়তাউবিলা আরেকবার যালাগওথা আসের ফিসুনের দৌরাইতে দূরাইতে তায়ার রৈজিকা ে দেখতাম যেযেদিন দান হিজাইদিন স্কুলের টাইম জুতিতো দ০ টাত আমি কা বইতাকতা মারতা
test_sylhet_0205.wav,sylhet,"<> বাছবার লাগি <> ধান লইতো কিলা যদি আমারে না ফায় ই আঁস দাবানির লাগি দাবানির লাগি। তো ওতা খরি, খরি কুনু রখমে এইট-নাইন ফর্যন্ত ফরিলিছি। ইতা গাও-গ্রামো তো এইটো উটা মানে ফুরিন ই সময় ওইলো বিয়ার উপযুক্ত।",বা ঘরামুত়ত বিলতনে আমরা না পায় াতাকুড়ি ঘরে োনরকম এটনাই পর্যন্ত পড়েএটাগাও গ্রামতো এইটুউটা মানে ফুরিন ইষেমৈলবিয়ার হুত
test_sylhet_0206.wav,sylhet,তো তেরো-চৌদ্দ বছর ওই গেলে তারার গ্রামোর মানুষ আইও বিয়ার লাগি। কত মানুষ কইন্না দেখাত আইন। কইন্না দেখাত আইলে তে কইন্না বিটিয়ে হাঁড়ি -ফাতিল মাইনজাইতে ফরোইন নি? তে গর লেফতে ফারোইন নি? তে,১৩চ৪ বছর ই গিলে তারা গ্রামর মানুষ আইও বিয়াল লাগি পরথ মানুষ খৈন্যা দেখা তাই পন্যা দেখা তাইলে তেএখই নামিটে হাডিবাতিল মান দেতা পারেনি গোয়ারলেখতা পারেনি তে
test_sylhet_0207.wav,sylhet,"কাজ, খাম ফারোইন নি ওতা দেখতা। আর ভাবিন আছিল তো গরো ছাইর - ফাঁছ জন। আমার ইতা কাজ-উজ খরা লাগতো না। তে মনো মনো ভাব তো যে ই ফুরি ইগো মনে ওয় ভাবিরা বয়ে বয়ে খাওয়ায়। কাজ ফারতো নায়। তেই মানে ওনেকেরো ওতা প্রশ্ন তাকতো।",সজচম্পারুনি অতাদেকটা বাবিন আকিত বড় সাইফরাজু নামাইতা কাগুজ করা লাগতে না এত মনো মনে প্রাপ্ত যে ফুরিগু বাবিরা বইয়াবয়া হাওয়া শাস্বাত্য না মনে মনে সেরও অতাকরশণ তাত
test_sylhet_0208.wav,sylhet,ওতা ফারো নি গো? হতা ফারো নি গো? হতা ফারো নি গো? আর ভাবিরা কইতো না গো ওতা মাতিউনা গো। তাইর বাইয়েনতে তাইরে ফরাইতো। তাইর এস এস সি ফাস করলে ফরে বিয়া দিবো। যত মানুষো আইতো ও এস এস সি ফাস ওলা ওটা আছিল টার্গেট। এস এস সি ফাস টার্গেট ফরে দিয়া নি মুটামুটি একটা ঢাল।,বাবিরা হইত না গত মাতিওনাগো তাঁক বা়িনতে দাড়র়ে পড়াযইতো তাযই এসি ফাঁস করলে পড়ে দিয়া দিব যৌত্য মানুষ হয়ত ও এসএসি ফাসলা ওটাসিল টারগেট এসএনসি ফার্সট টার্গেট পড়ে লেনি মোট হট একটা ঢাল
test_sylhet_0209.wav,sylhet,"ওয়, ওয় এস এস সি ফাস টার্গেট। তে আমিও মনে মনে ভাবিয়া লইছি মনে ওয় এস এস সি ফাস করলে শেষ। ফরাশোনা আর ই লাইফ তাকতো নায়। আরেকটা নতুন লাইফ শুরু ওইবো। তো ইটা দরো, দুই হাজারের আগের কতা কইরাম আমি তখন দুই হাজার সালো ক্লাস নাইনো ফড়ি।",সিফাসাথানু মনে মনে বাবিযানে তরিকাস করে দিতে শেষ পড়াশোনা আর ই লাইফ টাপতনা একটা নতুন লাইফ শুরু হইব টার দ়ক ২০ আগের হোতা হইলা মি তখন ২০সালেও ক্লাস নাইবা পরি
test_sylhet_0210.wav,sylhet,দুইও ফরীক্ষা দিছি এস এস সি ফরীক্ষা। তে এর আগে এখটা জিনিস আমার কুব বেশি নাড়া দিছে। এটা ওইলো ও একটা জরিপ আইছে বোটের। বোটের যে তালিকা করোইন। ওতা নিবন্দনের ইও,দুও পরীক্ষা দিসি এসএসি পরীক্ষা তোএর আগে একটা জিনিস আমার খুব বেশি নাড়াতে এইটা হইল টা জড়ি পাইছে বুটের বুটের যে তালিটাকরণ ওতার নিবন্ধনে িও
test_sylhet_0211.wav,sylhet,আমরার ইউনিয়নের বোট আরকি। তো বোটোর তালিকা করার ইগুর দায়িত্ব ফরছে আমার বড় বাইয়ের উফরে। তে তাইন ই সময় এসএসসি ফাস করিয়া ফ্রি। তো ফ্রি তাখায় তাইনোর যে ফ্রাইমারি স্কুলের স্যার স্যারে দিছোইন যে আমার একটু জরিপ ওলা তথ্য লইয়া গ্রাম তাকিয়া আনিয়া আমার একটু হেল্প করো।,ইউনিউনোর ভুটাি তো ভোটার তালিকা করা রগুর দায়িত্ব প্রসা বড়তাইন হিসেবও এসেসি বা শুরিয়ে ফি ত ফিরি তাখায় তাইোরযে প্রাইমারি স্কুলের সার সাড়ে দিসমেন যে তথ্য মইয়া গ্রাম থেকে আমিয়
test_sylhet_0212.wav,sylhet,"তে বাই ওলা তথ্য লইছোইন। গিয়া দুই, তিন, ছাইর গ্রাম প্রতিদিন যায় গিয়া প্রত্যেকের কাছ তাকি নাম-ওম লইয়া আয় আনিয়া আইনজাবালা আমরা বইয়া ইতা দেকি। গ্রামো কত জনের লিস্ট আইছে কুন, কুন গ্রাম শেষ ওইছে। কে, কে আছে লিস্টো।",তেবাই অলাত্ব লৈশন যা দুতিন চা়গ্রাম প্রতিদিন যা গিয়া প্রত্যেকের হাত থেকি নামুন ডইয়া রআলিয়া আনাবলা আমরা বুইয়া ইতাদ দেখি গ্রামও কতজন লিষ্টাইসে কুনখুন গ্রাম শে ষুশেশেখে আছে লিস্ত
test_sylhet_0213.wav,sylhet,"নতুন নতুন বোটার হ। ইতা দেকিয়া নাম দেকিয়া আমরা বাই-বইনেনতে কুব হাসতাম। এতো বিদগুটে, বিদগুটে নাম আইতো। ইতা করিমুন্নেছা, কদুরেন্নেছা কিতার বাপ কিতার মা ওতা আছিলো তারার নাম <> বুছছোনি?",টারবর াদেখি নাম দেখি আমরা পাইবুনেইতো কুভাষকবে তুফিসুটেভি ঘুটে নামাই তো তা করিমুন্যেসা যদুকদুরন্লেসা কিতার বা কিতামা মধাসাহনেনা
test_sylhet_0214.wav,sylhet,ওতা নাম দেকি। ই সময় আমি তো খালি এইট তাকি নাইনো উটছি। তো আমারো মনে মনে টার্গেট যে আমারো তো এক সময় ওলান নাম উটবো ইতার মাঝে। ইলা চেক করতে চেক করতে একটা গিয়া আমার জিনিস মানে ব্রেনের মাঝে কুব হেমারিং দিলো। ওটা ওইলো গিয়া,া নাম দেখি ঈসময় আমিত্যুখালী একটু কি নাইনু উরসি তো আমারও মলে মনে টারগেট জামারতো ১০মলা না মুঠব তার মাজে ল্লাস চেক করতে চোক করতে একটা কেযা মেয়ার জিনিস মানে ব্রেগর মাজে খুব হেমারিং দিলে ওটাউইল গে়া
test_sylhet_0215.wav,sylhet,"যে প্রায় ফাঁছ-ছয় গ্রামোর মাঝে প্রচুর ওউ পুরুষ লোক আছিলৃ যারা ছাকরি করতো। হুম বিভিন্ন লেবেলের ছাকরি তারার দরো, পোস্ট ওফিসো কেও ছাকরি করতো কেও হাই ইস্কুলো ছাকরি করতো, কেও ব্যবসা বানিজ্য করতো। কিন্তু মহিলারার তো দেকলাম যে কেও ছাকরিজীবী না। সব হাউজওয়াইফ। সব হাউজওয়াইফ। আমার",প্রায় পাঁচশ গ্রামও মাঝে প্রচুর ওপুরুষরু কাছে যারা চাকরি করত বিভিন্ন লেবেলের চাকরি তারা দপুষ্ট্কিন্তু মহিলারাছে দেখলাম যে ফিলসাকরি জীবীরা সব হাউ হয় সব হাউসায় আমার
test_sylhet_0216.wav,sylhet,"ছতুরদিকে প্রায় ফাঁছ, ছয় গ্রামোর মাঝে একটা মহিলা ছাকরিজীবী নাই। ই জিনিসটা আমারে সবচেয়ে বেশি পেইন দিছে। যে ইটা কিভাবে সম্বব। যে আমরা এমন একটা এলাকার মাঝে বড় ওইয়ার যেখানো কুনু মহিলারা ছাকরি করে না। সবাই হাউজওয়াইফ।",চতুর দিকে প্রায় পাঁচছয় গ্রামও মাজা একটা মহিলা চাকরিজীবীনার ই জিনিসটা আমারা সবচেয়ে বেশি পেন দিচ্ছে চেমটা কিভাবে সম্য আমরা এমন একটা এলাকার মাঝে বড়োইয়ার যেখানে অগ্ন মহিলারা চাকরি করে না সবাই ভা়
test_sylhet_0217.wav,sylhet,"এবং আমিও দরছি যে হাউজওয়াইফ ইটা তো আমরার জন্মগত একটা ফেশা। আমার মা হাউজওয়াইফ, আমার দাদি আছিল হাউজওয়াইফ, আমার ভাবিরারে দেকিয়ার হাউজওয়াইফ। আমার বইনাইন, ছাছাতো বইনাইন, খালাতো, মামাতো বইনাইন সব হাউজওয়াইফ। তে আমিও মনে ওয় হাউজওয়াইফ ওইমু। তো আমি তো মিনিমাম ফরিলাইছি ইস্কুল খান",মি ধরসি যে হাউজুয়ায় ফিটা তন্রার জন্ম গতস্টা ফেশর আমান মায়ান বর তাদিয়া ছিলা উজমর বাগিদারা দেখিয়া হাউসই আমাত বইনের সাতাত্য দৈনেন খালাতমা মত বই নিন সব হাউধয় আমিও মনে হাউসয় পুরব তকামিতু মিনিমাম পরিলিতি স্কুলখান
test_sylhet_0218.wav,sylhet,মুটামুটি এইট-নাইন ফর্যন্ত ফড়িলিছি। আর যেহেতু ফ্যামিলি তাকিও খইরা যে মিনিমাম এসএসসিটা ফড়িলা। আর তখন ওইলো গিয়া প্রাইমারি ইস্কুলো এপ্লাই খরার লাগি যুগ্যতা আছিল মেট্টিক ফাস। আমি টার্গেট লইছি যে মেট্টিকটা ফাস খরিলিলে,মোমুটি একনযাইন পর্যন্ত পড়ে গিছি তু ফ্যামেলিতে কেওউ হইয়াযে মিনিমামে সেসিটা করিলা তখনোই লগে়া প্রাইমারি স্কুলোও এপ্লাই করা লাগি যুগ্যতাআছিল মেট্রিকফাশ আমি টার্গেটলুসিতি মেট্রিকটা ফাঁশ করি দিলে
test_sylhet_0219.wav,sylhet,"অন্তত প্রাইমারি ইস্কুলো এখটা ফরীক্কা দিয়া ছাকরিত ডুকমু যাতে আমার ফরিচয় খালি হাউজওয়াইফ অয় না লগে এখটা ফেশাও তাখে, চাকরিজীবী। ওই কিতা <> তাইলে আফনে লাইফের ওই মুমেন্টারে আফনে",ত প্রাইমারি স্কুলের পরীক্ষা দিয়া চাকরির ডুকমুচাতে আমার পরিচলখালী হাউসও়এই বয়নালোগেটা ফেশাও থাকে চাকরিজীি ওপিটা সুটারাইুইমোমেন্টা রাখ নেক
test_sylhet_0220.wav,sylhet,"পয়েন্ট আউট খরবা আফনের এই যে এখন আগানির দিকে? জ্বি অয় জ্বি অয়। ওটা ওইলো গিয়া দুই হাজার সাল। ভুটের তালিকাটা, আজ তাকি চব্বিশ, চব্বিশ বছর আগে। ওউ তালিকাটা যখন আমার কাছে আইছে, তখন আমি মনে মনে ইটা ভাবছি যে, চিন্তা ধারার আমি তো একটা ফরিবর্তন আইছে। আমি তো ফাস খরিলিলে মেট্টিক ফাস খরিলিলে আমারে বিয়াও দিলাইবা। আমি তো আর ফড়তাম ফারতাম না। আর আমরা তো পোবার্টি স্টাইকেল ফ্যামিলি।",পয়েন্টআউট হর বা আপনার এখন আগানের লিওটাও লগিযা ২০৭ ভুতালিকা ক্রিশ২৪ বছর আগেও তাওতালিকাটা যখন আমার কাছে আইছে তখন আমি মনে মনে একটা বাবছি যো তিন্তা ধারা একটা পরিমাণ ফ্যাস করে গিলে মেট্রিক ফাঁস করে লিল আমার ভিওি লেইব আমিতর পরতাম্পারতানা আমরা তো প্রোবার্টিস্টাইকুন ফেবিলি
test_sylhet_0221.wav,sylhet,"ওতো মানে ফড়ার ইয়ো নাই। আমার তো বংশোর মাজে অন্যাইন্য বইনানেরও ফড়াইছে না, দিলাইছে বিয়া। ইতা ওউ ওউ লেবেলে এইট-নাইনো উটছে বাদেও দিলাইছে। আর আমারে তো খর যে এসএসসিটা ফাস খরাইবা। তে যদি ফাস খরিলাই তে আমি ট্রাই করমু একবার যে দেকি ফারি কি না।",তপরারিও নাই আমার তো বংশের মজা অন্যান্য পইলানেরও পড়াইতেলা ধিলাইসি বিয়া তাও ও লেভেলে ইটনাই নুর্সের বাদ দিলাইছে আমারত পর চেছেসি চাকা সরাইা ফাস খরিলাই তমি ট্রাই করবু একবার জেি
test_sylhet_0222.wav,sylhet,"ছাকরি করিয়া <> ফ্রেশারটা যাতে তাখে না। হাউজওয়াইফ এর ফাশাফাশি যাতে আরেখটা কিছু তাখে। ফরে আমি ও টার্গেট লইয়া মনে, মনে পড়া শেষ খরছি। আর আমার বাইয়েরা আমারে কুব সহযোগিতা করছোইন ই ক্ষেত্রে। আর ভাবিরা",রি করিয়া ম পেশারটা যাতে থাকেনা হইফের পাশাপাশি দেদ রাকটাি ফরে আমি ও টার্গেট লইয়া মনে বলে ফরা শুরু করছ বাইয়েরা আমরা খুবসংযিবিতা রবাবিরা
test_sylhet_0223.wav,sylhet,তারা মনো করছোইন যে তাই তো গুরিফিরি আমরার লাখনওই ওইবো। তে তারাও টানতা কাজের দিকে। বাইয়েরা টানতা ফড়ার দিকে। আর আমার বিত্রে তো ওইলো গিয়া কিচ্চু একটা করতাম যে আমি যেভাবেই হোক আমি একটা প্রফেশনে আমার নাম তাখে একটা ছাকরি কর করমু।,ারা মনে কলছেন যে তাইতু গুলিফির আমরুল াখান ইব ই তারাও টামতা কাঁজের দিকে পাইরা তদ্বা পরার দিকে আর আমার বিত্রে তো গুলোগিয়া যে আমি জীবাগুলহ নামাল নামার পাশা একটা চাকি
test_sylhet_0224.wav,sylhet,"হাউজওয়াইফ তো ওইমু এটা তো আর আমরার জন্মগত ফেশা। এটা তো আর ফাইমু। ওউ আমি ফড়া শুরু খরছি। তো যে ইস্কুলো ফড়তাম ইটা তাকি বালা রেজাল্ট করিয়া বাইরোছোইন ওলা উদাহরন নাই। আমার বাইয়েন পড়তা বালা ইস্কুলো। কিন্তু আমার ইস্কুলটা এতো বালা আছিল না, নামেও না ইতা আরকি কুনুরকম কুনু ছুঁড়ত ফড়া।",তই মইটা তোর আমরার জন্মগত ফেশটা এটা তোর পাইহু ও আমি পড়া শুরু করছি যে স্কুলো পরতা ইতাতিকি বালা রেতল্ড করিয়া বাইনিছিল ওলা উদাহরণেআমার বাইয়েন পত্যা বালা স্কুল কিন্তু আমার স্কুলটাতো বালা ে এতাহকি কুনরকম কুওসুরতফ়া
test_sylhet_0225.wav,sylhet,"তো আমি ফড়া আরম্ব খরলাম। ফড়তে, ফড়তে মেট্টিক ফরীক্ষাও দিলাম। তো মেট্টিক ফরীক্ষা দিতাম যে আমরা তো গাও ও তাখি। গাও তাখি শহরো আইয়া ফরীক্ষা দিলে তুমার ও টাইমের বিত্রে আইয়া ফরীক্ষা দেওয়া যাইতো না। তো শহরো তাখতাম কই। ওখনো",োআমি প়ে আরম্ভ করলা পরতে পরতে মেট্রিক পরীক্ষাও দিলাম মেট্িক পরীক্ষা দিতাম যে আমরা তো গা অথা কি গাউতে কি সহর হাইয়া পরীক্ষা দিলে তোমার ও টাইমে ভিকটা যা পরীক্ষা দেওয়া যাইত না শহরও থাকতাম কইমনো
test_sylhet_0226.wav,sylhet,"ফড়ার একটা টেনশন। হোবায় নাই মানে আম্মা লগে, নাই হুম বাই-বইন লগে। খেও নাই। নতুন এখ জাগা। সব মিলাইয়া মানে কান্দি মনে, মনে কান্দি। আর হিবায় ফড়ি। আমারতো ফড়া রেজাল্টও বালা খরা লাগবো।",পরার একটা টেনশন হোবা নাইগমানে আম্মালগে নাই বাইবুন লোগেনাই খেউ নাই নতুন এক জায়গা সব মিলাইয়া খানদী মনে মনে খান দিয়া দি বা় ফডরি আমারত পো়াওল এগাদল্প পালা করা লাগব
test_sylhet_0227.wav,sylhet,"তো কান্দি, কান্দি ফরীক্ষা দিলাম দিয়া ওইয়া আইছি ওখন তো শেষ আমার ফড়া। ওউ বাড়ির রাস্তা একটা বুছছোনি? বাড়িত ঢুকবার একটা রাস্তা ছিকন আছিল। ফরীক্ষা দিয়া আইছি বাদে দেকি আমার বাইয়ারা রাস্তা ইগুত মাটি ফালায়। মাতা মাটি ফালাইয়া ইগুরে বড় করে।",তোকানদিঙান্দি পরীক্ষা দিলাম তিয়াউইয়ার আইসি অখনত শিরাসামার পডরা ও বাড়ির রাস্তা কটা উচছু নে বাড়ির ঢুকবার একটা রাস্তার সিকোলাত্রি পরীক্ষাদিয় আইসি বাদে দেখি আমার পায়ে না রাস্তায় গুটমাটিলায় মামাটি ফালাইয়া আগে বড় করে
test_sylhet_0228.wav,sylhet,"বড়ো ঝরের বাদে এখ জনে জিগায় কিতা বা রাস্তা ইগুন বড়ো খরো কিতা বা কুনু প্ল্যান আছে নি? খয় ওয়, বোইন এগুরে বিয়া দিমু, গেইট-উইট বান্ধা লাগবো, রাস্তা বড়ো না খরলে ইট আনবো কিলা? তার মানে আমি ধরিলিছি তারা দিলাইবো আমারে বিয়া। ওই যদি",বড় করের বাদেশ এখনে জিকাকিতা বা রাস্তা়গুলোর পড়া হরার দিকে তুমরা ুন প্লেনসেনি ফয়ওয়াড বোইন বিয়াদি মুখ গেইটুড বান্দাল লাগব রাস্তা পড়ও নামলে গিটবান মুখি লা অবায় জমাই াইব কাঁঠিয়াই গুযতাইতাইব তারমালে আমিধরে লিখছি যে তারা বিাইয়া অলডরেডি
test_sylhet_0229.wav,sylhet,"আরও প্রস্তাব আয়। বাদে মানে শিক্ষিত ফ্যামিলি তেকিও আয়। নিয়া ফড়াইবো, বিয়া ওই গেলেও ফড়া বন্ধ ওইতো না, মেয়ে ফড়তে ছাইলে ফড়াইবো তারা। ওতা বাদে",আরও প্রস্তাব বাদের বাকাসীকিত প্রেমিলিতিকেওয়ার কড়াইবনিয়া বেয়াউই গেল পড়া বন্ধ হইতো না মেয়ে পড়তে চাইলে পড়াইবতারা তাদের
test_sylhet_0230.wav,sylhet,"বাদে ওইলো গিয়া ইতা খরতে, খরতে খতো মানুষরে যে আমার ভাইয়াইন্তে না খরিয়া দিছোইন। না দেখি, আরেকটু দেখি, রেজাল্টটা বাড়ুক। ওতা, ওতা খইয়া দিছোইম তারারে বিদায় খরিয়া। ওবশেষে",বাদেইলগা কোতা খরতে হরতে পরতমানুষ্যকে আমার পায় এনতে না করিয়া দিসইন না দেখিে আর দু দেখি রেজলটা খন্টা বারো পতাহতা হইিয়া হয়ে বাদইয়া অবশেষে
test_sylhet_0231.wav,sylhet,ওলমোস্ট বিয়া ঠিকও ওই গেছেগি। বিয়া যার লগে ঠিক ওইছে এইন ওইলা গিয়া এখটা হাই-ইস্কুলের হুজুর। <> মেডামের <> ফাইছি। ওনেক ওইতিহাসিক আমরা জানি। <> খইন। হুজুর তান,ট ২ি়রঠিবই ে২িজার লোকে ঠিক ঐইছে এইনিলে জেয়াইস্কুলে হুজু মরা ম্যাডামের বিবাহ ফরফশালিং অনেক হইতে আছে কামরা জানি নিগলভটা
test_sylhet_0232.wav,sylhet,"হুজুর স্যারের লগে আমার বয়সের ফার্তক্য। আমি মাত্র মেট্রিক ফরীক্কা দিছি। আর হুজুর স্যার ওলরেডি ফাশ-উশ খরিয়া, ছাখরি-উখরি খরলা। <> ফনরো-ষোল বছরের গ্যাপ ওইবো খমপক্ষে। <> ইতা দেখিয়া আমার ভাইয়াইন বড়ো যারা তারা সিদ্ধান্ত লইলাইছোইন যে দেলাইবো। আর ছোট যারা এরা তো ধরো সিদ্ধান্ত তো দিতা ফারোইন না, মতামত তো দিতা ফারোইন।",ঝুসারের লোগে আমাদ ভৈয়সের পার্থক্রাম মাত্র মেক্টিক পরীক্ষাতি সিয়ার হু ুশার উল্টিা পাশুস করিয়া পড়াংড়া শেষ করে সাকরিন ভরা ধরিল খষঙগ্র োল বছরের িয়া ুভবক্কেরা তেইতার দেখিয়া আমার বাইনতে বড় যারা তারা সিদ্ধান্ত লইলেছুন দিলাইবা সুটোধারা এরাতোদ় সিদ্ধান্ত দিতাবারেন না কিন্তু মকামত্ব দিতা আবার়
test_sylhet_0233.wav,sylhet,"ওতো বুড়া বেটার খাছে বিয়া দিতাম না। আর ওতা খরতে, খরতে রেজাল্ট বারোই গেছে। যেও রেজাল্ট বারোইছে আর সারা জেলার মাঝে ফার্স্ট ওই গেছি। ওখোন তো ভাইয়াইন একটু লরিয়া-ছরিয়া বইছোইন।",মৌতো পুরানটাআর ওতা করতে হরতে ডিসিশন নেইতে লিতে রেদালবাডিরেং রেদলবাড়িসে সারা জেলার মাঝে যখন ফার্স্ট হইগেছি তবনতোবাইয়েনসেন্টুলোরিয়া
test_sylhet_0234.wav,sylhet,"ওদিনও আমারে ডাকছোইন। খুশি ওইয়া আমার দুই নাম্বার ভাইয়ে রেজাল্ট লইয়া আইছোইন তখন ছকলেট, ওরেঞ্জ মার্কা ছকলেট আছিলো বুচ্ছো নি ইতা? ইও দেন ছাইরটা এক টেখা <> ইতা তো আমরা ফাইছি। ওরেঞ্জ কালার ওতা",খুশি হইয়া আমার ২ন্রবাবাবাদিকিেজকল ইে চাইরানি চোখলেক তখন ওরেঞ্জ বাতা চকলে তাতেলজেস্যাকটেক ্যাগাজের ফালাির ় ওরেন্টকালার হতা
test_sylhet_0235.wav,sylhet,দশ টেখা দিয়া মনয় আমার ভাইয়ে ছল্লিশটা আনছোইন। আনিয়া সব ফুরুতারে উঠানো বাটিয়া দিছোইন। আমার রেজাল্টোর মিষ্টি। তো ওতা খাইয়া রাতকু বইছোইন ফারিবারিক মিটিং। মিটিংও ডাখলা। বুলে তুই তো বালা রেজাল্ট খরছস ওখোন,কলেট আমার বাই়ে মূলতশ টেখা দিয়াছল ্লিষটা মছল আনিয়ারসহ ফুলুদাইনরা ফেলা উঠানোর মাঝে তারারে সবারে পাটাইয়া দিছেন আমার রেজাল্ট ুর মিষ্টি প্রত্যাখাই হইয়া রাখ্তে বৈশুন পারিবারিক মিটিং মিটিংও ডাকলা তিতুবালার জাল্টফোরস যখন
test_sylhet_0236.wav,sylhet,"তোরে তো আমরা বিয়া দিলাইতাম। ওখোন তোর কিতা ইচ্ছা? তো আমি খইলাম রেজাল্ট তো খরছি, ওখোন আফনেরার ইচ্ছা, আফনেরা দিলাইলে তো দিলাইবা কিন্তু আমি ফড়তাম, আমার ফড়ার ইচ্ছা আছে।",তোমরা বিয়া দিলাই তা হুতরকিতা ইচ্ছা তমখইলাম রেজালতো হরসি এখন আপনারার ইচ্ছে আপনারা দিলাইলে তো দিলাই বা গাহির প়তা মামা পড়ার ইচ্ছা আছে
test_sylhet_0237.wav,sylhet,"আমরা ছুটির সময় গিয়া আনমু তোমারে তুমি হোস্টেলো তাখবা। আমি খইছি কুনু সমস্যা নাই, আমারে যেনো দেইন ইনো ওনো গিয়া আমি ফড়তাম ফারমু। আমারে খালি একটা রুম আর বইগুন তাখলেই ওইবো আর কিচ্ছু লাগতো নায়। তো তারা দেখছোইন যে আমার আসলে ফড়ার ইচ্ছা আছে।",িক সময় গিয়া গ্যঞানরুট মারে আমি বৈশাি কোনো সমস্যা না আমারে জিনো দেগনোগে অনিবর্তন পার আমার একটা রুমা রামারাও খালী বইগুন থাকে ওই পমরা কিছু লাগতে না তারা দেবছন জামার াসুলে পড়ার ইচ্ছা আছে
test_sylhet_0238.wav,sylhet,"আর বড়ো ভাই তখন খইলা, এর আগে আব্বাও মারা গেছোইন। বড়ো ভাই তখন খইলা যেহেতু আব্বা নাই, এখন যদি আমরা তাইরে বিয়া দিলাই আর তাই যদি",বড়বায়িত হই হইলা এর আগা়মালা বও মারা গেছ বড়বায় তখন হইলা যে যেত আব্বান নাই র এখন যদি আমরা তাই ভিয়ে বিয়া দিলাই তাই যদি
test_sylhet_0239.wav,sylhet,"সুখ না ওয় তে সারা জীবন আমরারে, খষ্ট ফাইবো আর আমরারে বদ দোয়া দিবো যে আব্বা নাই খরিয়া আমারে ফড়াইছোইন না তারা। ভাইয়াইন আমারে বুজা মনো খরিয়া বিয়া দিলাইছোইন। তো ওখোন তাই যেহেতু ফড়তো ছায় তে একটু দেখিলাই। ওউ দেখিলাই ডিসিশন শুনিয়া আমার বাই আমারে আনিয়া",ও সারাজীবন আমরা রকষ্ট ফাইবুয়ার আমলারে পদ্ম আাথি করছে আপবানাই করিয়া মরে ফ়াইছিবনেতারা বাইনেমারে জামনহরিয়াব়ভিলাইছে ো তাই জেতুফর্তস্যার আমরা একটু দেখিলেই ও দেখিলাই হয়েও দেখিলাই ডিসি সোনেমার বাইমরানিয়া
test_sylhet_0240.wav,sylhet,"ওনো সিলেট সরকারি মহিলা কলেজো, ওনো নিয়া আমার বাইয়ে ভর্তি ফরীক্কা দেওয়াইছোইন। ভর্তি ফরীক্কাত টিকছি, টিকার ফরে হোস্টেলো দিয়া গেছোইন। ওউ যে বারোইয়া আইছি ওউ স্টিল নাও বারে। আর যাওয়া ওইছে না। ওউ আমি বাড়ি তনি বারোইয়া আইছিলাম দুই আজার দুই সালো ফরীক্কার বাদে।",সরকারি মহিলা নলেজও অন নিয়ামাপায় ভর্তি পরীক্ষা দেয়া ভর্তী পরীক্ষা ঠিক্সি টিকারপরে অনু ভর্তি করা ছম ভর্তু করাইয়াও ঘোষ্টিল দেয়া গেছে জে বাড়িয়া আইসিএমই োষ্টেলও ওস্টিলনাওমি ও কোনো বাইরেংওয়াথি যাওয়া হইছে না ও আমার জীবনের লাশ বাড়ি থেকে বাইরিয়ে এসিলাম ২০য০২ সালে পরীক্ষার পাদে
test_sylhet_0241.wav,sylhet,"এসএসসি ফাশ খরার বাদে। ওখন দুই আজার ছব্বিশ, বাইশ বছর ওই গেছে। ফড়া ওবোস্থায় বিয়া ওইছে, ফড়া ওবোস্থায় ছাখরি ওইছে। এর বাদে তো তোমরা দেখছো। বিয়াটা আফনার ওনেক ওইতিহাসিক ওইছে, ই গল্ফোটা হুনতাম ছাই।",কবাদ২০২৪২ বছরউপরা অবস্থায় বিয়া ঐইছে পড়া অবস্থায় চাকরি দিচে ই অবস্থায় সংসারের ফরে তার বিযহাত াআপনো নেক ঐতিহাসিক এ ঘপটা সটাউনতাম পায়
test_sylhet_0242.wav,sylhet,"বিয়া আসলে, ইটা আছিন <> ইটা আসলে বিয়ার ব্যাফারে আসলে আমি খুব উচ্চবিলাসী না।",বিয়া আসলে চিকদেইটে ইঁটা আসলে বিয়ের ব্যাপরে আমি খুব উচছ বিলাশি না
test_sylhet_0243.wav,sylhet,"আমার স্বফনোগুলা খুব ছোট, ছোট তাখে। যেরখম আমি আমার এসএসসির ফরে টার্গেট আছিল যে আমি মিনিমাম একটা ফ্রাইমারি ইস্কুলো ছাখরি খরিয়া একটা ফেশা লাগাইমু। যখন আমারে ইন্টারো দিছে তখন আমার টার্গেট আছিল যে",স্বপ্নগুলা খুব ছুট ছুট থাকে জেনখমা মিয়েছে ত্রিপোরামোটা ইমাট একজাম মিনিমাম প্রাইমারি স্কুলে চাকরি হরিয়া আমরেকটা ফেশালা গাইব যমন মি আমার ইন্টারোথ স্োল তখন আমার টার্গেট বিসি
test_sylhet_0244.wav,sylhet,"ও এর আগে খইলাই, আমি তো এসএসসিতে যেহেতু জেলার মাঝে ফার্স্ট ওইছি তো বোর্ড স্কলারশিপ ফাইছি আরকি। তো ইন্টার ফর্যন্ত ফ্রি, ফ্রি ফড়িলাইছি। কিন্তু ইও লাগতো আরকি, হোস্টেলোর খরচটা লাগতো, হোস্টেলের খরচ তো আর",াই আমি টাইসেসিতে যেহেত জেলার মধ্যে ফার্সট হযইছি ত ভোট স্কলারশিপ পাইছি বোট স্কলারশিপের কারণে আমি ইনটার পর্যন্ত ফুরিফিও করি ডিসি অলমোস্ট কিন্তু উজা়েগিও লাগতে কি হুস্টেলতা ্তানগরি হোস্টেলে অসতাজনায়া
test_sylhet_0245.wav,sylhet,"ইটা আমার যে ওডিট ভাই তাইন টিউশনি খরিয়া মেনেজ খরতা। মানে আমরা তো কৃষি বেইজড ফ্যামিলি আছলা, আব্বাও আসলে কুনু ধন-সম্পদ জমাইয়া রাইখকা গেছোইন না। আমরা আসলে কুনু দিন কুনু ফ্রাইবেট টিচারের কাছে ফড়ছি না।",ই আমাযে অধিত বাই তাইন কিশোরিকরিকরিমেনের সত্যা তু কৃষিফ্েস্ট ফ্যামিলিয আসলা আব্বায়ওরা দমসম্পদ মানে জমাইয়ার এখটে গেছুন্না জেটা থেকি আমরা পড়াশোনার ফরচ চলত আমরা আসলে কোনোদিন কোনো প্রাইভেট টিচারের কাছে ফুরছি না
test_sylhet_0246.wav,sylhet,"যার, যার ফড়তাম। এখ বাই আরেখ বাইয়ে ফড়াইতা। তো ই বাই টিউশনি খরিয়া আমার হোস্টেলোর খরচ ছালাইতা। আর ইরখম ওবোস্থায় আমি ফিল খরতাম যে আমার বাই যে ওতো খষ্ট খরিয়া আমারে ফড়ানির টেখা দের, আমি আজকে এখটা দিন ক্লাস খরলাম, আমি আজকে কিতা ফড়লাম। আমার ইটা সব সময় খাজ খরতো হোস্টেলো তাখা ওবোস্থায়।",জারজার করতাম বাইরে একবার আরেকবাগে দেখাইতা ইবাই টিউ শুনি করিয়া আমার ঘু্টেলের ফরস্কাতাইা ইরকম অবস্থা নাম ফিল করতাম জামার বায়যেওতে কষ্ট করি আমারে পড়ার নি টেখাঁদ্দে রাতকান ষটা দি নামি ফাজ করলাম মিতেকিতা ফলাম আমা এটা সব সময় বেজ্টুনি মতু ঘুষ্টেলতা হবে
test_sylhet_0247.wav,sylhet,"আমি কিতা খাইরাম, খই তাখরাম, কিভাবে তাখরাম ওটার চাইতেও আমার খাছে বেশি খাজ খরতো যে আমি যদি বালা রেজাল্ট খরি না তে আমার ভাইরার মান-সম্মান খমি যাইবো। যারা বিয়ার মাত দিছিলা তারা মুখের উফর মাতবা।",মি কিতা খাইরা খই থাকরাম কিভাবে থাকলাম ওঠার চাইতো আমার মাঝে বেশি কাজ করত জামানের চেই কারণে বিয়া বাঙ্গাইয়া নিয়া হোস্টেলও দিলা আমি যদি বালাবেতল করি না বার বাইরার মানুসািমুখসতজিব যারা মেয়ানমার হেসেন তারা মুখেরূপ্রেম াআকবার
test_sylhet_0248.wav,sylhet,"যে দিলায় না বিয়া, ওখন ফড়িয়া কিতা ওইলো? ওউ তারারে এখটা জবাব দেওয়া তো দয়িত্বর মাইঝে ফড়ি গেছে, ভাইরার মান-সম্মান রক্ষা খরা। ওউ ফড়তাম, ফড়তে, ফড়তে আমার টার্গেট আছিল যে যাই হোক মিনিমাম ফার্স্ট ক্লাস যাতে তাখে।",তখন পরিয়াকৃত হইল ও কারাদে এটা জবাব দেওয়া তখন দায়িত্বর মাজে ফ়ে গেছে বাইরার মানসম্মান রক্ষা করা ও ফরদাম পড়তে পড়তে আমার টার্গেট আছি যে সাইওদ মিনিম ফ্াস্ট ক্লাসটা জন্য থাকে
test_sylhet_0249.wav,sylhet,"তো মিনিমাম ফার্স্টক্লাস তাখা তো ফরের বিষয় আমি ইন্টারো বোর্স স্কলারশিপ ফাইয়া ফাশ খরছি। তো বোর্ড স্কলারশিপ ফাইয়া ফাশ খরছি, ফরীক্কার বাদে বাড়িত গেছি আবার ওলা ধরছোইন মানুষে।",মিনিমাম ফাস্টলাস খাঠার তোনে পরের বিষ মিতাফর ইন্টারো বা গুরস্কলাশিপাইবোরস্কলা শিপাই ি ফরীক্ষাদেওয ়াবাদের বাড়িত কেতে আবারলা ধরসির মানুষে
test_sylhet_0250.wav,sylhet,"যারা এসএসসির বাদে আইয়া ধরছিন, তারা আবার ইন্টারোর বাদে আইয়া ধরছে। ইবেন সবচেয়ে মজার বিষয় কিতা জানো নি, আমরার ফাশের গ্রামো আছিন একটা টিচার। তার বউ আছিন বিএ ফাশ, তার বোইনও একটা আছিন শিক্ষিত।",এসিরবাদে ইয়া দুর্চিল তারা বান ইন্টারো গা দাইয়া তরছে ইবেন সবচেয়ে মজার ব্যাপার কৃতা জলেলমডার পাঁশের গ্রাম টিচার আছি ও টিচার বউ ডিএফািতার বৈনু আকখষ একটা শিক্ষিত
test_sylhet_0251.wav,sylhet,"কিন্তু ইতা খেউ জব খরতো না। আর ওউ সময় দিলাইছে ফ্রাইমারি ইস্কুলোর সার্কুলার। আইয়া খয়, বোইন তোমার খাগজ-ফত্র, সার্টিফিকেটটা দেও। আমরা এপ্লাই খরিয়া দিমু, তুমি খালি ফরীক্কাখান দিবায়।",বিতা় সেযোগ করতো না ওৌসময় দিলাইকে সারকুলার প্রাইমারি স্কুলে তখন আইমবই তুমা কাগজচত্র খালি সার্টিফিকেটা দেওয়া একটা ছবি দেয়াও আমরা এ্প্লাই করিয়াদি মতুমিখালি পরীক্ষা সম্পাদি বা়
test_sylhet_0252.wav,sylhet,"আমার বোইনাইনও ফরীক্কা দিবো। তুমি তারারে একটু সহযোগিতা খরবায়, দেখাইবায় যাতে তারার ছাকরিটা ওই যায়। তুমি তো ওনেক ট্যালেন্ট মেয়ে তুমি ওতা ছাকরি খরতায় না। কিন্তু আমরার একটু উফোখার ওইবো তুমি যদি দেও।",মার বৈনাইনবীক তুমি তারাল্লগে পরীক্ষার ক্রমতা দিপা র তারা এসটু সহযোগিতা করবার দেখাইবার যাতে তারা চাকরিটারই যায় তুমি তো অনেক কেলেন মেয়ে দুমতা স্বাক্ী হরতায় না দমলারের টুপোকারউব তু যদি দেযও
test_sylhet_0253.wav,sylhet,"তোমার এখ টেখাও খরচ ওইতো না, তোমারে আমরা নিমু, তোমারে আমরা আনমু ওতা, ওতা। ওখোন তাইন টিচার মানুষ, তাইনরে আমি কিচ্ছু খইতাম ফাররাম না। বাদে ঘর তিকা আমার বাই এখ জন বারোইয়া খইছোইন তাই যদি ফরীক্কাটা দেয় তে আফনার বোইনের ছাকরী হোক আর না হোক তাইর ছাকরি ওই যাইবো। আর তাইর যদি ছাকরি ওই যায় তে তাই আর আগাইতা ফারতো না, ওগু তাইর লাস্ট টার্গেট, লাস্ট বর্ডার ওই যাইবো। তে",মোট একটাসহ খরচ লাগত তখন তাই টিচার মানুষ নাইনদে আমি কিচু হইতাম পারলাম না গরতিকি মারা বা২ একজন বারিোন তাই জুদি ও পরীক্াতা দেয় আপনার বুনোর সাক্রি হক ন তাইউি তাই চুতি সাতরিকান্তা ঐইজা তাই আর সামনে আগাইতু তাওগুতাইত লাশ টার্গেট লাশ বরডা ইজিব
test_sylhet_0254.wav,sylhet,আফনারার বোইনের সুবিধার লাগি আমরার বোইনের অসুবিধা আমরা তৈরি খরতাম না। তাই যেহেতু আইএ ফরীক্কাতও বালা রেজাল্ট খরিলিছে আমরা দেখি তাই আরেকটু ফড়তো ফারে কিনা। আমরা আরেকটু দেখিলাই। ই ধরনের লোভ দিয়া তাইর লাইফটা নষ্ট খইরোইন না। ইটাত টিকলেও তাইর ফড়াটা বন্ধ ওই যাইবো।,আপনারা বইনের সুবিধার লাগে আমার বুনর ওসুবিধা আমরা তৈরি েহেতু ও আয়েপরীক্টাত বাংলারতার করিলিসেন আমরা দেখি তাই আরেকটু করত পারে কিনা আরেকটু দেখিলাই ইধরনোর লুপ দিয়ে আমার বুলে লাইকটা নষ্টা েএটা ইটা তাই টিক্লো ত্যাগ পরাটাবন দৈি
test_sylhet_0255.wav,sylhet,"বাদে স্যার এখটু মন খারাপ খরিয়া গেছোইন। ওলা বিয়ার ফ্রস্তাব লইয়া আইছোইন ওনেখে, মন খারাপ খরিয়া গেছোইন। ওখোন বাইয়াইন্তে একটু মুড চেইঞ্জ খরিলিছোইন আগের যে খইতা যে এসএসসিটা ফাশ খরিলা। ওখোন আর ইলা খয় না। তাই যেদিন ছাইবো ওলাও, তাই যেদিন ছাইবো ওদিন বিয়া। ওখোন আর আমরা বিয়া দিরাম না।",রএকটি মন সারাফ করিয়া গেছি বেয়ার প্রস্তাব লইয়া আইসেন বুহুতে তারা িরি সব জায়গায় অখন বায়েন তেএু মুঠ চেন্জ ফরি লিছেন আগের যে একইতাযা সিতিটাফাস করিলা কখন আর ইয়া কইলানা কারোইতে দিন তাইকো লাও তাই যেদিন সাই বদিন বিয়া কখনার আমরা বিয়া দিরামনা
test_sylhet_0256.wav,sylhet,"বাদে আনিয়া কোচিংও ভর্তি খরাইছে। কোচিংও যখন ভর্তি খরাইছে <> হাওয়াফাড়া, জিন্দাবাজার। তো আমরার মতো একটা ফ্রান্তিক অঞ্চল তাইকা, কলেজো তো ফড়িলিছি হোস্টেলো তাকিয়া। তো ওখন কোচিংও ফড়তে গেলে তাখবো খই?",আনিয়া কোচিং ও বর্তি হরেছে কোচিংও যখন বর্তি করেছে পজিট্রণ কুচি ওটাহওয়ািৈনিকি হাওয়ারা দমরানতবলা প্রান্তিক একটা পরিবারটি কি একটা কুচিংও রাখা পলে যত পরিলিসি উষ্টিলথা কিয়া ধখল কোচিংও করতে গেলে থাকবুকই
test_sylhet_0257.wav,sylhet,"রানতাম, খাইতাম ও খরতাম। তো ওন তাকি হাটিয়া, হাটিয়া, নাইওরপুল তাকি হাটিয়া, যাইতাম ফ্রতি দিন কোচিংও। কোচিং তাকি হাটিয়া হাটিয়া নাইওরপুল আইতাম। আওয়ার সময় বাজার-উজার খরিয়া আনতাম, রানতাম, খাউতাম, ফড়তাম। ওনেখ সময় ভাবতাম যে আমারে যে",দন্তুকে আটিয়াটি না়েরফুল থেকে আঁটিয়াটি প্রতিদিন রাইতামকুচি কোচিং থেকে হাঁটিয়ে টিয়এবার নাইফুলাইতাম আওয়ারসহবা জাবজর করিয়া আনতামানিয়া ামারতাম খাইতারেিবাপা ে
test_sylhet_0258.wav,sylhet,"বাইয়েরা কোচিংও দিলা, আমি যদি ভার্সিটিত চান্স ফাই না তাইলে তো সব ফরিশ্রম বৃথা যাইবো। এতোক্ষণ ফর্যন্ত যতো ফরিশ্রম খরছি সব শূন্যর কোটায় আইবো। আমার যেম্নেও ওক",বইরাকুচিহ দিয়ইুনিভার্সিটির চানসনা তাইলেতো ওসব্পরিশ্রম বৃধে ঐইবতৎ অতক্ষণ পর্যন্ত্তো পরিষক যে সব সুনদর কোটাতাইন আমার জেমনেও
test_sylhet_0259.wav,sylhet,"তো আমার ভার্সিটিত চান্স ফাইতোইবো। তো এর মাঝে খই আমি তো আর্টস তাকি ফড়ছি। আমি যে হাই-ইস্কুল তাকি ফড়ছি ইগুত তো সাইন্স আছিল না, সাইন্সও আছিল না। ওখন আর্টস তাকি ফড়ছি দেইখা আমার ভার্সিটির ইও তো লিমিটেড ওই গেছে। স্কোপ, স্কোপটা। যে আমি তো সবকিছুর মাইঝে এপ্লাইও খরতা ফারতাম না।",এর মাঝে খ় আমিতো আরসিটি পোরসি েই প্রাই আগে হাইস্কুল জেটা ফোর্সিওাইসুি বিজ্ঞদ্তি দিদে আমার পারসিডি জিওটো লিমিটে গেছে স্কোকটাচামিতশক্তির মাঝে এযাপ্লায়ও করতে পারতাম না
test_sylhet_0260.wav,sylhet,"খালি একটা ইউনিটো এপ্লাই খরতা ফারমু। তো ওউ এখটা ইউনিটো নিবো তিনশো জন। তিনশো জনের মাইঝে আর্টস তাকি এখশো, কমার্স তাকি এখশো আর সাইন্স তাকি এখশো। তো ওখন আমার স্কোপ তো লিমিটেড ওই গেছে। তো সীমিত হওয়ায় আমি",খালি একটা ইউনিটও অযাপ্লাই র ও ইউনিটোর সর্বোচ্চ তি০ শ জন নিব তিন ০ জনোর মাঝে আরসতিকি নিব তোমার ১০সাইন্স থেকেই আরো ১০ বামার সিকে র পলা করিয়া খন তো আমার স্কোপটা খুবই সীমিত য়ে গি়েছে ুসীমিতহওয়ায় আমি
test_sylhet_0261.wav,sylhet,"কিতা খরতাম আল্লা! সব সময় দোয়াও খরতাম নামাজ ফড়িয়া যে তিনশো জন তো নিবো, তিনশো জনের মাইঝে তিনশো নাম্বার স্টুডেন্ট যেনো আমি ওই। আমার এখ নাম্বার, দুই নাম্বার হওয়া লাগতো না, আমি মেরিট লিস্টো তাখতে ছাই না। কিন্তু আমি",সবসময় দুয়বকর্তা নামা নিয়া গেল ৩০ জনত নিবাহ ৩০ জনের মধে ৩০ নম্বর চে স্টুডেন্টা উইব ও স্টুডেন্টাউজন ামিউই আমার একনাম্বার দই নাম্বার ওয়ালাগতো না আমি মেরি কিষ্ট থাকতে চাইনা কিন্তু আমি
test_sylhet_0262.wav,sylhet,"লাস্টের দিকে ওইলেও আমি যেন আমি চান্স ফাই। আমি যেন শেষ নাম্বারটা ওইয়াও চান্স ফাই, আল্লা যেন আমারে নিরাশ খরোইন না। ইরখম একটা ওবস্থার মধ্যে দিয়া যখন গেছি, বিয়া-সাদী, ফ্রেম ভালোবাসা ইতা নিয়া ভাবার কুনু ফুরসতওই আমার আছিল না।",লাশটের দিকে ওইল আমার যেন আমি ঋীশিমদ্রান্স পাই আমি যেন শেষ নাম্বারটা হয়েও যেন তাজ আমারের আল্লায় যেন নিরাস করেন না আমি ওখান খালি আাে সাইতামার ফটতাম ই রকম একটা অবস্থান মধ্য দিয়া যেহেতু গেছি বিয়া সাঁধী প্রেম ভালোবাসা অতানিয়া চিন্তাগড়ার কোন ফুশ্রতই আমা রাফিলনা
test_sylhet_0263.wav,sylhet,"তো ইতা নিয়া কুনু দিন ছিন্তাও খরছি না। তো যেহেতু ওতা নিয়া ছিন্তাও খরছি না, আমার এসএসসি ফর্যন্ত আছিল। আর যখন গেইট তাকি বারোই গেছি, এরফর তেকি টোটালি ইতা মাথা তেকি ঝাইড়া ফালাই দিছি যে",ইতালিয়া কোনোদিন চিন্তও বরছি না চেতলতা নিয়া চিন্তা কোরষিণা ইটা টুটালি সময় আমার এ্যাসোসি পর্যন্ত আসি লিঘু মাতার মাঝে যখন ও ব্যত্তিকেমি বাইরে গেছি এরপর তিকিইটা টুটালির মাতা থেকে চারিয়া ফেলাইদেছি
test_sylhet_0264.wav,sylhet,"আর আফাততো ই ভুত যেনো আমারে না ধরে। এরফরে তো ভার্সিটিত ফরীক্কা দিছি, টিকছি। টিকছি বাদে বালাও, ফ্রতম দিকেও রইছি মেরিট লিস্টো তাখায়। তখন",আর আপাত ইব বূথজে নমারে না ধরে তার ফলে তো বার্ষিকীতে পরীক্ষা দিলাম এ্াডমিশন টেস্ট এ্যাডমিশন ট্যাস্ট দেয়া ফিক্সি টিটিয়া ভালো প্রথম দিকেও রইশি মেরে কলিষ্ঠতা হায় তখ
test_sylhet_0265.wav,sylhet,জীবনের মোড় গোরানোর মতো একটা ওবস্থাত আইয়া ফরছি। তো ভার্সিটিত ভর্তি ওইলাম। আর যেহেতু মেরিট লিস্টো আছলাম তো তারা ফ্রতম তিকাই হোস্টেলো ইও খরছোইন মেধার ভিত্তিতে সিলেক্ট খরছোইন। তো ফ্রতম দিন তিকাই হোস্টেলো,জীবনের মূর ঘুরানুর মতো একটা অবস্থা তাইয়া পড়ছি ার্সিটি তিহই়া যেহেতু মেরি করিস্ণ আসলাম তুমেরি ক্রষ্টের প্রথম থেকেও হষ্টেল উঠা বেধাটিতে ত প্রথম দিন থেকেউ ষ
test_sylhet_0266.wav,sylhet,"চান্স ফাইলিছি। তো যে দিন আমার ক্লাস শুরু ওউ দিন বৃষ্টি আছিল আমার খুব মনো আছে। তো আমি তখন জানি না, আর আমার ভাই তখন শাহজালাল ভার্সিটিত ফড়তা। অর্থনীতিত ফড়তা। তো তখন মোবাইল ফোনও আছিল না।",যেদিন আমার ক্লাস শুরু ধিন বৃষ্টি আছি ু মনে আছে বৃষ্টি আসিল আর ক্লাস ু রইছে আমি জানিনা আমার বায়াই তখনবার সেটিত করে সাজাবার্শিকিতে মার ভাই অর্থনীতিক ফরা তখন মোবাইল ফোনও আছিল া
test_sylhet_0267.wav,sylhet,"তখন দোখান তাকি, সালটা খতো? ইটা দুই হাজার চারের শেষ, ফাঁচের শুরু ওলা ওবোস্থা। তো বৃষ্টির দিন আমার ভাইয়ে দোকান তাকি ফন দিছোইন বাড়িত যে ওলা আমারে লইয়া যাইতা। কিন্তু খে যে আমারে লইয়া আইতো, ভাড়ার টেখা নাই, খে আইতো আমারে লইয়া? ইতা খরতে, খরতে আমি ফ্রতম ক্লাসো আইছি না। আমি ইদিন সারা দিন খানছি।",দুকানথিকি শাল্টাপথরমানা মি সময়টা ২০৪র শেষ পাচের শুরু অলা অবস্থা বৃষ্টির দিন আমার বাইি ফোন্ ডিসন দুকানো দোকান থেকেই আমরা বাড়িত খবর গেছে যে অলা র লইয়া যাইতাকন্তু সেজামারে লইয়াই তো বাড়াত টাকা নাই সে আইতোলগে ইতা করতে করতে আমা প্রথম ক্লাস ওঅর্ব নামি আইছি নামিএদিন সারা দিন আনচি
test_sylhet_0268.wav,sylhet,"আমার ফ্রতম ক্লাসটা ইউনিভার্সিটির, ফ্রতম ক্লাসও মিস খরিলিছি। ভাড়ার টেখা নায়, আমার ভাই তখন ফ্রি নায় তখন তারা খাজ খরের। খ্যাত লাগায়, বৃষ্টি। ওতা একটা অনুষ্ঠান। তো যাই হোক, আমারে লইয়া আছোইন, আমার খান্দা-উন্দা তামানির লাগি দুই দিন ফরে লইয়া আইছোইন। আইয়া",ামি প্রথম ক্লাসটা ইউনিভার্সিটির প্রথম ক্লাস রমে বিস ফোরিলিসি ভারাকটাখা নাই আা পাযই ভ্রি নায় তখন তারা কাজ করের খেত লাগা বৃষ্টি অতা অবস্থা যো জাইয়ক ফরে আমারের লইয়া আইস নামার কাম্দং দা সামল্যান্ডের লেগে দুদিন পরে লই় ই
test_sylhet_0269.wav,sylhet,"ফরে দেখলা যে, স্যারোর লগে মাতলা, মাতিয়া খইলা যে তাই হোস্টেলো তাখতা ফারবো, তাইর মেরিট বালা। আমরা ফ্রতম দশ জনরে সিলেক্ট খরছি, এর মাঝে তাই আছে। তে তাইরে দিয়া যাইনগা হোস্টেলো। ওউ আমি হোস্টেলো উঠলাম।",ইউনিভার্সিটির টিচারালত মাতলা মাতিয়া মরাজে তাই হুস্টিল থাকত পারব বালা প্রথম ধশজনকে ফিলেফ্টঠুরসি দেনাতে তাই আসে দিয়ানি়া ওঅমি উষ্টালো উঠলাম
test_sylhet_0270.wav,sylhet,তো উঠার ফরে তো ফড়া শুরু খরলাম। তো তখন তো ইতা কিচ্ছু বুঝি না যে ইউনিভার্সিটির গ্রেডিং বা ফয়েন্ট। তো আমার ভাই আমারে টার্গেট দিছে যে তোমারে বি প্লাস ফাওয়া লাগবো। বি প্লাস কিতা? বি প্লাস ওইলো থ্রি পয়েন্ট টু ফাইভ। ওখন থ্রি পয়েন্ট টু ফাইভ,উটার ফোরে তো পড়া শুরু করলাম তখন তই ত্া কিছু বুঝিলা ইউনিভার্সিটির ওগ্রেডিং বা পয়েন্ট পড়াবে কালিতাকিছুখিস্তাম নাতো আমার বায়েময়ে টার্গেট দিতে তোমারে বিপ্লাসলাক বপ্লাসকিতার পিপ্লা থ্রিপ২ু৫ বিথ্রিন্ট৫
test_sylhet_0271.wav,sylhet,"ইটা ফাইতে গেলে, ওখন সাব্জেক্ট ফাইছি ইংলিশ। তে ওখোন ইংলিশ সাব্জেক্ট তাকি ইটা ফাওয়া ওনেক কঠিন। তো ইটা তো আমি ফয়লা বুচ্ছি না। ফার্স্ট ইয়ার ফরীক্কা দিয়া, ফার্স্ট ইয়ার যখন রেজাল্ট দিছে তখন থ্রি পয়েন্ট জিরো এইট ফাইছি।",া গ্র্যাডভাইটা গেলে ৫ইসি সাবজেক্ট ইংলিশ এখন ইংলিশ সাবজেকটিকে ইটা পাওয়া অনেক কুঠি তিতম পয়লা বুঝছিনা ফাঁসটিয়ার্ম পরীক্ষা দিয়া ফার্সে মিস্টা জকুর জাতাসে তন থ্রি্ ০িরো১৫
test_sylhet_0272.wav,sylhet,"ওখন তো ইগু টু ফাইভের ধারে-খাছেও গেছে না। ইত্তো শুরু ওইছে আরেক কান্দা। যে ভাইয়ে তো আমারে টার্গেট দিলা, আমি তো টার্গেট ফর্যন্ত ফৌঁছতা ফারলাম না। তখন ভাই খইলা যে সমস্যা নাই, ই তো আটটা সেমিস্টারে। তো ফরেরগুলাতে বালা খরলে ওইবো। তোমার রেজাল্ট বালা ওইবো তুমি আরেকটু ফড়ো।",তই গুটুফাইবের ডারেগাসও গেছে না ইত শুরুইসে আরেক কাম্বা বায়ে তোমারে টার্গেট দিলে আমি তো টার্গেট পর্যন্ত পৌঁচতে পারলাম না খন য়ইােসবস্য না এটা তো অনেক আটাচছ মিঃ এক্সি মিস্ট গেসের ফরেসি মি বালাহল
test_sylhet_0273.wav,sylhet,"তো ওতস, খরতে, খরতে ওখোন মেইন টার্গেট ওইছে গিয়া আমি ভাইয়েরারে খুশি খরতাম। যেহেতু ভাইয়েরা আমারে খুশি খরিয়া আনিয়া আমারে ফড়াত দিছোইন। ওখন ভাইয়েরারে খুশি খরা, ভাইয়েরারে খুশি খরা মানে আমার রেজাল্ট বালা ওইলেই ভাইয়েরা খুশি। তো ভাইয়েরারে খুশি খরার লাগি আমি ফড়ি, ফড়ি",তোথা করতে করতে আমার টার্গেটইল এখন মেইন টার্গেটে গিছেবাইযেরেরা খুশি যিন্তু বায়ের আমারা খুশি করিয়া নিয়ে পরাধ বিসন আমি এখ বাইরবাইরারা খুশি করামানা আমার রেগল বালাউইলে বায়রা খুশি ও বায়েরারা খুশি করার লাগে অখন পডরি পরি পরি
test_sylhet_0274.wav,sylhet,"এক সেমিস্টার যাওয়ার ফরে, সেকেন্ড সেমিস্টারে আমার ভাই আইয়া খইলা ফ্রাইভেট ফড়াইতায়নি? তো ইটার অর্থ ওইলো গিয়া ভাই নিশ্চয়ই আমার বই কিনিয়া বা আমার যে খরচ-উরচ দিয়া তাইন টায়ার্ড ফিল খরোইন। খারণ তাইন নিজেও তো এখ জন স্টুডেন্ট।",এক্সে মি জাওয়ার ফোরা সেকেন্ডসে মি রমা বায়ইয়া ফুলা এ প্রাইভেট ফোরাইকতাহনী টার অর্থ হইল গ্যা ভায়নিশ্শু আমার বৈকি নিয়া বা মার্যা ফরস রুল দিয়া ভায়ু টায়ার ফিতার নিজেওতা দুস্টুডেট
test_sylhet_0275.wav,sylhet,"তে তাইন আমারে খইলা ফ্রাইভেট ফড়াইতায়নি? আমি খইলাম কুন জাগাত? ফরে জাগার খতা খইলা, আমি খইলাম আমি ডরাই আমি ফারমুনি ভাই। খয় তুমি ফারবায়। ফরে তাইন নিজে আমারে নিয়া টিউশনির বাসাত ফরিছয় খরাই দিছোইন, ফ্রতম টিউশনি। টিউশনিত দের হাজার টেখা দিতো।",প্রাইভেট পরা গাতাই জায়গার কোথা বইবে পড়ে লা ারমুলতাইম নিজে আমারে লিয়া টিশুনির্বাসাদ পরিচয় গরাইয়ার দিয়া টিশু নিতিশন প্রথম টিউশুনেই শুরু করছি চিশনে দেহাজারটা হাতিত
test_sylhet_0276.wav,sylhet,দের হাজার টেখার টিউশনি মানে তো ধরো আমার খাওয়া-খরচ সারিয়া হাত খরচও ছলি যাইবো ওলা ওবোস্থা। তো ইতা টিউশনি একটা খরার বাদে সাহস ওই গেছে। ভার্সিটির বাসে আওয়া-যাওয়া খরি। ভাড়ার টেখাও লাগে না। মাস শেষে একটা টেখা ফাইলে,ডে় হাজার টাকার টিশুনিমানে তৈল গেয়া দড় আমার মাসের খাওয়া খরচ সাড়ি হাত থরো সবছলিজিবোল অবস্থা ইতা ঠিশুলি একটা করার পরে সাওসই ার্সিটি বাসে আওয়া দাওয়া করে বাড়াতটাকাও লাগেনা মাশরাসে টোখা কটা পাইলে
test_sylhet_0277.wav,sylhet,"খাওয়া-খরছও ভাইর খাছ তাকি ছাওয়া লাগে না। আর বইও আগে ওইলো গিয়া ভাইয়ে তাইনের ফ্রেন্ডরার খাছ তাকি ছাইয়া-টাইয়া আনিয়া দিতা। ওখোন আমি নিজে, নিজেও কিছু বই কিনতা ফারি, কিছু টেখা ওইছে। তো এরফর তাকি টিউশনি আরেখটা বাড়াইছি। ওরখম খরতে, খরতে আমি ছাইরটা টিউশনি ফর্যন্ত ইউনিভার্সিটিতে খরাইছি।",খাওয়া খরচো ভা়িরকাছা চাওয়া লাগেন না বইও আগেউ লুগিয়া বায়ে তাইনু ফ্রেনরাড থেকে সাইয়াটাইয়ানিয়া দিতা তখন আমি নিজে নিজে কিছু বইকিম তামফারি নিজে একটা খাবসে এফোর্ড টিকে আসতে আসতে টিশিরিার একটা বাড়া এসি ওরকম করতে করতে শেষ পর্যন্ত নিখাকটা় টিউশুনি পর্যন্ত ইউনিভার্সিটি খুশি
test_sylhet_0278.wav,sylhet,"তো তখন আর আমার ভাইরার খাছ তাকি খরছের টেখা আনা লাগছে না। যখন ফোর্থ ইয়ারো উঠছি, তখন মনো ওইছে যে একটা বিয়া খরা দরখার। <> টাইম টু, এখন ই বিষয়ে ছিন্তা খরা দরখার।",তখনআর আমার বাইরা দাস থেকেও ফরসা টেখা না লাগছে না ফুটতি়া খুশি তখন গিয়া টান্টো এখন ই বিষে চিন্তা
test_sylhet_0279.wav,sylhet,ওউ সময় আগের মতো কিন্তু ওলা প্রস্তাবও আয় না। খারণ গ্র্যাজুয়েট একটা মেয়ের লাগি উপযুক্ত <> বয়স তো বাড়ছে এখটা আর,ওসময় আগের মত কিন্তু আর বলা প্রস্তাবও আয়না ন গ্রাজুয়েট এস্টা মেয়ের লাগি ঘনে লেগে বয়সার উপনি প্রেপস্ত বাড়ছে া
test_sylhet_0280.wav,sylhet,"আরেখটা বিষয় ওইলো উফযুক্ত, <> ওই লেবেলের মানুষও তখন আর নায়। খারণ একটা ফাবলিক ভার্সিটি ফাঁশ খরু মেয়ের লাগি তো ওলা লেবেলের একটা ফুরুষ লাগবো। যেটা গ্রামের মধ্যে এভয়লেবল না। আরেখটা বিষয় ওইলো গিয়া গ্রাম তো গ্রাম, আমার মা",করাত মরামে লেবেলেলেভেলের মানুষ্থপনা ায় একটা পাবলিক বার্সিটিকে কিই পাস করুয়া একটা মেল লাগি তোলা লেবেলের পুরুষ লাগবো জিটা গ্রামের মধ্যে এ্যভেইলিবল না আর আরোকটা জিনিস িলো গিয়া তখন গ্রাম্ত গ্রাম মা
test_sylhet_0281.wav,sylhet,"আমারে নিয়া খুব দুশ্চিন্তা খরতা। মারে ফ্রতিবেশিরা খোটা দিতা, মাত্তা ফুরি বুড়া বানাইলিলা ফড়াইতে, ফড়াইতে ইগুর আর বিয়া ওইতো না। ইগুরে খে নিতো? ইতা নিয়া আম্মাও টেনশন খরতো। বাড়িত যাইতাম না খালি মার ওতা খতা শুনা লাগবো দেইখা।",ন আমারে নিয়া খুব দুশ্চিন্তাপত্তা মা রে প্রতিবেশীরা ওকুরালিতা মাতা ফুরিবুবুড়া বানাইটি রা় পোড়াইতে পড়াইতেকডাবিয়ে উইত না রেখলেনিত রতে করতেফরা বয়রস দাঘিয়া ইানি ়া মায়ও খুব তে বাড়ির যেই টামনা খালি মা রোতাকথা শোনা লাগব দেখিয়া
test_sylhet_0282.wav,sylhet,"যাই ওক বাদে ফোর্থ ইয়ারো উঠার বাদে যখন ছিন্তা খররাম যে ওখোন বিয়া খরা দরখার। তো বাদে এখটু, এখটু ছিন্তা খরিয়া দেখরাম যে আমি আমার তাকি উফরের লেবেলের মানুষ যদি খোঁজাত যাই, আরো সময় লাগবো।",যাইওবাঁদে ফটতির উটার পরিচন মোলা চিন্তা করলাম যখন বেয়া করা দরকার ওসময় একটুএক্টু চিন্তা করিয়া দেখলাম যে না এখন আমি আমার চেকে উকুরের লেবেলের মানুষ যদি গুজা যাই আরও সময় লাগব
test_sylhet_0283.wav,sylhet,"যেহেতু আমার ফরিবেশ বা আমার যে সার্কামস্টেন্স, ই বয়সের একটা মেয়ে, চব্বিশ-ফচিশ ওই গেছে ফ্রায় বয়স। ইটা আনএক্সপেক্টেড। ইটা সমাজ এক্সেপ্ট খরতো না। খাজেই লেবেলের চেয়ে একটু নিচে ওইলে ইটা সমস্যা ওইতো নায়।",যেহেতু আমার পরিবেশ বামার্জের সারকান্স্টেসন থেকেই মনে ইড বয়েসের একটা মেয়ে ২৪িশ প৫চিশ হয়ে গেছে প্রায় বয়স ই বয়সের মেয়ে অ্যানেসপযাকটেড সমাজইভাবে অ্া্স্যাক্ট করতো নয় কাজে লেবেলের চেটা একটু নিচে হইলে এটা আর সবস্য হইতে নায়
test_sylhet_0284.wav,sylhet,"তো ওউ সময় বাড়িত গেছি ভোট দেওয়ার লাইগা। ভোট দেওয়ার ফরে, ভোট দেওয়ার ওনো আমার বাসুর আমারে দেখছে। দেখিয়া",ওসময় বাড়ির কেসি ভুট দেয়ার লেগ্যা ভোট দেওয়া কেঁচি করে ভুটারণুর মাঝে আমার ভার সুরামারি দেখছে দেখিয়া
test_sylhet_0285.wav,sylhet,"তো বাড়িত ফ্রস্তাব ফাঠাইছে। ফ্রস্তাব ফাঠানির ফরে ভাইয়েরাও ফিফটি, ফিফটি যে দিতা কি দিতা না। কনফার্ম ওইতো ফারে না। ওলা একটা ওবোস্থা। খারণ যার লাইগা ফ্রস্তাব আইছে তান ওইলো গিয়া ন্যানশনাল ইউনিভার্সিটির একটা কলেজ তাইকা ফাঁশ আর তার ছাকরিও ওলা সলভেন্ট ওইছে না এখনো। ছাকরি ওইবো।",প্রস্তাব পাঠাইছে প্রস্তাব কাটানির ফরে ভায়েরালসিন্ধা করছেন ফিপটি ফিফ্টি এ ক দিবাকিটি তানাবাল া় মানে তারা কোন পামিতে পারেন না ালাগি প্রস্তাব আইছে লোকে মনকিটিরান্ডারের একটাকলের ক্রিকেপাস আতার চাকরি ওলাস অলভেন ডইছে না কোনো চাকরি উইবু
test_sylhet_0286.wav,sylhet,"কিন্তু তখনো চাকরি নায় ওলা। তো ভাইয়েরা খইলো না আরেকটু কোয়ালিফাইড দরখার, ইতায় ওইতো না। তো আমি ছিন্তা খরলাম যে আমি যে ফ্যামিলি তাকি বড়ো ওইছি, আমাদের যে",তখনো চাকরি না গলা বইরামইলা না রটু কোয়ালিফাইড দরকার তা দিয়া উঠেনা তো আমি আমার মনইল যে আসলে আমি যে ফ্যামেলি ব্যাগ্রাউন্ড থে কে ধরো ইসি আমাদের যে
test_sylhet_0287.wav,sylhet,"ফরিবেশ, আমাদের যে সমাজ। আমি হয়তো আমার চেয়ে কোয়ালিফাইড হাজবেন্ড ফাইমু। কেনো না আমি তখন আমার ফিউচার হিয়ে সার্টেইন যে আর যাই হোক আমি যে স্ট্রেসের মধ্যে উঠছি, আমার একটা জব ওইবো। এবং আমি চাইলে এখন আমার ছাইতে কোয়ালিফাইড হাজবেন্ড ফাইমু।",েশ আমাদের যে সমাজ আমি হযই়তো আমার চিতে কোয়ালিফাই ঢাকবেন পাইব আমি তখন আমার ফিউচার নিয়াে সার্টিং আর চাইব আমি যে স্ক্রেসের মধ্যে রানের মাঝে উশি আমার একটা জগইলি এবং আম চাইলে এখন আমার চেতে োয়ালিফাযই ঢাকবেন পাইব
test_sylhet_0288.wav,sylhet,"আমার যে ওতীত, আমারে যে হিস্ট্রি, আমার যে স্ট্রাগল ইটার সাথে এডজাস্টেড না হইলে ফরবর্তি লাইফটা স্মোথ নাও ওইতা ফারে। ইতা ছিন্তা খরিয়া আমারে জিগাইছোইন যে ওউ বাড়ি তাকি ফ্রস্তাব দিছে তোমার কিতা ইচ্ছা?",কিন্তু আমার যে অতি আমার যে ট্রাগল আমার যে হিস্ক্রী ইটার সাথে অ্যাডজাস্টেড না হইলে পরবর্তী লাইফটাও স্মোভ নাওইতো পারে কখন আমি চিন্তা ঘোষণা করিয়া আমার জিগাই শুনে ব্যাপারে ওবা়ি থেকে প্রস্তাব ছি তোমার কেটা
test_sylhet_0289.wav,sylhet,"আমি খইছি আমার মানে কুনু সমস্যা নাই। আফনারা দেখোইন, দেখিয়া যদি বুঝোইন তে সমস্যা নাই। তারার লগে আমরার ফারিবারিক স্ট্যাটাস মিল আছে। অর্থনৈতিক ওবোস্থা আমরার মতো, তারাও আমারার মতো ফরিশ্রম খরিয়া ফরের। বা",আমার েঅসমস্যা নাই আপনারা দেখন দেখিয়া যেতু দুজন যে ঠিক আছে আমার কোন সময়সনা তন তারালগে আমরা পারিবারিক স্ট্যাটাস মিইল আসে তারাও সিলন ফ্রেমিলির কন্থনৈতিক অবস্থা আমরার মত তারাব আমরা নধ্যু পরিশ্রম করিয়া পরে া
test_sylhet_0290.wav,sylhet,"ওতো চাওয়া-ফাওয়া তাখতো না। সামাজিক যে প্রত্যাশা তারা ওতো ছাইতো না, আর আমরার তো কুনু ছাওয়াও নাই। তো যাই হোক তো তখন গিয়া এঙ্গেজমেন্ট ওইতো, এরা বাড়ি তাকি মানুষ আইছে, আইয়া খইন্যা দেখলো।",অত চাওয়া পাওয়া থাকতো নায় সামাজিক যে প্রত্যাশা ওগলা থাকতো না তারা উমিরে চাইব আর আমরা তো চাও়াউ নাই যাইও ত তখন গিয়া এন্গেজমেন্ট উটো তারা বাড়ি থেকে মানুষইতে আইয়া না দেখল
test_sylhet_0291.wav,sylhet,"দেখিয়া ওইলো গেলা। তখন ওইলো তোমার স্যার, মানে তোমার স্যারের সাথে আমার মিট নায়। তার বাড়ির মানুষের সাথে মাত-উত ওইছে, খাওয়া-দাওয়া ওইছে। ডেইট-উইট, আইচ্ছা ডেইট ফরে ফিক্সড ওইবোনে, এঙ্গেজমেন্টটা ওই যাক।",েখিয় ইল তোমার সার তোমার সাড়ের সাথে আমার মিটনায় তার বাড়ির মানুষের সাথে া খাওয়া দাওা হইচে কথাবার্তা ঐছে ডেটুট কে েচে ডিইড ফোরে ফিকস করা হই বলে এনগেজমেন্টা উইজাক
test_sylhet_0292.wav,sylhet,"মানে খতা ফাকাফাকি ওই যাক। কিন্তু তারা গিফট মানে রিং-টিং ওতা, ওতা কিচ্ছু দেওয়া লাগে। ওতা কিচ্ছু দিছোইন না, কিন্তু ফিক্সড খরিলিছোইন।",পাখাফাকিই যেতকাবীদের টেশাওকাওকাও তখন মুহড়া না দার্য করা হইগেছে তারা গিফট বারিঙটিং একটা দেওয়ার লাগে অতালতা কিছু দিশই না কিন্তু ফিকস করি লিখছে বে
test_sylhet_0293.wav,sylhet,"ওলা ওবোস্থা আমি আইছি আবার সিলেট। আওয়ার ফরে মনয় আমার শশুড়-শাশুড়ী খইছোইন আমার হাসবেন্ডরে যে তারে তো আমরা কিচ্ছু এখটা দিছি না। তারে কিচ্ছু এখটা দিও। তো তাইন আমারে ফন দিছোইন, ফন দিয়া খইলা যে তুমি তোমার এখ জন ফ্রেন্ড লইয়া",অবস্থা আমি আ়তিয়আপারসিলে আওয়ার পরে নয়বসবর স শ্াশুড়ি মার হাসনানরা ফইসে তখন যে তাকে তোমরা কিছু দিশিনা তারেকিচেষ্টা ভিউ তেতাই নোমারে ফোন দিশই ফোন দিয়া হইলা যে তুমি তোমার একজন ফ্রেন্ট হইয়া
test_sylhet_0294.wav,sylhet,"এখটু জিন্দাবাজার আও, এখটু দরখার আছে। তো আমি আমার এক ফ্রেন্ডরে লইয়া গেলাম। যাওয়ার বাদে তাইন আমরারে লইয়া গেছোইন একটা গোল্ডের দোকানো, তাইন আমারে রিং দিবা। <> তো গেলাম গোল্ডের দোকানো গোল্ড কিনতাম, যাওয়ার বাদে ওখন",িমর এক্সপ্রেজা লইাইলা মাওয়ার পরেগেলাম গোল্ডের দোকানো দা অধিহ লাকে থেকে ভাস্তাখানাজগেলাম গোলডের দোকানও গোল্ড কিনতাম
test_sylhet_0295.wav,sylhet,"আমার ফ্রেন্ড যেটা তাইরও বিয়া ওই গেছে, তাইর জামাই ইতালি তাখে। তো তাই গিয়া বড়ো, বড়ো রিং দেখে, আমি গিয়া ছোট, ছোট রিং দেখি। ওখন তাই আমারে খয় অ্যাই, তুই ইতা কিতা দেখোছ, এখটা বালাতা দেখ। ওখন আমি ছিন্তা খরি যে ওখন আমি যদি এখটা বড়ো রিং দেখি আর তাইন যদি ইটা পেমেন্ট খরতা ফারোইন না তে তাইন এখটা শরম পাইবা। আর এখটা",ফ্েন জিটা তাই তাইরো বিয়গই গেসতে তাই চামাইতালিতা ছে তাই গিয়া বড় বড় ঋণ থেকে ি তাই আমরে কয়ে টিতে খিতা দেখস্ফিফা ওবালা দেকিয়া দে ঘোষনা খানেই তার ছুট ছুটো ডিংতা কোস্কি তখন আমার মঝে কাজ করে জানি জিদু একটা বড় রি এখন চুলস করি আর টার যদি তাইদিটা পেমেন্ট করতা পারেন না তাইন একটা শরম পাইবা
test_sylhet_0296.wav,sylhet,"যেহেতু খতা-বার্তা ফাকা ওই গেছে, ই জায়গার মাইঝে এক জনরে শরম দেওয়া কিংবা ইগুলা সাইকোলজিক্যাল বিষয়গুলা যদি এডজাস্ট করে না তখন তো স্টার্টিংটাও নেগেটিভ ওই যাইবো। তখন আমি ভাবলাম যে ওটা তো আসলে",েু কথাবার্তা ফাঁকা উইকেস তখন ই জায়গার মেজার জোটের সরম দেওয়া কিংবা ইংলাস সাইকোলজিক্যাল বিষয়গুলো যদি অ্যাডচাস্ট করেনা তখন তো স্টারটিংটেও নেগেটি জিব আমি ওতন আমি ভাবলাম যে ৭ আসলে
test_sylhet_0297.wav,sylhet,"গুরুত্বপূর্ণ কিছু না, জাস্ট তাইনও হ্যাপি তাখলা। তাইন যদি পেমেন্ট খরতা ফারোইন তে তাইনও হ্যাপি তাখলা, বাবা-মাও খুশি তাখলদ, ওদিকে সামাজিক যে সংস্কৃতি ওগুও ফালন খরা ওইলো।",গুরুত্বপূর্ণ কিফছু না যা স তাইনও হেঁপি থাকলা তাইন যদিটা পেমেন্ট পরতা পারেন প্রপাল্লিত তাইনো হেঁপি থাকলা তাইনরো গিফটও দেয়া ইল বাবামা ও খুশি থাকল সামাজিক যে সংস্কৃতি অগ্ঞ পালন করা হইল
test_sylhet_0298.wav,sylhet,"তখন গিয়া ছোট, ছোট রিং দেখছি। তখন তাইন, তাইনও আমি যতটুকু জানি তাইন টিউশনি খরিয়া ফড়তা। গ্রামীণ ব্যাংক তাকি শিক্ষা ঋণ লইয়া বাবা-মারে দিতা। তো তান যে ওরখম সলভেন্ট ওইছোইন না তখনও তান",েিাতাইনু আমি যতটুকু জানি তাইন তখন টিশুনি গুরিয়াপত্তা গ্রামীণ ব্যাংক থেকে শিক্ষা ঋণ লইয়া বাবামারে দিতা আ বাবামানবদিতাতে কাজেই ওরহম সোলবেন ঐশীন্য পুরাফুরি তাইন
test_sylhet_0299.wav,sylhet,"হয়তো হইবা, কিন্তু তখন তাইনোর লাগি একটা রিং দেওয়া আসলেই একটা বড়ো ব্যাফার আছিন। তো তাইন একটা রিং দিছোইন। ওউ ই রিংটা এখনো আছে <>। ই রিংটা ওইলো গিয়া বিয়ার রিং।",হইতো হইবা কিন্তু তখন তাইনোল্লাগে একটা ঋণ দেওয়া আসলেই একটা বড় ব্যাপার আছি িসই রিংটা এখনও আছে হ্য এই এই ঋিনতেগইলগিয়া বিযহার রিন
test_sylhet_0300.wav,sylhet,"এটা সব সময় সাথে তাখে। আর বিয়ার ডেইট ওইলো গিয়া, ফরে কিতা খরছি, যে আমার সামনে ফড়া, ফরীক্কার লাগি ফড়িয়ার, বিসিএস ফড়তাম। ওদিকে ছাকরির ফড়া ফড়তাম, ইউনিভার্সিটিরও মাস্টার্সের ফরীক্কার ফড়া। আমি তখন আসলে বিয়ার তিকা বেশি ফড়া মুখী।",টা সব সময় সাথে থাকে বিআরডেইটুই লোগিয়া পরে কিতাগরসী জামার সামনে তখন আমী পড়া পরীক্ষার লাগী পো়িয়ার বিসিএস পরতারমও দিকে চাকরির পরীক্ষা দিতাম িক বার্সিটিরও মাস্টার্সদের পরীক্ষা আইও পরীক্ার লাগি ফরতাম আমি তখন আফলে বিআর তিকি বেশি ফোরামুখী
test_sylhet_0301.wav,sylhet,"আর বিয়া ওইলো এখন একটা খরা লাগবো, খরতাম। আর সব চেয়ে বড়ো যে জিনিসটা তখন আমার মাথায় যে আমি তখন ইউনিভার্সিটি ফাঁশ খরিলাইমু। ফাঁশ খরিয়া যখন আমি বাড়িত ফিরিয়া যাইমু, যে বাড়িত আমার আম্মায় টুয়েন্টি ফোর আওয়ার্স টেনশনো তাখোইন। আমার আব্বা নায়, আম্মা ঘুমাইতা ফারোইন না।",বিয়া হলে খন একটা করা লাগব পড়তাম সবচেয়ে পড়ো যে জিনিস ামার মাতা তখন ইউনিভার্সিটি ফাস করিলিম ফাস করিয়া যখন আমি বাড়ির ফিরিয়ে আজাই যেই বাড়ি তামার আম্মা টোয়ার্টিফোর ওযার স্টেনশনতা খনে মার আব্বা নাই়আম্মায় টেনশন ঘরি রাতাইন গুমাইতা পারেনা
test_sylhet_0302.wav,sylhet,"আর আমি যদি হেস্টেল তাকি বাড়িত যাই। গিয়া এখ মাসো যদি আমার বাড়িত তাখা লাগে যেই সমাজ আর যেই পরিবেশ, যেই গ্রাম মানে আমার ইশ সাত-আট বছরে যেটুকু অর্জন করছি ইটা শূন্যের কুটাত নামায় দিবা মানুষে।",আমি যদি হোসটেল থেকেই বাড়ির যায় গিয়া একমাসওল যদি আমার বাড়ির থাহা লাগে যেই সমাজআর যেই পরিবেশ যে গ্রাম আমার এ ৭আ৮ট বছরে যেটুকু অর্জন করছি এটা সুন্দর কোটাত নামাই দিবা মানুষে
test_sylhet_0303.wav,sylhet,আমার যাতে বাড়িত যাওয়া লাগে না। তখন তুমার স্যারের লগে আমি মাতলাম যে আমার কিচ্চু লাগতো না। আমি ইউনিবার্সিটির ফড়াটা শেষ ওই গেলে ছাকরির প্রিপারেশন লইতে আমার কিছুটা টাইম লাগবো। আমার একটু টাইম দরকার। আর ই টাইমাটা আমি বাড়িত যাইতাম না। আমি যাতে,মার যত বাড়িত যাওয়া লাগেনা তখন তো মা সারেল্লা গামি মাতলাম যে আমার কিছু লাগতো না আমি ইউনিভার্সিটির পড়াটা শেষই গেলে চাকরির ক্রিপারেশন নইতে আমার কিছুটা টাইম লাগব আমার একটু টাইম দরকার ইনটানটামি বাড়ির চােইতাম
test_sylhet_0304.wav,sylhet,"সিলেট তাখতাম ফারি ওউ কন্ডিশনে বিয়া। তাইন কইলা আচ্চা টিক আছে। তো তাইনো তানো মা-বাবারে বুজাইছোইন যে তুমরা যে ই ফুরিরে গিয়া বউ দেইক্কা আইছো ই ফুড়ির তো রান্দা-বান্দা খাইতায় ফারতা না। ই ফুরি ই ফুরি জীবনো বাড়িত যাইতো না। ইগু খয় সিলেট তাখতো, ছাকরির ফরীক্কা দিত, ওতা খরতো ওতা খরতো এখন",তামপারি ও কন্ডিশনে বিয়া ভেনচারফিকারসে রোতাইলু কাটুর মাবাবরে ভুঝাইছেন যে দুমরাদেইপু়িতে গিয়া বুর্ডে কে আইছেও ইফুরির তো রান্দান দাখাই তায়ুরি জীবনে বা়িজ্যাইিত নাইবয়স ছিলেট তাকতো চাকরির পরীক্ষা দিতেতা হরতা
test_sylhet_0305.wav,sylhet,"খউ তুমরা বিয়া খরতাম নি, না? তুমরা কইলে ওকে। তহন তারা খইলা, আচ্চা টিক আছে বেটিয়ে ফড়ছে বার্সিটি তাকিয়া, বেটি ছাকরি খরতে ছাইলে তো ফড়ানি লাগবোও। আমরার টেখা-উকা দিলেও ছলবো। আমরার বউ <> রান্দা-বান্দা লাগতো নায়। আমরার, তুমরা টেখা-উকা দিলেও ছলবো। সমস্যা নাই, থাখুক বেটি সিলেট।",তোমরা বি়াপরতাম নি না তোমরা কইলে অকে তন তারা হইলা আছে ঠিক আছে পেটিয়া ফোর্সে বার্সিটিতে কিয়া বেটি সাকতে হরতে হাইলে তো পোড়ানি লাগব আমরা একটা সহকার দিলজল া তোমা টেকালকা দলেও চলসমসাইাুিটিছি
test_sylhet_0306.wav,sylhet,"বাদে, ওউ তাইন সিলেট রাখার ইয়ো দিলা। আমি তো হুস্টেলো আছি। আমার এখন টার্গট ওইলো গিয়া সরাসরি হুস্টেল তাকি তাইনের বাসাত যাইমু। ই সময় ওইলো কুরবানির ইদ আছিল আর গেছি বাড়িত। বাড়িত যাওয়ার ফরে",বাদে ওতাইন সিলেট রাখা পিউদিলা আমি তুষ্টল আছি আমার এখন টায়কেটু লুগযা সরাসরি হোস্টেল থেকে ত্েংর বাসাদ যেবু এসময় লকুবাণী লিটা ফিলার গেছি বাড়িত বাড়িত যাওয়ার পরে
test_sylhet_0307.wav,sylhet,আইমু ঈদের ছুটির ফরে। ফরীক্ষা ছলের। দুই ফরীক্ষার মাঝখানো গেছি বাড়িত। দুইটা দিলাইছি। ফরে আবার তিনটা রইছে ওলা। ঈদের শেষে বাড়িত আইমু। ঈদ শেষ ওউ সময় তাইন তাইনো গেছোইন ঈদের ছুটিত। গিয়া তাইন আমরার বাড়ির সামনে রাস্তাত বইয়া আড্ডা দিরা।,দের ছুটির পরে পরীক্ষা চলে দুই পরীক্ষার মাছনালো বেসিবারে দুইটা দিলাইকি পরে আরো তিনটা রইফলা ঈদের শেষে বাড়ি দ েয়াইমুঃ ইদশেস ঔসম্য় তাইনতাইনোহেসেনিদের ছুটি গিয়াতামরা বাড়ির সামনের রাস্তার দইয়ে আড্ডা দি়া
test_sylhet_0308.wav,sylhet,"তো আড্ডা দিরা। ফরে আমার বাই তাইনো সমবয়সি ফ্রেন্ড। তে তাইনো আড্ডা দিরা। দিতে, দিতে খইরা এই তুই বিয়া খরস না কেনে? তে খয় এই বিয়া খরতাম তে তোরা দিলে তো বিয়া খরতাম। তে খয় ওয় তে তোরা নেয় তোরা কালকে তোর তো স্পেশাল ডে আছে বিয়া খরিলা।",াডা দেড়া পড়ে াইৈফ্রেন্ ারা একটি বিয়া প্রশ্ন েনে এই বিয়া করতামতে তোরা দিলেত ব্যবসাতরা নেয়ে তরা কালকে ত স্পেশাল লেয়াতে বিয়া করিলা
test_sylhet_0309.wav,sylhet,"ওউ ওতা ফান খরি, খরি খয় আসলেউতো। তে গেছোইন তারা বাড়িত। দুইও ফ্রেন্ড মিলিয়া বাড়িত গেছোইন। তারার বাড়িত আগে গিয়া আব্বা, আম্মারে বুজাইছোইন। যে তারারে কালকে বিয়া দিলাইতা আফনারা। খয় কালকে বিয়া দিলাইতা খয় ইতা কিতা। কুনু প্রিফারেশন নাই। সেই কাহিনী। কুনু প্রিপারেশন নাই। যতবার শুনমু আমার বোর লাগতো না। মজা লাগে খালি। কুনু প্রিপারেশন নাই তুমরা কইলেও বিয়া কিলা বিয়া ওইতো।",ও অতা খাংকুরি করি আসুন তো েছেন তারা বাড়ি ওফ্র্যান্ডমিলিয়া াডিত গছেন তারার বাড়ি তাকে গিয়া বাম্মারে বুজা বশিকিকিতা কোনো ক্রিপারেশন ইসোনো কিপারেশন নাইন যুদধাপ্রবাচে নরবল লাগতেন গ নােকোনো প্রকারে শেলাই তোমরা কইলু বিয়া কিযলা বিয়াত
test_sylhet_0310.wav,sylhet,<> তো কুনু প্রিপারেশন লাগতো না। বিয়া আমরা ওউ সব ব্যবস্থা আমরা খরমু। আফনারা টেনশন নায়। আফনারা খালি যাইবা <> গিয়া খাইবা। আর কাবিন ওই যিবো। ওউ বিয়া।,ো পরিকরেশন লাগতো না বিয়া আমরা শক্দগস্থা আমরা করব নারা টযানশনে আপনারাখালই যাইবা গিয়া হাইবা আর কাবী নয়জিব ওবিয়া
test_sylhet_0311.wav,sylhet,"কিন্তু খালকেউ খরা লাগবো। <> আব্বা, আম্মায় খইছোইন ওকে। তুমরার সমস্যা না ওইলে আমরারও সমস্যা নাই। ফরে ই দুই বন্দু আইছোইন আবার আমরা বাড়িত। আমরা বাড়িত আইয়া ওলা আমরা সবাইরে জিগাইছোইন যে কালকেউ বিয়া।",ু খালকেওআবামারবেজিনকে তোমরা সমর্য নইলসমর্থা নাই করা ইদ দুই বন্ধু আইসিনা পরা া বাড়িত আমদাবাড়ি তাইয়াও অলা আমরা সবাইদেকালকবিয়া
test_sylhet_0312.wav,sylhet,"আমি খই ইতা কিতা তে? ইতা কুনু কথা ওইলো? মেন্দি ফিনলাম না, সাজুগুজু করলাম না, কুনু খিছু কিনাকাটা ওইলো না রাত্রে আইয়া খউ সখালে বিয়া! ইটা কিতা? ওয় বিয়া। হাছাউ ফরের দিন বাবিরা উটিয়া সখালে <> ওইছিল",ে কনকথা হইবে মেনদির ইনলাম না শাজুগুজুগল্লাম না কোনো দি সুকি না বাটা হইল না রাত্রাই এখন সকালে বিয়াইতাকিহাসাওিয়া করেরদিন বাবিরাদিয়া এলগেলাএমে
test_sylhet_0313.wav,sylhet,<> এরেঞ্জ ম্যারেজ করা <> আসলে বাড়ি খাছাখাছি তো। আর সখাল বেলা উটিয়া গেছোইন গা তারা বাজারো। গিয়া ওউ তখন শহরো আছিল বাইর বাসা। তখন সবকিছু আনা ওই গেছে বাইর বাসাত।,এরেন্ড মেজমারে মিলিান প্রথমেবি কাপেট টেটে নেয়া আসলে বাড়ি কাঁতাকাকি তো সকালবেলা উডিয়া গেছেনকা তারা বাজার ঘিয়া তখন শহরও আঁতিল বাড়ির বাষা তখন সবকিছু আনাওই গেছে বাইিবারসাদ
test_sylhet_0314.wav,sylhet,"গিয়া সখাল বেলা কেনা-খাটা খরিয়া, একদম যেগুলা এসেনশিয়াল লাগবোই ইগুলা আনিয়া দিছোইন। আর ভাবিরা সকাল বেলা উঠিয়া, মেন্দি-উন্দি বাটিয়া <> দেলাইছোইন, ওতো ডিজাইন, বিজাইন না। গোসল-উসল খরাইছোইন, খরাইয়া লইয়া গেছোইনগা সুনামগঞ্জ। গিয়া পার্লারোর মানুষ আনিলাইছোইন বাসাত।",একদম প্রাইমারি জিগলা লাগব এদের শিয়াল োগুলা আনি বিঝবেন আরগারআবাভিরা সকালবেলা উটিয়া মিনদিনটি বাটিয়া লেফাভা দিয়া বিলাএইসি নতুন ও ডিজান ডিজাইনা ঘোষল শল করায় শুরু কর ইয়া লইয়া গেছেন গেসুনামগঞ্জ গিয়াও পার্লারোর মানুষ আনি দিছেন বাশাত
test_sylhet_0315.wav,sylhet,"সাজাইলিছোইন। তে সাজাইয়া-উজাইয়া বিয়া, এরফরের দিন আইচ্ছি হোস্টেলো। এরফরের দিনোই, ফরের দিনোই আইছি হোস্টেলো। হোস্টেলো আওয়ার ফরে ইতা নভেম্বর মাস আছিল।",াজাএউজিএবিযআা এরপরে দিনাই চিহসেমর পরের দিনে ঋতি উসতেল অসটেলা আওয়ার পরে টা নভেম্বর মসাি
test_sylhet_0316.wav,sylhet,"ওউ এগারো, এগারো, এগারো। জানুয়ারির এক তারিখ তোমার স্যারে বাসা লইছোইন। লইয়া তে বাসাত উঠলাম। তো তোমার স্যারের বাসা, বাসা কুন দিকে নিছোইন? ওউ এমসি কলেজের সামনে, এমসি কলেজের সামনে। জাজ বিল্ডিং। জাজ বিল্ডিং, ওউ কিতা খয়",জানুয়ারির ১ তারিখ টিকে তুমার সাড়ে বাসা হইছে ুওএমসি কলেজের সামনে েএই কলেজের সামনে জাহা ফিল্ডিং ই়রে কিতাকর
test_sylhet_0317.wav,sylhet,"রাজমহল যে, ফাঁছতলা বিল্ডিং, ফাঁছতলা বিল্ডিংয়ের নিছে নিছিন বাসা। <> ফরে তাইন বাসা লইছোইন ফরে আমার যে হোস্টেলো যে ছায়ের কাফ আছিল, ছায়ের ফাতিল আছিল, রান্ধার যে ছোট-খাটো মেটেরিয়াল আছিল, থাল-বাসন",রাজমোহলতাে ফরে তাইন বাসাল লেসিন করে হুষ্টেল যে আমার সায়ের কাফাসিলশাহ সায়ের ফাঁতিলাছল রামদার জে ছুটখাটো মেটে রিয়াল তাছিল টালবাসন
test_sylhet_0318.wav,sylhet,"লেপ-তোষক, আমার যেতা মশারী-উশারী আছিল সিঙ্গেল লাইফের। ওউ সিঙ্গেল লাইফের ওতা আনিয়াও কনজুগ্যাল লাইফ শুরু খরছি। মানে বাফের বাড়ি তাইকাও কিচ্ছু দেওয়া ওইছে না, শ্বশুর বাড়ি তাইকাও কিচ্ছু দেওয়া ওইছে না। দুইজনও মানে ছাত্রর মতো ওবোস্থা।",র নিজার দেগলা মশারি বশারি়তা আসি সিঙ্গেল লাইফের ও সিঙ্গেলাই ফেরতা আনিয়েও কলদোগার লাইট শুরু করছি বাকার বাড়িতে কেউ কিচছু দেয়া হয়েছেনা শ্বশুর বাড়ি থেকে ও কিচ্ছু দেয়া হয়েছেন দুইজনও মানে ছাত্রোর মতো অবস্থা
test_sylhet_0319.wav,sylhet,"তো তাইন তখন তাইনের দুই বাই তাখতা লগে, তো ওউ ওইলো গিয়া আমার বিয়া। বিয়া নিয়ে কোনো স্বপ্ন দেখি নাই। বিয়ে নিয়ে ওইরকম, মানে আমার বিয়াটা আসলে এখটা ঐতিহাসিক বিয়া। ঐতিহাসিক ওইতো, সাধারণের মাজে অসাধারণ ওইছে একদম। কারণ আমার বিয়ার",ই তখন তাইনে দুই বাই ঠাসতার লোকে বিয়া নিয়ে কোনো স্বপ্ন দেখি নাই বিয়ে নিয়ে ওরকম আমার বিয়াট আসলে একটা ঐতিহাসিক বয়া ঐইট হইতে হাসে আাধারণ মাঝে অসাধারণ আমার বিয়ার
test_sylhet_0320.wav,sylhet,"মদ্যে কুনো স্বর্ণ-টর্ন, কাপড়-চুপড় কুনো দরণের লাক্সারিয়াস কুনো কিচ্চু না যাস্ট সুন্নতি বিয়া যেটারে খয়, একেবারেই সাদারণ এবং উই বোত আর সেটিসফাইড। তাইনেরো কোনো প্রত্যাশা নাই আমারও কোনো প্রত্যাশা নাই। দুইয়োজন <> আমার প্রত্যাশা আমি খালি একটু মাতাটা",মধ্যে কুনোস্বর্ণড্ণর কাপড়চুকর কোন ধরনের লাগদারিয়াস কোন কিছু না চাষ সূন্নতি বিয়াজিটারে কম একেবারেই সাধারণ এবং পূর্বতার সোটিকসিন তাইনোরাও কোন প্রত্যাশানায় আমারও কোন প্রত্যাশা নাই দি়জনেইতা আমার প্রত্যাশা কালি আমি একটি মাত
test_sylhet_0321.wav,sylhet,"গুজার ঠাই ফাইলেই ওইছে। কারণ আমার এখন বাড়িত যাওয়ার <> পরিবেশ পরিস্থিতি না। আর আমার ছাকরির লাগি আমার ফড়া লাগবো। তাইন কিতা খরতা ওই সময় আমারে ফড়ার যে সাপোর্টটা দিছইন, আমি সারদিন কাজ খরতাম।",বুজার ঠাইফাই ডুইযে কারণ আমার রখন বাড়িত যাওয়া হয় পরিবেশ পরিস্থিতি নাই র আমার তাকিল লেগেম পড়া লাগব তাইন কিতাগরতা ওই সময় আমারে পরার যে সফরটা দিশই আমি সারাদিইন কাজ করতাম
test_sylhet_0322.wav,sylhet,"সারা রাইত ফড়তাম, খুব কম ঘুমাইতাম। তো তাইন যখন কলেজ তিকা ফিরতা, ওলরেডি আমার যখন এঙ্গেজমেন্ট ওইছে। এঙ্গেজমেন্ট এবং বিয়ার মাঝামাঝিতে তাইনোর এমপিও আইছে। তাইন এখটা কলেজো ডুকছিলা কিন্তু এমপিও আইছিল না।",রতামখুব কম মাইকাম তাইন যখন কলেজস্টিকা খির্তায় অলরেডি আমার যখন ইউইস এনগেজমেন্ট হইছে ই়নগেজমেন্ট এবং বিযআর মাজামাজি টাই মোতায়নের এমপিআইসি তাই নেটা কলেজও ডুকফিলা কিন্তু এমপি আইসেলে এখন যেটা দাসে
test_sylhet_0323.wav,sylhet,"মাঝে, মাঝে টাইমে তাইনের এমপি ওইছে। <> তো এমপি হওয়ার ফরে তাইন তো এখন কলেজো মানে কলেজ নিয়া ব্যস্ত। ছাত্র ফড়াইন মুটামুটি বালো ইনকাম করোইন। সারাদিন ব্যস্ত তাকোইন। কিন্তু আমি আওয়ার বাদে কইলাম তুমি ইতা কিতা ছাকরি করো আর ই সারাদিন ছাত্র লইয়া ফড়াও। আর তুমি তো আমার লগে ইচ্চা খরলে ফড়তায় ফারো ছাকরির লাগি। বালো ছাকরির লাগি ফড়তায় পারো। ইতা গুটায়া তুমি আমার লগে পড়াত লাগো।",মাতামত ি টাই বেতাইলের এমপি হইছে িএপরিও হওয়ার পরে েতা় তখন কলেজও মানে কলেজ নিয়া ব্যস্ত ছাত্রটি ভালোকাম করবেন সারাদিন ব্যস্ত কিন্তু আমি আবান পাদে ঘুইলম তুমি তাকিতা চাকরি রা আর এই সারাদিন ছাত্রলিয়া ়া আতুমি তমাল্লগে ইচ্ছা কল্লে পর্তায় হা চাকরি লেগ ভালো চাকরি লেগে পড়াভুটাইয়াত বেঙলোগে ড়া
test_sylhet_0324.wav,sylhet,"তো তাইন খইলা যে আমি ফারমু নি? আমি খইছি ফারবায় না ফারতায় না খেরে ফারবায়। আমি তো আছি। আমি তুমারে হেল্প করমু। আমি যেতোউ ফরি তুমি তুমারে লইয়া ফরমু, গ্রুফ ওয়ার্ক করমু। তে আইচ্চা ছলো, ছলো শুরু করি। তো ছলো শুরু করি কইয়া তে তাইন কিতা করতা আইয়া টায়ার্ড ওইয়া যাইতা রাত্রে গুমাই যাইতা।",োমার হ্যা আমি যেতৌপরি ধুমি তোমারে লইয়ার ্রুপওয়াসল শুরু করি সল শুরু করি কইিয়া আছে তা ইনকেতালত্তা আইয়া কায়
test_sylhet_0325.wav,sylhet,"আর মাঝে, মাঝে যখন ওই কারেন্ট অ্যাফেয়ার্স, কারেন্ট ওয়ার্ল্ড বা নতুন কুনু একটা বই বারোইলো বা ওই যে বি সি এস এর কুনু একটা নতুন ইয়ে বাইরোলেই সিরিজ বের হইলে তাইন ওটা লইয়া আইতা। আনিয়া টেবিলো রাখি দিতা। আর আমি কাজ-উজ খরিয়া যখন টেবিলো নতুন বই ফাইতাম তখন আমার মনে ওইতো যে",মাজেহল যে যখন ও কারেন্ট ফিয়ার্স কারেন্টওয়ার্ড বা নতুন কুনো একটা বুই বা়ুল ভিসি আছে টা নতুন বয়ে বা়িলেই সিরিজ বেরহিলি তাইন োটালইয়াইটা আনিয়াআমি কালেনস্কোডিয়াছন টেবিলুদ্ধে নতুন বই ফাইতা তখন আমার মনে হইত যে
test_sylhet_0326.wav,sylhet,এ আকাশের ছাঁদ ফাইলাইছি। কারন জীবনে বই ফাইছি না। ক্যারেক্টার তো ম্যাডাম। এ? বই ফাইছি না মানে কল্পনা করতেছি আফনেরে একটা ফুরা সিনেমাটিক কিচ্চু লাগতাছে আফনের একটা ক্যারেক্টার। না বই কিনিয়া ফড়তাম ফারছি না করিয়া জীবনে আসলে আমার ফড়ার মনে ওয় ওর্দেকের বেশি অংশ ফাঁকা রই গেছে। কারন বই কিনতাম ফারছিনা।,কশ রণ জীবনে বইফাইবোই াইিনাখন হরতে থাকখিটছিলাইকিনিয়া পর্তাম্পার্সিনা করিয়া জীবনে আসলে আমার পড়ার মনয় অর্ধেকের বেশি অংশ ফাঁকারই বুই চিনতাম
test_sylhet_0327.wav,sylhet,"আর এখন তাইন যখন বই আনিয়া দেইন তখন আমার কাছে মনে ওয় মানুষটা একটা ফেরেশতা। সারাদিন খাজ খরি। খাজ আর আমার টায়ার্ড লাগে না যেহেতু আমি বই ফাইলাই। আল্লাহ। তো বই ফড়ি। ফড়িয়া আবার গিয়া তাইনের কানোর কাছে ফেন ফেন খরি যানো নি আমি আজকে সারাদিন ওটা ফড়ছি, হটা ফড়ছি, ওটা ফড়ছি।",র এখন তাইন যখন বইয়া নিয়া দেন তহনা মান কাছে মনয় মানুষটা ফেরাস্তা সারাদিন কাছ করি কাতার আমার টায়ারড লাগে না তমি ভূমিপানি বইফড়ি ফরিয়া আবার গেয় তাইনের গানারকাসে বেনবযানি জাু আসে সারাদিনানওটা করছি কা করি টা করছি
test_sylhet_0328.wav,sylhet,"তাইন শুনি, শুনি তো দিলা ফরীক্কা। প্রিলি ফরীক্কা দেওয়ার ফরে তাইনও টিকি গেছোইন আমার লগে। টিকিয়া ওখন ওলরেডি বেবি আইচ্ছোইন ফেটো হে তো",শুনিশুনি দিলাপরীক্ষাপিলি পরীক্ষা দিয়া তাইনটিকি কেছিনেটিকিয়া আকান অলরেডি ারবেবিরেস্টিম কাট হ্যঁ ত
test_sylhet_0329.wav,sylhet,"অউ তিন মাস ফেটো। তো তখন খইলা যে আমি <> আমি ইতা তো আমার ভালা লাগের না তুমার এখলা এখলা ফরিশ্রম অয়। তুমি এখলা অতো জনের খরচাদি, বিয়ার খরছ, বাসা ভাড়া অতা-হতা আমি ছুটোখাটো ছাখরি করি করি ফড়মু। কিতা চাকরি করবায়?",তখন বইলা যে আমি গই আমতাতমান ভালা লাগেনা তোমার একলা এখলা পরিশ্রম হয় তুমি এখলা ওস্জনের পরস্থাদিপি আর কোন ভাষা বাড়াতাআমি ছোটখাটো চাকর ঘরি খুঁরি পরু কিতাচাকরি করবার
test_sylhet_0330.wav,sylhet,আমগো অই যে স্কলার্সহোমও ছাখরি খরতাম ফারমু। অউ কাজানশি বাড়িত ছাকরি খরতাম ফারমু। অউ ইংলিশ মিডিয়াম বিভিন্ন স্কুলোও ছাকরি খরলে তো আমার খরচটা আমি বিয়ার খরতে ফারমু। আর আমার তো অই যে ইউনিভার্সিটিতে যাওয়ার ফর থেকি অউ সেলফ ডিফেন্ডেন্স হওয়ার যে এখটা টেন্ডেন্সি। নিজে নিজে খরছ করিয়া ইউজ টু।,্কলারসুমও সাকরি গর্তার্ম ও খাদারশীবাড়ির ছাতরী রতা্ম ইংলিশ মিডিয়াম বিভিন্ন স্কুলও চাকরি করলেত আমার খরচ স্ামিে আ আমার ত়দুর অনুযায় ইউনিভার্সিটিতে যাওয়ার পর তিকিউ সেল্ফ ডিফেন্ডেন্টস ফোয়ার্ড জ্যাপ্টার টেন্ডেন্সি নিজে নিজে খরচ করিয়া ইউসটু
test_sylhet_0331.wav,sylhet,"অখন আমার নিজেরে তার খাছে <> মানে আমার মনো অয় যে আমি বার্ডেন। খারণ, <> আমি খই না যে, আমি কিচ্চু খরিয়া ফড়তাম। অখন খইলা ঠিক আছে। তুমার ছিন্তা ভাবনা ভালো। আমি স্বাগত জানাই। কিন্তু তুমি ছুটো খাজ খরতে গিয়া আমার <>",আমার নিজের তাকা চেকটা মানে আমান মনো যা আমি বারটেন কখন ফিলা তভ়না আমি কিছু করিয়া করতাম তোমার চিন্তাভাবনা ভালো আমি স্বাগত জানাই কিন্তু সুটোগাশ করতে গিয়া আমার
test_sylhet_0332.wav,sylhet,ওখন যে কাজগুলা ফ্যামিলিত কররায় ই কাজগুলা করার লাগি আরোখজন মানুষ লাগবো। তো তারও তো বেতন দেওয়া লাগবো। তুমার হি টাখা দিয়া তো ই বেতনও ওইতো না। ছুটোকাটো ছাকরি করিয়া তুমি কাজোর বুয়ার বেতনো দিতায় ফারতা না। তে না তুমি ছাকরি সামলাইতে ফারবা। না তুমি বিয়া সামলাইতে ফারবা। তার ছেয়ে,ে কাগু ইকাজগুলো করা লাগে আরেকজন মানুষ াতারওত বেতন দেওয়া লাগব তোমার হিটা খাতদিয়া তই বেতো মসুটলাকাল কাকরি করিয়া তুমি কাজনের পুয়ার বে তনতযরতাইনা না থুমি সাকরি সামলাইতে পারবেন না তুমি বুয়া সমলাইতার চেয়ে
test_sylhet_0333.wav,sylhet,"তুমি ফড়ো তুমার খরছ আমি দেই। যদি কুনুদিন সাবলম্বী অও তে তখন ফেরত দিলাইও। খরছ নেও আমার কাছ থাকি। নিয়া ফড়ো। ছাকরি খরলে, বড় ছাকরি খরবায় আর নাইলে ছাকরি খরা অউ লাগতো নায়। খারণ, ছুটো ছাখরি খরার ছাইতে সংসার ছালানি বড় ছাকরি।",ফর অথবা ফরজআমিদেই জতিমুরুউদ্দীন সাবলম্বি ও তেতখনকারক দিলাইও হিসুদর তমন করক ন্যাও আমার কাল পেকি ভিয়াকোর চাকরি বলে বড় চাকরিকর রাও চাকরি করার েতে সংসার সালামি বরণাকরি
test_sylhet_0334.wav,sylhet,ইটা অউ তুমার বড় ছাকরি। তুমি টার্গেট বড় রাখো। টার্গেট জীবনে ছুটো <> করবায় না। আর যতো ফাইনানশিয়াল হেল্প লাগে ই ব্যাফারে <> ফিছনে ছাইও না। আমি আছি। তো অখান অউ আমি আছি। আমার ফিছনে একজন আছেই। ইটা <> হচ্ছে আমার সবচে বড় সাহস।,র বোড়তাকে তুমি টার্গেট বোড় র টার্গেট জীবনের শ্যুটোকোরবায়না ফাইনানশিয়াল হ্যালপ লাগেই ব্যাপারে আকিশনে চাইও না আমি আছি ও আমি আছি আমার শিসুন একজন আসছে ইতে হচ্ছে আমার সবচেয়ে বড় সাহস
test_sylhet_0335.wav,sylhet,"তো শুরু খরলাম ফড়া। ফড়িয়া যখন রিটেন ফরীক্ষা দিতাম, তখন তো মুটামুটি মানে ওবস্তা খারাফ। বেডির উম ইও ওই গেছে। ফরীক্ষা দিতাম ওউ সময়",শুরু করলাম করা করিয়া যখন ডিটেন পরীক্ষা দিতাম ন্ মোটামুটিবস্থা খারাপ পরীক্ষা দিতাম ওসময়
test_sylhet_0336.wav,sylhet,"প্রশ্ন আউট ওইগেছে। বুজছো নি? রিটেনের প্রশ্ন আউট ওইগেছে। যে দিন ফরীক্কা এর আগের দিন শুনরাম যে ফরীক্কা স্থগিতো। হুম, খই খেনে? ফ্রশ্ন আউট ওই গেছে। আমি তো মহাকুশি ওইছি। কারণ এখন, ম্যাম এর কি প্রিপারেশন কি একটু, না। আমার তো অসুস্থনু এই জন্য, মানে এট এনি মুমেন্ট লেবার পেইন শুরু হবে। একদম লাস্ট মুমেন্টে আইচ্চি ফাস্ট বেবি ওইবো।",প্রশ্ন রিটেনের প্রশ্না উঠেযেদিন পরীক্ষার আগের দিন সূন্রাম যে পরীক্ষা স্থগিত প্রশ্নত মোহা খুশিহ পােশনকিসতলে ে এযানিমোমেন প লেবার পেইন শুরু একদম লাস্ট মোমেল টাইকচি ফার্স্টব্যাবী ঐইব
test_sylhet_0337.wav,sylhet,"ওখন আমার বাই আইয়া খইরা ইয়ো খরো, সিজার খরিয়া তুমি ফড়ার লাইগা, আমি খই সিজার করাত গেলে যে খরছ লাগবো ইতা আর আমার জামাই নয়া ছাকরী, ওতো কিছু বিয়ার খরিয়া তাইন আমার সিজারের খরছ দিবা খেমনে? আমি খই না, সিজার না। নরমালি ওইলে ওইবো না ওইলে নাই, ইতা আমার সিজার-উজার না। আমি ওলা অবস্তায় ফরীক্কা দিমু। যেসা ওউক।",তখন আমার বাই াইয়া কইরে আই র স্ীধার করিলাম সবীদান করিয়াদু পড়ালে সিজর গরাত গেলে চেক ফরস লাগব ়া সাকরী অত কিছু বেয়ার করিয়া তাইনেমার সিজারের রচ দিবাসে িনরমালে ইলাআমার সিজার নিজেনা নহল্লাহ অবস্থা় পরীক্া
test_sylhet_0338.wav,sylhet,"মানে আমার, মানে ফরীক্কা দিতাম মনোর সাহসের কুনো অভাব নাই। শরীরো এনার্জী না তাখলেও মনের মনে দুর্দান্ত সাহস আছিল। বাদে ফরীক্কা যখন স্থগিত ওইলো, ওউয়ার ফরে",র পরীক্ষা দিতা মন সাহসের কূন অভাবনা ৃষ্ হৃদয়নার্থীনতালম্বনে দূর্তান্ত সাহস আছি বাদে পরীক্ষা যখম স্থগিত হইল ওয়ারপরে
test_sylhet_0339.wav,sylhet,"গেলাম বাড়িত। আমার ছেলে ওইলো বড়োটা। আমার বাইর বাসাত আছলাম। ফরে আবার ফরীক্কার ডেইট ওইলো, ওই সময় আমার ফুতের বয়স ওইগেছে তিন মাস। এখন তিন মাসের বয়স তো ব্রেস্ট ফিডিং টাইম।",ড ছেলে ঐইল বড়োটা ইাসাআসাম পরে আবার পরীক্ষার ডেই ডইল ওসেমো আমার তের বয়সই গেছে তিন মাস এখন তিন মাসের বয়স ত ব্রেস্ট ফিজিং টাইম
test_sylhet_0340.wav,sylhet,"এরে লইয়া ওখন রিটেন ফরীক্কা দিতাম। ফেটের বিতরে তাখলে তো এর এক শান্তি। এখন ফেট তাকি বাইর ওইছে ওখন থুইয়া উক্কা আলাদা খানি লাগে, ওখন বাদে ই প্রথম বিসিএসো ওইছে কিতা সখালেও ফরীক্কা, বিকালেও ফরীক্কা। বুজছো? সখাল দশটা তাকি এখটা আবার দুইটা তাকি ফাঁচটা।",রেলোই এখন রিটেন পরীক্ষা দিত ফযোটের ভিতরে তাখলে তয় আর এক শান্তি থেকে বাইরি খলতুল আলাদালান লাকায় অহমানবাদে ই প্রথম বিসিএস স্েগিতার সকালেও পরীক্ষা বিকেলও পরীক্ষা় াল ১০টার থিকেই একটা আবার দুটার থেকেই ৫া০টা
test_sylhet_0341.wav,sylhet,"<> দশটা তাকি পাঁচটা পর্যন্ত ফরীক্ষা দেওয়া তিন মাসের বাচ্চা রাখিয়া ইতা মানে মহা যুদ্ধ। আর সেন্টার আছিল তুমার সরকারি কলেজো। বাসা আছিল রাজমহলের ফিছে। ফরীক্ষাত যাইতাম, গিয়া <> তখন আমার বড় জা আইছে তারে আমার ছেলেরে দেখার লাগি। আমার বড় জা আইছে ফরীক্ষার সময় <> সাপোর্ট দেওয়ার লাগি।",তখন ১০টা থেকেই পা০টাবার্যন্ত পরীক্ষার দেওয়া তিন মাসের বাচ্চা রাখিয়া ইতার মানে মুহালযুগ্ধ আর সেন্টারাতিন তোমার সরকারি কলেজও বাসারাসিরাজমুহুলেি পরীক্ষার যাইতাম গিয়া তখন আমা বড় জা আইতে পারে আমার ছেলেরে দেখার লাগে রীকারসয
test_sylhet_0342.wav,sylhet,"আমি যাই ফরীক্কা দেওয়াত সখালে, ফরীক্কা দিয়া মাঝখানো যে এক ঘন্টা এখটা তিকা দুইটা। কলেজ তিকা একটা দৌড় দিই, বাসাত আইয়া, আইয়া বাথরুমো যাই, তারে খাওয়াই। খাওয়াইয়া আমি একটু ফানি খাইয়া আবার যাই। খারণ এক ঘন্টার বিতরে আবার সেন্টারো যাওয়া লাগবো।",নামি জায়ক পরীক্ষা দেওয়াজ সকালে গিয়া পরীক্ষা দিয়া মাসরালের যে এক ঘণ্টা কাইমেসটাদিকে দুতে কলেজটিকে একটা দৌড় দেয় একটা দৌরে বাসা তাই আইয়া ওঅশুভে যাই তারে খাওয়ায় খাওয়াইয়া আমি একটু পানি খায়ে আবার দৌড়িয়া যায় ন এক ঘন্টা ভিক্রা বর সেন্টা
test_sylhet_0343.wav,sylhet,<> ওতা দৌড়িয়া সখালে এখ ফরীক্ষা বিকালে এখ ফরীক্ষা। ওলা খরিয়া রিটেন ফরীক্ষা দিছি। দিয়া যাই হোক রিটেনের রেজাল্ট আলহামদুলিল্লাহ! পজিটিভ আইছে। যখন রিটেনের রেজাল্ট পজিটিভ আইছে তখন তো বাইবা দেওয়াত যাইতাম। <>,ওতা দৌড়িয়া সকালে এক ফ্রিকা বিকেলে ক ওোলা করিয়া রিটেন করিকষা দিছি ভিয়া জাইও কুরটেনের রেজাল্ট আঠান দলিলা প্জিটি ভাইসে যখন রিটেনের রেজাল্ট প্রতিটি ভাইসে তখন তো বাইবা দেওয়া যাইটাম
test_sylhet_0344.wav,sylhet,বাইবা দিতাম তখন আমি খইলাম যে এখন তো ছাকরি খরতে সমস্যা নাই। <> বাচ্চা আইচ্ছে দুনিয়াত। আর মুটামুটি বিসিএসও সার্টেইন। আর তে এখন টুটকি-মুটকি ছাকরি খরি দিনো। তো তাইন খইলা এখন তুমি খরতায় ফারো সমস্যা নাই। <>,তহলান কইলাম যে এখন ত চাকরি করতা সমস্যা নাই বাচ্চা আইচ্ছে দুনিয়া মোটামুটি ডিসিয়ার সার্টেই তখন টুটকি বারকি চাকরি করি দেল পতাঙগুলে এখন দমকর্তার ়সমস্যা নায়
test_sylhet_0345.wav,sylhet,"তখন ওইলো গিয়া বাইবা দিলাইছি। বিসিএসের বাইবা দিয়া <> কুন দিন রেজাল্ট আইবো আর কুন দিন ইতা গ্যাজেট ওইবো, কুন দিন নিয়ুগ ফাইমু ওউ ফাঁকে গিয়া আরোকটা চাখরীর লাগি এপ্লাই খরছিলাম। <> বাংলাদেশ। তখন ইটা ফার্স্ট ক্লাস চাখরী আছিল। এগারো হাজার স্কেলে। <> ওউ চাখরী খরছি।",তখন নৈলগিয়া ভাইবাহভিলা় ফিডিসি এসে বাইবার দিয়া বুকন্দিন রেজাল দাই গলপুন দিলিটা গেজের বরিবপন্ধী নিউড পাইমু ও ফাঁকে গেয়া আ় টাকাকা বাংলাদেশ তখন এটা ফাস্ট ক্লাসি ১ হাজার স্কেল ও চাকরি করছি
test_sylhet_0346.wav,sylhet,<> ও বিসিএস এর আ <> মানে নিয়োগের আগ ফর্যন্ত। আর ও তার দশ মাস যখন তখন বাইবা ফরীক্ষা দিছি। দিয়া বিসিএস ওইলো। ছাকরি ওইলো। ওইয়া,সিএসএর নিউগর আকফোর্স তারে ১০ মার্চ যখন তখন বাইবিআ বিখ্লেশ হইল তাকান হইল ওইয়া
test_sylhet_0347.wav,sylhet,পোস্টিং ওই গেছে তুমার বি. বাড়িয়া। <> তো বি. বাড়িয়া তুমার স্যারোর ছাকরি সিলেট আর আমার ছাকরি বি. বাড়িয়া। আমার বাচ্চার বয়স তখন দুই বছর কাছাকাছি গেছে। <> এখন ই ছুটো বাচ্চা লইয়া কেমনে মানে আমি,পোষ্টিং হয়ে গেছে তোমার বিবাড়িয়া বাড়িয়ার সোমার ফারোরফাকি সিলেটারামার্সাকলি বিবাড়িয়ে আমার বাচ্চার বয়স্ত হন দুই বছর কাছাকাছিকেছে এখনইছুটবাচ্চা লুয়াছেমনে মনামি
test_sylhet_0348.wav,sylhet,সিলেট তাকি হনো গিয়া ছাকরি খরতাম হনো গেলে তুমার স্যার তাখতো না। আমি এখলা এখ বাচ্চা লইয়া ই তো আরেখ যুদ্দ। <> ওউ যুদ্দর সময় <> কাজের মেয়ে এখটারে লইছি লগে। আমার বাই আইছোইন বাড়িত তাকি এখজন। <> বাই তাখছোইন কাজের মেয়ে গেছে বাচ্চা রাখিয়া।,সিলেটতে কি হনো জ্ঞান থাকতি করতে মা বোন গেলে তোমার শায়াট খাস্তো নামিয়ে ক্লাম এত মাচ্চা লইয়ায়ত তো আরেক যুদ্ধ ও যুদ্ধর সময় কাদুরমিয়ার তাদের লৈখী লোকে আমার ব২ এস্িন বাড়ি থেকে একজন বাড়ি ঠারক্সইন কাজের মেয়ের গাছে বাচ্চা রাগিয়া
test_sylhet_0349.wav,sylhet,"<> ওউ হনো ছাকরি খরছি ব্রাহ্মনবাড়িয়া মহিলা কলেজো। <> তিন মাস। <> তখন আমার লাক কুব বালা বুছছোনি। আল্লাহ আমারে প্রতিটা দাপে, দাপে কুব সহযোগিতা খরছোইন। আল্লাহর খাছে ছাইছিও ফাইছিও।",সাকিুরসি ব্রাহ্মণবাড়িয়া বহিলা পলে যাও তিন মাস তখন আমার লাখ খুব বালা বছন ংলা আমারে পরতিটা দাকেদাপো খুব সহযোগিতা করছে নাল্লার হোসে সাইসি ও ফাইসিও
test_sylhet_0350.wav,sylhet,"<> তো তখন গেলাম ঢাখা এখটা ওরিয়েন্টশন ফ্রোগ্রাম আমরার। <> গিয়া ফাইছি মন্ত্রি, সচিব, ডিসি যারা আছে শিক্ষামন্ত্রনালয়ের আমরার ও <>",তখন গেলাম ডাকাটা ওরিয়েন্টেশন প্রোগ্লামরা গিফইসি মন্ত্রী সচিব ঢিদি যারা আছে শিক্ষা মন্ত্রীল মে
test_sylhet_0351.wav,sylhet,"ইও আরকি গার্ডিয়ান। তো তারারে ফাইয়া আমি খইলাম যে আমার বাড়ি সিলেট আর আমি ছাকরি খরি ব্রাহ্মনবাড়িয়া। আমার বাচ্চা ছুটো। এ আর তখন আমার বাচ্চা আছিল কুলো। নুরুল ইসলাম নাহিদ আছিল তখন মন্ত্রি। তাইন লগালগ খইছোইন যে, না ই ম্যাডামরে ছুটো বাচ্চা লইয়া জামাইর ছাকরি যেহেতু সিলেট তাইনরে সিলেট ট্রান্সফার খরার ব্যবস্তা খরোইন যেনো।",তারারে ফাইয়ানু খইলাম যেমন বাড়ির ছিলে টারামি জাকে ব্রাহ্মণ ি বাচ্চার সুত্র ধনমান বাচ্াসি নুরুল ইসলাম নাহিদাসিতুনমুখি তাইন লগালোক হোসেন জিনা ইমেদামলে এইসুটোবাচ্চা লইয়া জামায়ানট চাকরি জে তু সিলেট টান্টে ছিলেট ট্রান্সফর হরার ব্যবস্থা
test_sylhet_0352.wav,sylhet,"<> তখন ডিজিএ খইছে আচ্চা টিক আছে আমার লগে দেখা খরিয়ো। <> তো ওউ ডিজির লগে দেখা খরলাম <> দেখা খরার ফরে। দেখা খরার ফরে খইলো যে সিলেট, সুনামগঞ্জ <> কুনু পোস্ট ফাঁকা নাই। যদি ফাঁকা ওয়",তখন দিজিয়া গোজে চাটিগা চামাল্যকে দেখা বলিও তগিঞাদি দিল্লাকে দেখা করলা টনাপ গড়ার পরে দেখা গড়ার পরে ঐলজে সিলেট সোনামল কুনপোস্ট ফাগা নায় যটি খাকা হা
test_sylhet_0353.wav,sylhet,তে তুমারে আমরা ফাটাইমু। তো অই সময় এখটা প্রমোশন অইছে। ম্যাডাম <> সিনিয়র ম্যাডাম এখজন <> প্রমোশন অইছে। এমসি কলেজো পোস্ট ফাঁকা অইছে। আর খেমনে খেমনে জানি অদিন অউ আমি গেছি আবার <> যাওয়ার লগে লগে দেখি ম্যাডামের প্রমোশন অইছে। হিদিকে আমার পোউস্টিং অই গেছে। আমার কুনো <> ও লাগছে না। কুনো টেখা-ফয়সা লাগছে না। মানে,ঐই সময় একটা প্রমোশন হয়েছে ম্যাম সিডিও়র বেটাম এরতন তরশন হয়েছে এমসি কোলেজও পুস্ট ফাকা ছে আখরেমনে জমগে যনি অভিন আমিকে কি আপারঠিকি চাওয়া লগা গে দিকে মোডামে প্রমোশনেতে হিদিগামার পুষ্টিম হয়ে ে আমার কোনো ফরচা দে়ও লাগছে না কোনো টাকা পয়সা লাগছে না মানে
test_sylhet_0354.wav,sylhet,ইটা মনো অইছে যে আল্লায় নিজ হাতে আনিয়া আমারে বসাই দিছোইন। অউ আইলাম এমসি কলেজো। দুই আজার চৌদ্দ সালের নবেম্বরো আইছি। অউ সেই নবেম্বর মাস। তো ও নবেম্বর থাকি এখন ফর্যন্ত আছি <>,োল্লানি ঝাঁটামি আমরা বোসায় দেওয়াইলামেনট্রি করেছো ২০১৪ সালের নভেম্বরও ও সেই নভেম্বর মাস ত নভেম্বর থেকে এখন পর্যন্ত মাসি
test_sylhet_0355.wav,sylhet,"<> তো এরফরে তো আমার <> ছূটোটা অইলো। আলহামদুলিল্লাহ! অনেক হ্যাপি আছি। আমরা আসলে <> লাগি শূন্য দিয়া শুরু খরছি, বুঝতেও ফাররায়। মানে বাইরোর দিক থেকেও কুনো প্রত্যাশা আছিল না। আমার দিক থিকাও না। আমরা অনেক হ্যাপি।",এপরেতো আমা বাচ্চাসুক্রট বইল আলখাম দলিল্লাহ অনেক হেঁপি় আছে আমরা আসলে কনযুগাল্ায়কে শূন্য দিয়া শুরু করছি বুঝধবারায় মানে তাইলোর দিক থেকেও কোন প্রত্যাশায আছেইনা আমার দিক থেকেও না আমরা অনেক ি
test_sylhet_0356.wav,sylhet,কিচ্ছু নাই কিন্তু তার মাঝেও <> অউ অইলো গিয়া আমরার মানে বিয়ার ঐতিহাসিক কাহিনি। আফনারে তো কুনু ফ্রশ্ন খরা লাগছেই না। আফনে তো যেলা মানে গল্ফ খরার <> মানে <> যেন চুখের সামনে দেখতাছি। ফুরাটা কাহিনি। আর,কিছু নাইী কিন্তু তার নজর েখ ওলোজমরাঐিহাসিনয়াথমাম প্রশ্ন হরা লাগছেই না আহেজেলগমানে গল্ফগোলার সন্দ্র মানেল আখতাফেজেংস চোখের সামনে দেখতারাটাকাহিনী আ
test_sylhet_0357.wav,sylhet,"আচ্ছা। তাইলে ম্যাডাম এখন <> যে আফনে তো বালা বালা রেজাল্ট খইরা আইছোইন। স্ট্যান্ড খরছোইন। তো অই সময় কিতা আফনের ড্রিম আছিল নি ই যে ইদিকে আছিল নি? টিচিং প্রফেশনের দিকে আছিল নি? টিচিং, টিচিংটা অলওয়েজ আছিল। আমি যখন বিসিএসের সাবজেক্ট চুজ <> ইয়ো খরা লাগে না? ক্যাডার চুজ। তো ক্যাডার চুজ আমি তো কুনো সময় এডমিন ক্যাডার দেই নাই। ফার্স্ট চয়েজ আমি কখনোই এডমিন ক্যাডার দেই নাই।",ইম়ানম এখন পনে যে আখনেত বালাবালারা গা ঘরিট্যান ওসময় কে তা আপনার ট্রি মানে এদিদিকে টিচিটিচিচিচিন্তা ও লয়ে যােআমি যখন বিসিএসএর সাবজেক্ট চুষ করমিয় করা লাগেন ক্যাটারচুস তোক্যাডারচ৪দধ বি পুরোসময় অ্যাডমিফাসরয় যবে ফকুলই অ্যাডমি
test_sylhet_0358.wav,sylhet,<> কারণ আমার ওউ যে আমি কই তুমরারে আমি যখন ড্রিমটাকে সেট খরছি তখন কিন্তু <> ওলালা হাউজওয়াইফ। হাউজওয়াইফ তো হইমুই ইটা তো আমার টার্গেট আছোই। ফাশাফাশি আমার একটা ফেশা দরকার। ওটা আমি <> ইটা আইডেন্টিটি। ইয়াহ। তো <> ই কারণে,মার ওজায়ু আমি কৈতুমার আমি যখন ড্রিন ট্যাগের সযাট্ট করছি তখন কিন্তু অলার হাউসওয়ই হাউসওয়াড তু হুইমু ইটা তোমার টার্গেট আসি পাশাপাশি আমার একটা পেশাদাওটা আমিকি ডাইএনত এই কারণে
test_sylhet_0359.wav,sylhet,"যে আমি আমার বাচ্চা আছে, আমার হাজব্যান্ড আছে, আমার একটা ফ্যামিলি আছে। ই এই যে হেভেন, এই হেভেনটাকে সেন্টার খরি আমার পেশা তাখতো। ওখন আমার পেশার লাগি যদি এইদিকে ক্যাওয়াস হয় আমি অনেক সিনিয়ররারে তো দেখছি যেহেতু",মি আার বাচ্চাটা ফ্যামিলি আছে ইএইজে হ্যাভেন এই হ্যাবেন্টাকে সেন্টার করিয়া আমার পেশা ামনামাদ পেশান লাগে যদি একদিকে ক্যালোসবট আমি অনেক সিনিয়রারা তো দেখছি যেহেতু
test_sylhet_0360.wav,sylhet,আ দেখরায় আমার জার্নিটা ওনেখ <> মানে বড়। <> ওনেখ শ্রেনির মানুষের লগে মিশছি। তো মিশার ফরে আমি যেটা দেখছি আসলে <> এই <> ফেশা খও আর টেখা খও যাই খও না খেনে সংসারের সুখের জন্য সংসার,জার্নিটা অনেক মানে বড় অনেক শ্রেণীর মানুষের লোক মিশটি মিশান করে আমি যেটা দেখছি আসলে পেশা হো আর টেহা কো জাই হবনাখানে সংসারের সুখের জন্য সংসার
test_sylhet_0361.wav,sylhet,"ইটা মনে ওয় দুনিয়ার এখটা বেহেসত। আর ইনোর মাঝে যদি তুমি হ্যাপিনেসটা রাখতে ছাও ইকানো টাই দেওয়া লাগবো। আর ই টিচিং প্রফেশন ছাড়া আর কুনু প্রফেশনো গিয়া তুমি স্বামী-সন্তান, সংসারো টাইম দিতা ফারতায় না। কাজেই এদিকে টাইম দেওয়া হিদেকেও",এইটা মোনো দুনিয়ার একটা বেহেজ ইনুর মাধ্ে যদি তুমি হেপিনেস্তা রাখতেছা এখানেস্তাইন দেওয়ালা ইদটিচিং প্রকেশন ছাড়া আট গলোগ্রফিশনের গেয়া তুমিস্বামী সন্তান সংসারও টাইম দিতা কারতে জে ইদিগও টাইম দেওয়া হিদিকেও
test_sylhet_0362.wav,sylhet,নিজের আইডেন্টিটি রাখা। ই ইটা আমার মদ্দে কাজ খরছে যার কারনে আমি কুনু দিন এই অন্য ক্যাডার ফ্রতম দেই না। আমার ফার্স্ট চয়েস আছলো এডুকেশন ক্যাডার। আমি এডুকেশন ক্যাডার ওইছিও। তারপরে বয়স আছলো অ্যাপ্লাই করার আমি আর ফরীক্ষাও দেই নাই। চব্বিশ তম দিছিলাম তখন ওইলো গিয়া,নিজের আইটেন্টিটি রাখা ইঁটা আমার মধ্যে কাজ কর্সে যার কারণে আমে কোনোদিন এই অন্য গ্যাডা প্রথম দিন আমার ফাস্টও এজস্কুল এজুকেশন ক্যাডা নামি এজুকেশন ক্যার কুইসিও তারপরে বয়স আসিল আরও অ্যাপ্লাই করে াপরীক্ষাও দিলে ২৪তম দিসিলাম তখনও লুইগয়া
test_sylhet_0363.wav,sylhet,<> ত্রিশের রেজাল্ট আই ই নায়। তো চৌত্রিশ যখন দিছি তখনও আমি এডু এডুকেশনটারে অউ ফার্স্ট চয়েজ রাখছি। যেহেতু আমার তেত্রিশ অই গেছে। তখন আমি আর চৌত্রিশ দেই নাই। অউ অইলো গিয়া আমার টার্গেট। আফনার <> স্ট্রাগলের। এখন তারা আইল্লে আফনের মানে এখন কিতা আফনে কুনু ড্রিম দেখরানি? না ভাবরা যে আরো টাইম যাউক।,রেজল্ট ৩৪শ যখন দৃশটি তখন মি এা এ এডুকেশন টবুফ্লাশ্টরেযেতু আমার ৩ ওইকে৭েগুনা বেয়ার চ৪ি ওল্যামাম ফ্রাটেকসান তারাই লখনের মানে এখন কে তা আখন কোন ড্রিম দেখানিনা ভাবরাযা আরো টাইম দেয়
test_sylhet_0364.wav,sylhet,"বাচ্চারারে লইয়া আমার আসলে ড্রিম বলতে, আমরা যেভাবে স্টাগল খরিয়া আইছি, আমরার বাচ্চারা তো নিশ্চয়ই অলা স্ট্রাগল খরতো নায়। <>",বাচ্চারাদের লুইয়া আসলে আমার ড্রিম বলতে আমরা যেভাবে স্ট্র্যাভল করিয়াই যে আমরা বাচ্চারাতরেশ্টে অলাশলে আগর করতো না
test_sylhet_0365.wav,sylhet,"ম্যাডাম, আসসালামু আলাইকুম! <> আইচ্চা। হুম।",মলিক
test_sylhet_0366.wav,sylhet,"তারারে লইয়া আমার ছিন্তা বাবনা আমরার মতো আসলে আমরার বাচ্চারা স্ট্রাগল করতো নায় বা ইতাত। আমরা যে ফরিবেশো জন্মগ্রহন খরছি তারা তো ইরকম দেখছেও না কুনু দিন। কাজেই তারারে লইয়া আমার আসলে মাঝে, মাঝে মানে ইও ওয় যে কিতা খরবো বা কিবাবে তারা লাইফ",কারানুলিয়া মার কিন্তামাব না আমরার মত্য আসলে আমরার বচ্চার এতা শ্রাগণ করতো না বা ইতা তা আমরা যে পরিবেশের জন্মগ্রহণ করি তারা তোই রকম দেখছেও নাক নদিন যে তা়ার লইয়া আমার আসলে মাঝে মাঝে কিতা করব বা কিভাবে তারা লাইটস
test_sylhet_0367.wav,sylhet,"এস্টাবলিশ খরবে। তো আমার কাছে এখটা জিনিস অফশন অই মনো অয়, আমি অপটিমিস্টিক। আমি আল্লাহকে বিশ্বাস খরি এবং আমি দেখছি আল্লায় ফদে ফদে আমাকে অনেক সহযোগিতা খরছোইন। নিশ্চয়ই আল্লায় এখটা মানুষরে যখন ফাটায় তার রিজিকের ব্যবস্থা খরিয়া দেয় এবং আমি, আমরা, হাসবেন্ড ওয়াইফ দুইওজনে অউ",তো আমার কাছে একটা দিনে সব সময়ই মলেওয় আমি অপটি মিষ্টি গামি আল্লাহকে বিশ্বাস করে এবং আমি দেখছি আল্লাহ পরদে পোজামাকে অনেক সহযোগিতা করছে মুশি আল্লাহ একটা মানুষকে যখন পাটায় তাদের জেকেন ব্যবস্থা করিয়া দেয় এবংআমি আমরা হাসবেনও এক দিয়োজ নেই
test_sylhet_0368.wav,sylhet,মানে ওল্পতে তুষ্ট ওল্পতে সেটিসফাই তাখি এবং বাচ্চা গুলারেও ওইবাবেই গ্রো আপ খরার চেষ্টা খরতেছি। ত্যে তারাও যেনে কুব বেশি এক্সপেকটেশন তাখে না লাইফো। কারণ বেশি এক্সপেকটেশন তাখলে তুমার মানুষ খষ্ট ফায় বেশি। আর,অল্পতে তুষ্ট অল্পত সেটিসফাইক থাকি বং বাচ্চাগুলার ওইভাবেই গ্রভ করার চেষ্টা করতেছি যে তারাও যানে খুব বেশি অযাক্সপেক্টেশন থাফেনালাইজে বেশি অ্াক্সফ্ক্টেশন থাকলে তোমার মানুষ কষ্ট পায় বেশি
test_sylhet_0369.wav,sylhet,"ফড়াশুনার দিকে আমি আমার জায়গা তাকি যতটুকু ফারিয়ার চেষ্টা খরিয়ার। আর বাকিটা ওইলো গিয়া তারার তকদিরো যতটুকু আছে আরকি। তো তারা সত্যি কতা আমি তুমরারে কই মানুষের স্বপ্ন তাখে যে বাচ্চা-কাচ্চা বয়স ওই গেলে, বুড়া ওই গেলে তারা আমরারে দেখাশুনা খরবো",পড়াশোনার দিকে আমি আমার জায়গা থেকে তেতটুকু ফাডরিয়ার চেষ্টা করিয়া বাকি তহি লোগে তারা তোখদিরতটুকু আছেন ি তো তারা একমনে সত্যিকতানি দোমারারের বই যে মানুষের স্বপ্ন তা হেজে বাচ্চাগাচ্চা বয়শ হয়ে গেলে বুড়াওই গেলে তারা আমরাকে দেখাশোনাগন
test_sylhet_0370.wav,sylhet,"এই স্বপ্ন নিয়া বাচ্চা ফালে। <> তুমরা বিলিফ খরবাত কিনা আমি জানি না। আমার ফার্স্ট বেবি যখন ফেটো আইছে, আমি জানতামও না যে, হে আইছে। উইদাউট এনি থিংকিং। মানে এখটা বাচ্চা ফেটো, তার,লাগি তো এখটা মেন্টাল প্রিপারেশন লাগে। তুমরা তো দেখরায় যে আমি বিসিএসের লাগি যুদ্ধ খরিয়ার। খাজেই আমার কিন্তু কুনু ধরনের ইন্টেনশন আছিল না তখন বেবি নেওয়ার।<> আল্লায় দিলাইছোইন আমি",এই স্বপ্ন নিয়া্তোমরা বিলিফ করবায় কিনা আমি জানি না আমার ফার্স্টব্যাবী যখন ফেটেরাইছে আমি জানতাম না জেহে আরি উইদাউড এনি মানে একটা বাচ্চা আএগো তাল লাগই তথা মেন্টাল প্রিপারেশন লাগে তোমরা তো দেখা় আমি বিসিএসএল্লাক যুদ্ধ করিয়া কাজে আমার কিন্তু কোন ধরনের ইন্টেনশন আছি না তখন বেবি নেওয়ার তল্লাহ বিলাইছুন আমি
test_sylhet_0371.wav,sylhet,ওয়েলকাম। শুকরিয়া জানাইসি আল্লাহরে। আলহামদুলিল্লাহ! কুশি। আর ওই বয়সে আসলে বাচ্চাটা হওয়ায় এখন আমি বুজি যে আমার কতটা সাপোর্ট ওইছে। আল্লাহ ওলয়েজ আ আল্লাহ ওইলো গিয়া সবচেয়ে বড় পরিকল্পনাকারী। তো এখন আমি চিন্তা খরি যে,অভয়র শাসলে বাচ্চাটা হোয়া এখন আমি বুঝি যেতে আমার কতটা সাফর রইছে আল্লাহ অলয়ের আল্লাহ লোকে সবচেয়ে বড় পরিকল্পনা এখনো আমি চিন্তা করি যে
test_sylhet_0372.wav,sylhet,"তারার লাগি যেইটা ভালো, তারার লাগি যেটা উত্তম, মানুষরে সেটা আল্লায় দিবা। আর আমি যদি আমার সৎ পথের <> সৎ পথের মাজে থাকি, তারারে যদি আমি অই ফতটা দেখাইতে যাই, তাইলে ইনশাআল্লাহ! তারাও কুনো না কুনো <> মাজে ফরবো।",তারার লাগে যেটা ভালো তারা লাগে যেটা উত্তর নিশ্ছে সে টাল্লা দিবা আর আমি যদি র রথপথের মাঘের সেনটা দিবাস শৎ পথের মাঝে থাকে দাড়াবে যদি আমি ঐই পত্যা দেখাই যায় তাইলে ইছাল লা তারাও কোনা কোনও প্রতির মাজে ়
test_sylhet_0373.wav,sylhet,আর এখনকুর যেই ফরিস্থিতি মানে শিক্ষা-দীক্ষার দিকে মানে মাজে মাজে আপসেট হই। তারফরো আবার <> মানে আল্লার ফতি যে বিশ্বাস <> আমারে ফিরাইয়া <> যেন আফসেট হওয়া যাবে না। অউ অই না। আর ছেষ্টা খরি আরকি তারারে লইয়া। <> আর ব্যালেন্স খরা <> খররা কিলাখান ম্যাডাম? <> মানে ফ্যামিলি তারফরে প্রফেশন,এখন কূর্যে পরিস্থিতি মনে শিক্ষাদি্ষার দিকে াজে মাঝে আকসেট বই তারপরও আবার ্লাহর প্রতিটে বিশ্বাস মার ফিরাই আনে যেনা়াযাে ওেষ্টা করিয়ায়া বানিস কলরাকাহেমেলি তারফার প্রফেশন
test_sylhet_0374.wav,sylhet,"মানে আমরা তো কুব গুছাইল এখজন ম্যাডামরে দেখি। ব্যাল্যান্স আসলে তুমার স্যার কুব কোওপারেটিভ। কোওপারেটিভ বলতে দরো, তাইনরে কুনু সময় যে একেবারে খাবার রেডি খরিয়া টেবিলো লইয়া বারিয়া খাওয়ানি লাগবো, সার্ব খরা লাগবো তো ই টাইপোর না।",াখুব গুছাই লেগবে ম্যাডামের দিকে বেলেনস আসলে আমার সারখুঅপারে কো়াপারেটিভ বলতে ধর তইন যে কোনো সময় যে একেবারে খাবার রেডি করিয়া টেবিলও লইয়া বাড়িয়া খায়ানিই লাগব সার্জ করা লাগব এইটাই পর্যা
test_sylhet_0375.wav,sylhet,"আর তাইন তাইনোর কাফর-ছুফোর নিজে নিজে ধুইলায়। আর তাইনোর খাবারদাবার ধরো <> আমি রান্দিয়া রাখলে তাইন <> লইয়া খাইলিতো ফারে। অউ, অ খাজটা তাইন খরোইন। অউ তানোর দুই বাই আছে স্টুডেন্ট। তেউ তারারে আমি খইছি, <> দেখো তুমরাও ফড়রায়, আমিও ফড়রাম। তুমরা যেরখম স্টুডেন্ট, আমিও স্টুডেন্ট।",টাইমটাইনওর কাপড়স ওপর নিজে নিজে দুইলা তাইনোর খাবার দাবার দরামি রামভিয়া রাখলে তান লুয়ে খাই দেতে ে ও পরকাশটা তাইনঘরই তানুর ডুই বাইয়া ফিস্টুডেন্ট তারারা আমি খুজি তক তুমরাও াতুমরা তরকম ইস্টডেন্ট আলু ও স্টুডেন্ট
test_sylhet_0376.wav,sylhet,"কাজেই তুমরারে আমি রান্দিয়া দেই। তুমরা তুমরার যার, যার থাল দইলিবায়। যার, যার বিছনা আটাইলাইবা। যার, যার রুম যার, যার ফরিষ্কার খরিলিবা। আর তাইলে আমরার কাজের মানুষ লাগতো না। আমরা যার, যার খাজ করিলিমু। তুমরা আমারে হেল্প খরলে আমিও তুমরারে হেল্প করমু। ওলা আমরা মনো খরবা যে, ইটা এখটা মেস। ইটা কুনু বাসা না। ফ্যামিলি না",তুমরারে আমি ামধিয়াদেই তুমরা তুমরা যা় জার থাউযারদর বিষ্ণব আটাই লি চারজার রুম জার জল পরিষ্কার করতাইলে আমরা কাডের মানুষ লাগত না তুমরা মরে হ্যাল করলে আবামনোকর ভায় যেটা একটা মেস এটা কোনো বাসা না পমদিনা
test_sylhet_0377.wav,sylhet,"অলা খরিয়া। তো আমার দেবর দুইটা হেল্প খরছে আমারে। হেল্প খরছে বলতে বাচ্চাগুলা যখন <> ছুটো আছিল, ইতা যমোর লগে আছিল। আমি খাজের মানুষ রাখলেও মানসিকভাবে শান্তি থাখতাম যে না বাসাত তার ছাছারা আছে।",মারদেভর দুইটা হেল্প করহযাল্প পরসে বলতে বাচ্চাগুলো যখন ছুটো আছে ইতাই তোমার লোগে আছি আমি কাজের মানুষ রাখলেও মানসিকভাবে শান্তি া আছে
test_sylhet_0378.wav,sylhet,"অলান। তো ফরে এখটার ফড়া <> শেষ অইলো। তে ইটারে বিয়া-শাদি দিলাম। আমি যদিও তুমার স্যারোর গাছ থাইক্কা ছুটো সবচে ছুটো এখটা ঋণ নিয়া আছি, তো ফরে আমি আমার ছাকরির টেখা দিয়া গোউল্ড-উল্ড বানাইছি, কিনছি বা <> এখন <> ইচ্ছা খরলে আমি ফারি",তপরে একটার পর া শেষ হইল ট্িইটারে বিয়াশা দি দিলাম আমি যদিও তোমার সা়ের কাছ থেকে ছুটরোর সবচেয়ে সুটে হ্যারিং দিয়ে আছি ত পরে আমি আমার ফাঁকরির চেখার গৃয়ে গল্ডুনবানাই চিকিট জি অন্তিমচা করলেন ফাঁ়ি
test_sylhet_0379.wav,sylhet,"ফরে আমার জাল এরারে কিছু আমি সম্পূর্ণ দিয়ে দিয়েও <> যাতে তারার মাজে কুনো ধরনের <> অতৃপ্তি বা না ফাওয়ার ইতিহাস থাখে নাই। <> আমার শ্বশুর-শ্বাশুড়ির বিবেখ, তারা যে ছেলেমেয়েরে ফড়াইছে, ইকানোউ তারার লাগি বেশি।",পরে আমার জালেরার একজমেই সম্পূর্ণ দিয়ে দিয়েও তারার মাঝে কোনো ধরনের অতৃত্তি বা না পাওয়ার ইতিহাস থাকে নানামার শ্বশুরশ্বাশুদি ভিদে তরাজি সেলেমের পড়াইসিই কেন তারা লাগে
test_sylhet_0380.wav,sylhet,"যে ফ্যামেলি টাকি আমার শ্বশুর-শ্বাশুড়িয়ে যে তারারে <> ইস্কুলো ফাটাইছে। ক্ষেতো না ফাটাইয়া ইস্কুলো ফাটাইছে, অটার লাগি অউ তারারে পুরুষ্কৃত খরা উছিত। আর ফরেরটা তো আর আমি যখন আইয়া ধরছি তে মনো <> আগাইছে আরকি।",েকে আবার সশরতাক দিনিতে তারারাস্কুলোও ফাটাইছে স্েতন না ফাটায় স্কুলো ফাটাইতে অটাল লাগেও দাঁড়ারে পুরস্কৃত করা উত পরেরটদল আমি যখন আইয়াদ গোরশি
test_sylhet_0381.wav,sylhet,"ভাবিরার বাড়িও অতো ফাইনানশিয়ালি অতো বালা আছিল না। সলবেন্ট আছিল না। তালই মাঐ এখটু গরীব আছিল। তো আমার আম্মায় ছাউল, ডাউল, শিম যতো সবজি-উবজি আছে ক্ষেতোর ইতা সবতা মিলাইয়া বস্তা ভরি ভরি ভরি ভরি তালোইর বাড়িত ফাটাইছোইন। আর ফরীক্ষার যতোদিন আছে আমি তালোইর বাড়ি থাকিয়া ফড়মু। অউ জীবনের প্রথম বাড়ি থাকি বাইরোইছি। আর খেউর বাসাত থাকিয়া ফরীক্কার উদ্দেশ্যে গেছি। এখ তো অইলো গিয়া গেছি গো মাই ফরীক্কা দেওয়াত।",রবাড়িও তো ফাইন্ান্সেলত বালা আসিন না চলবেন দাছিন না তালুই মওটু গরিবাসি তমার আম্মায় সাউলডাউশিম যতসবজুজি আসেসতরতার সবত্তা মিলাইয়া পোস্তাবুড়ি গ় গ়ি গরেই তালুরবাড়িক ফাটাইছেন আ ফরীক্ষার চতুর্দিন আতরামি তালমবাড়ি থাকিয়া পূর ও জীবনের প্রথম বাড়ি থেকে বাইরেসি েউরবাসাদ থাকিয়া ফরীক্ষার উদ্দেশে গেছি এসতৈলোগিয়া গেশিকুমাই ফরীক্ষা দেওয়া
test_sylhet_0382.wav,sylhet,"তে খইছোইন তে তুমি যদি ফড়তায় ছাও, তে তো আমরার ইন থাকিই শহরো গিয়া ফড়া তো সহজ নায়। রাস্তাঘাট বালা নায়। যুগাযুগ ব্যবস্থা বালা নায়। এখলা এখলা যাইতায় ফারতায় নায়। রাস্তার মাজে মানে আমরা গ্রামোর তো অনেখ মানে ইয়ো আছে। সমস্যা মেয়েরারে বাইর খরা। তে তো তুমার হুস্টেলো থাখা লাগে। আমরারে ফালাইয়া থাখতায় ফারবায়নি হুস্টেলো গিয়া? ফড়লে হুস্টেলো থাকিয়া ফড়বায় যাতে যাতায়াত ব্যবস্থাটা <> অয়। সমস্যা অয় না।",তুমি তু ফোরতায় তাওদুত আমরা ঋন তেকে শোহরোগিয়া প়া তোর সোহজ নায় রাস্তাঘাট বালা না যোগাযোগ ব্যবস্থা বালা নাই একলাকলাদাইটাএবার তায় না রাস্তার মাজে গ্রামরটৌনের ইউ আছে সমস্যা মেয়েরাবা় করা ুা বিষ্ঠুলতা খালাগ কামরারে পালায কা পড়লে হুষ্ঠলতা কিয়া পরবা যাতে যাতায়াত ব্যবস্থাটা সুহেও সমস্যা হয় না
test_sylhet_0383.wav,sylhet,"এরফরে অইলো গিয়া মেসো যদি থাখি না তাইলে খই থাখমু? ইটা এখটা বিশাল এখটা ইয়োর মধ্য দিয়া গেছি আরকি। মানে অভাব-অনটন, চিন্তা, দুশ্চিন্তা অতার মাজে দিয়া গেছি। গিয়া তারফরেও আমার বাইয়াইনতে আনচোইন আমারে, এখটা কুচিংয়ো দিছোইন। দিয়া পাশে হউ নাইয়োর ফুল এখটা মেসো দিছোইন। নাইয়োর ফুল মেসো উটছি অনো আমার লগের আরো ছাইর-ফাচজন থাখতো। মহিলা কলেজো ফড়ছে তারা। আমরা এখলগে",েউইলোগিয়া মেসও যদি থাকি না তাইলে কুই থাকমু েটা বিশাল একটা ইউুর মধ্য দিয়া গেছি আকি বন ও টনচিন্তা দুশ্চিন্াতার মধ্যে দিয়া গেছি গেয়া তারপরও আমার বাযইনতে আঞ্ছনেমার একটা কুচিং দিস্ুন দিয়া পাশেও নাইগরফিল একা নাইফুল মেসমুর্সি অনু আমার নগীর আলো সাইজন থাকিলাগলিতো পড়ছে তারা
test_sylhet_0384.wav,sylhet,"আত্মীয়স্বজনো আছিল না। তেউ ভাবির বাফের বাড়িত থাখতাম। ভাবির বাফের বাড়ি শহর থাকি এখটু দূরে, কিন্তু আমরার বাড়ি থাকি খাছে।",পাত্মীয় স্বোজনও আছিল না বাবির বাসের বাড়ি াবি বাসর বাড়ি আছি শহরটিটি একটু দূরে কিন্তু আমডার বাড়িতে কি খাচে
test_sylhet_0385.wav,sylhet,সিলেট ভর্তি খরাইছি মহিলা কলেজো। তো অখন বর্তি ফরীক্কা আছিল। আফনে সরখারিত ফড়ছোইন?,ফিলেট ভর্তি ঘরাইছি মহিকজ তখন ভর্তিপরীক্ষা আছে আমি সরকার স্ফ্রস্থনে
test_sylhet_0386.wav,sylhet,ইদিকে কিতা <> অয়? <> বাইরোইয়া। খতোটুক সময় লাগবো? না সময় বেশি লাগ না। এখবারে মানে <> গলি-টলি তো নাই নাকিতা <> গল্লি বায় অই <> ই খতাই খইরাম যে একবারে ই ঘাটফাড়ো গিয়া শেষ মাথাত। <> এখবারে শেষ মাথাত।,ু ল জোয়া াজুবরোইরিখতঠুক সময় লাগবএকার ে বলিটলি কনায়না ল্লিইখোতে করিরাম যে একবারে ইদ গ্রাফ্তাদেয়া গিয়াশে এষ মত
test_sylhet_0387.wav,sylhet,আর আরো তো ডাইনে বামে যাওয়া লাগতো নায়। ই রে এমনে গিয়া হেমনে এরফরে সিদা যাইবায় গিয়া। <>,টো ব্রাইনে বামিত হিরেইলেগিয়া মনিকর
test_sylhet_0388.wav,sylhet,<> সিদ্দ অয়। <> তুমারে কিতা খরলাম না? করলাম না। ওহ। আর কিতা ফারো? কবিতা ফারোনি?,ো খেলা হাআরকিতাবের কবিতা ফেরুনি
test_sylhet_0389.wav,sylhet,ফারো না? মাশটর আয়? কুনসময় মাশটর আর তুমরা গরো? সইন্ধ্যার সময়। সইন্ধ্যা <> সময়। সইন্ধ্যার সময়? মাশটরে কিতা কিতা <>? দুইবার আয়। তিন বার আয়। ছাইর বার আয়। <> ওহ। তুমি ফড়োনি? সব। বারই ফড়ো? অয়। সবটি ফড়ি।,মাতরা একন সমান আশ্টার ায়তনা ওদুগরুডি শবপরিপর
test_sylhet_0390.wav,sylhet,সবটি ফড়ো। তুমার ফড়তে বালো লাগে? অয়। ওহ। খাইছোনি তে আজকে? <> না। খাইছো না অখনো? খাইলিছে। <> তুমি ইকানোর স্থানীয়? না। তাই ইকানোর স্থানীয় নায়। ইকানো ভাড়া। তারা থাকে ইকানে আর আমরা থাকি অই যে <>,রম করতে বালোলগকাইশুনি তেো খাইি যেতালা থাকে কেন
test_sylhet_0391.wav,sylhet,"তুমি সিলেটি না? আমারে <> থাকো। ওহ। তুমি সিলেটি ভাষায় মাতো না? আইচ্চা তে <> টাটা। <> আইওউ। কিরে? আফনেরার বাসা কি ইখানোনি? অয়, অউতো বাসা। দুই তালা। অয় আমরারে খতোজন ফেইসবুকো জিগাইলাম। ভাড়াটিয়ানি আন্টি? জি, অয়।",ভাড়াটেনিআটি
test_sylhet_0392.wav,sylhet,"তুমি-তাইন খই গেছলায়? আমরা আন্টি <> আমরা অই যে আফনের ইয়েত এমসি কলেজোর স্টুডেন্ট আরকি। এই রাস্তা দিয়া কুনো সময় আওয়া অইছে না। ভাবছিলাম যে, <> যাইতাম। শর্টকাটে যাইতাম গিয়া। ওহ বুঝছি। বুঝছি। তো এখন ডুইক্কা দেখি মনো অইছে যে ছুট্টো গলি হয়তো। এখন দেখি যে আর শেষ অউ অয় না। বুঝছি।",আমরা আনটে হশটকাোেখি মনইছুতে ছোটঘটুল গলি হয়তো এখন দেিু়
test_sylhet_0393.wav,sylhet,"আন্টিরে মাততে ফারোস <> কিতা সম্পর্কে খ গবেষণাটা? আসলে আন্টি বাইরোইছলাম অইছে ইয়ের লিগা। মানে আমরার একটা আমরা লাস্ট ইয়ারের স্টুডেন্ট <> অনার্স, তো একটা পেপার লেখা লাগে যে, ইগা লইয়া। <>",মাতা প ডা খেটা সম্পর তহ গবেষণাসনা যে বাইরুসটা মসিইিারএকটা আালাফিয়ার স্টুডেন্ট অনার তো একটা পেপার লেখা লাগে
test_sylhet_0394.wav,sylhet,"বাসাত। <> সমস্যা অইছে গিয়া আফনের অতো সময় <> দশ জন অউ লাগাইয়া আইচ্চে খেউ যদি খেউ ঢুকি-উকি যায়। তে বাসার সামনের কুন দিক? ই দিকেনি? না অই যে <> যাইতা, বাসার সামনেই যাইতা গিয়া আন্টি যদি <> অয়। আইওউ, আইওউ।",াএ সমস্যা সিনঙ সন বর জনি ার সামনের সনিনাওজামনে াই
test_sylhet_0395.wav,sylhet,আন্টি কতো বছর দইরা আছোইন? আমি ইনো সাদিপুর বলতে আমরার নিজোর বাসা বালুচর। বুজছোনি? আমরা ইনো বাড়া তাখরাম। আর ইনো জিও কিতা আছি আমি সাদিপুর বারো-তেরো বছর। আর দুই মাস ওইছে আমি ই জাগাত আইছি। আচ্চা এরিয়া টা কেমন? বালা আছে।,বছর ্দূরে আ আমেরন শা দীপুর্বলতে ানিজেও বাষাবাণিজ্যারনআকিামে স্বািারতের অবস্থা আর ও দুই মাসরচেই াএরিয়াটা কেমন া আছে
test_sylhet_0396.wav,sylhet,আন্টি বাসাতে এখলা থাখোইন? <> এখলা থাকি না। মানুষ আছোইন সবাই <> এখলা এখনে আছি বর্তমানে <> বইনজি এখটারে নিয়া রাখরাম। মানে যারে ফাই আরকি অরখম আনি আনিয়া রাখি গরো। <> ছুটো মানুষ তারা আনলে ইগুরে আমি খুজতাম খরি বারোইছি এখন। ওহ। <> মানে থাকে আফনারার সাতে। অয় আমি আনছি হিদিন গেছিলাম বাড়িত। হুম।,নে মানুষ আস সংযাখিসুদেজরেফাইএ়াকিল ওরমানয়িরা খুজতাআি আনতিদীরকে ছিলাম বা়ি
test_sylhet_0397.wav,sylhet,তাইরে অউ জুরে খরি লইয়া আইছি। <> আমি এখলা এখলা সময় খাটে না। আইওউ বাসাত। তারার যে এখন তো বাজার দরো-উরো যে অবস্থা! কিলা অবস্থা আফনারার চলের? কিতা মনো অয়? বাজারদর নিয়া এখনের? বাজার দরোর? হুম। আল্লারে বাবা। ইতা তো খইয়া লাব নাই। আর সবতার দাম। <> সবতাত দাম। আইওউ।,র দূরো করে লিগেই াআ়ওাস এখন ত বাদারদরোধে অবস্থা িলা অস্থাই া সবপাক দামাসা
test_sylhet_0398.wav,sylhet,"<> ওউত্তো খই <> আফনারা, ভাড়া বাসা লইছোইন? ওউতো বাসা ভাড়া ফনরো হাজার, <> গ্যাস বিল আলাদা ফনরোশো টেখা, ওখন বুঝরানি খতো টেখা যায়।",আা আফগানিাবাসা মাবা বারা বাসালোএদ্িযকেশবিরআলানা ফন্ডশরিখারাম্বির মাশে
test_sylhet_0399.wav,sylhet,মানে এখ জন মানুষ ঘরো। <> খরছি নারে বাবা।,১কজন মানুষ ওরফি
test_sylhet_0400.wav,sylhet,"আর খাইন্দো না। ফান খাইতায় নি? খই আফনার বয়স তো খম না। <> বয়স খম, ইতা অসুস্থতার <>",ওই আপনার বয়স্ত কম লােয়শিতামনে অসুস্থতা গেশ া্
test_sylhet_0401.wav,sylhet,"ছাইরটা বেবি, ছাইর বছরে মারাও গেছে। তখন আমি টিক তাখতাম খেম্নে? হুম, কিভাবে মারা গেছে তারা? মানে সুস্থ তাখে <> আফনের গরম লাগে নি? <> ফ্যান গেছেগি। ই দিকে শীতও বেশি। ওয়।",ি৪তারার সুস্থ তাকে সিজগেদিগিবরিগলং লাগেরে গতদকাখে জামান লাগো
test_sylhet_0402.wav,sylhet,<> ওনার্স ফড়বো। ছাইর বসরে ছার জন। <> সখালে যাইতাম বিমান দিয়া ঢাখাত আবার বিকালে আইতাম। ওরখম ছলাফেরা খরছি এরফরেও বাচ্চা টিকাইতাম ফারছি না।,৬০বসরসাযইরজন্ ঠিকটাফুরা তাকে ঐইবাসনকার াএখন আর্থ ডাক্তারি দেখাইয়া যাগা াদাখই ়ালনে শহালেরটাম বিমান দিয়া ডাহাক আবার বিকেলেওর হুমসলাফিরা সিএর পুরা্
test_sylhet_0403.wav,sylhet,যে অসুস্থ মানুষ ইতা খইয়া লাভ নাই। আমি <> দুখ-উক খইবার খেউর গাছে জাগা ফাই না। আমি নিরাই-ছিরাই থাকি এখলা এখলা। কিন্তু বিশেষ খইরা আমার হাসবেন্ড খুব বালা। হুম। বুঝছোনি? হুম। আর ইলা খেউ থাখলে জীবনে ইলান খেউ রাখতো নায় খেউরে।,যে অসুস্থ মানুষ ামিতাহই ়এলাম রবাবিশবষ শনিমার হাসমে্ট ফুটআলিলা খেও তাহলে জীবনেই লাংতেরআস্তনা
test_sylhet_0404.wav,sylhet,খতো বছর অইছে আফনারা দুইজন <> আমার বিয়া অউ দশ বছর অই যার। কিন্তু আমার এখটু অসুস্থ অইলে এখনো বাচ্চা মানুষোর মতো আমি অউ অলান আচার-আচরণ খরি। কিন্তু কুনোদিন বিরখতো আইন না।,আমার বিে এমন১০বছরে কিন্তু আমার একটো অসুস্থই লেখনাবাচ্চামামিশের মতো আনলা চলাচ কিন্তু কোনোদিন বিরক্ত আইনা
test_sylhet_0405.wav,sylhet,"তাইন খইবা, তাইন আমার বাফোর বাড়ি গিয়া খইবা, খইবা, ইতা সমস্যা <> অখন যদি আল্লায় <> বাইচ্চা-খাইচ্চা দিলাইতো অউ ঠিক অই গেলো নে। এখনো হউ মন রইছে। হউ উল্টাফাল্টা খরে। সবতা খরে। আমি কিচ্চু মাতি না রে বাবা। তাইর মনে যেতা ছায় অতাউ খরে। খরোউক। মানে অখান ভাবোইন আরকি। মানে খুব বালা।",ইকা সমস্যার আক্রমণ দি আলহৌমন রয়ছে হলট্যাভলটাকৃত্যাতি বা তারি মনে যে কাঁজ হয়েওটাওমানেওখান বাবলে িা খুব বাল
test_sylhet_0406.wav,sylhet,তারার আমরা আজান ফড়ার আগে তারা শুরু অই যায়। হাছা খতা যেখান। নমাজ-উমাজ ফড়তে সবরে অসুবিদা খরে। হুম। এরফরে আজকে তিন-চাইর দিন থাকি তারার অনুষ্ঠান ছলের। <> মানে গুমানি যার না গরো। আল্লাহ আফনারার দুয়া <> আন্টি <> রিলিজিয়াস মুসলিম নায়নি? মুসলিম নানি? অয়। মুসলিম। বুঝোছ নানি রেবা? আমরা অই দিক দিয়া আই। <> ছারা কিন্তু <> লাগি আমরা <> গি। তুমি নু খও আজার ফড়লেও,পুক্লামুরির হামরাঐদিকদেয়হাহিকিদে া আরা আেনাপরতে সবরসুবিধারাতে তিন্চার দিন তাকে তারাগবি উষ্টাঞচগুমাই
test_sylhet_0407.wav,sylhet,"টিকটাক তো টিকো তাখের। তে ওতার লাগিও আমরা রমজান মাসো বাসা ফাল্টাইয়ার। মানে ই মাস তো ফেব্রুয়ারী মাস যারগি, মার্চোর লাস্ট তাকি। বুচ্ছি, এপ্রিল তাকি। হুম। বাসা চেইঞ্জ করমু, তারার লাগিনু ঘুমানি যায় নারে বাবা যে সমস্যা খরে তারা।",তটিনাহ আরা ও তার লাগিওে ফেব্রুয়ারি াি এপ্রিল তাকি নতুন াবাসাতে পরি বাজে সল্মতানে হিনুবুমাযে সযা হে
test_sylhet_0408.wav,sylhet,"ওখন তো তার ইস্কুল-উস্কুল বন্ধ, ওখন তাইর নানা বাড়ি তাইকা, আমার আম্মার বাড়িত আছিলো। ওখন তাইর মায় খালি খইরা লইয়া যাইতাম মেডাম আইছে। আমি লইয়া যাই না, এখলা ডরাই। আমি সন্ধ্যা ওইয়া গেলে গফ-উফ খরিয়া সময় খাটাই।",া স্কুলস্কুল বন্ধ করে এমতায় নানাবার থাকে ম়াম্মার বাড়ি তাই আছিল বেরানে গিয়ছি স্কুল বন্ধ আছে যন খুলছেনা এখনত স্কুল স্ক্লুস্টালেজ যহন যায়িত মায়ালিোন আমী লিগাজানাহলে আমি ১ লামডরাই আমি সন্ধ্যা় এলাকায় এলে়গো হোরফারি আমার সময় হাঁটের দিন হাটে
test_sylhet_0409.wav,sylhet,"<> বাবার বাড়ি? বাবার বাড়ি কোম্পানিগঞ্জ। ওই যে সাদা ফাতর, হু সাদা ফাতর। সুন্দর জায়গা? হুম। আমরা যাইতাম, যাইতাম খরি আর যাওয়া ওয় না। তে যাইও এখ দিন। আন্টি বাক্কা মিশুক। হু, যাইও। আফনেরা বাফের বাড়িত খে, খে আছোইন? মানে",দনি সুন্দর আরা যাইতা বেত হেটি করি ার ামাওডপাকাম সি
test_sylhet_0410.wav,sylhet,"বাফোর বাড়ির সবোউ আছে। বাই-বইন, মা-বাফ সব। বাফ মারা গেছোইন আজকে চেয়ার বছর অইছে। আর এমনে সবোউ আছোইন সংসারো। বইনে যে তারা এখন ডাখে <> তারা <> তো ইস্কুল-কলেজ খুলি গেছে তারা জানে। <> হুম। আফনার বড়নি সবার? না সবার বড় না। আমার আরেখজন আছোইন বইন। বাইরে থাখোইন।",াহলবাড়ির সবুয়াযেবাড়িবোইন মাবাবস বাক মারা গেছেন আে ৭াইবইনানে তারা এখন বাঙানতারার কসথুপলিস্থি দিগেছে তা বরন মিশবর শবার ঘরনাজন আছে
test_sylhet_0411.wav,sylhet,আর আমি দুই লম্বার আর তার মা তিন লম্বার। তারার বাসাও মেডিক্যাল। অই যে তারা উসমানি মেডিক্যালোর খান্দাত। কিন্তু তাই তাইর দাদির বাড়ি <> দাদির বাড়ি আর নানির বাড়ি এখ জেগাত। ওহ। বুঝছোইন নানি? তারা বাসা দিয়া ইকানো আইছে। এখন তাই তো গেছে গি হিনো। অখন আমি তাইরে ফাইয়া হবায় থাকি লইয়া আইচ্চি।,াসা ও েতাইতাই দাবির বাড়ি কিছু দানির্বাডণে আর মানিকবাড়ি ারা বাষা ঢেকেমাই এখন তায়ইতো গেসে বি ভিন্ন অমনামেতা ইরেফালি হবা দেখেুগে
test_sylhet_0412.wav,sylhet,"ওইযে সব বোইনাইন এখ জাগাত দলা ওইছিল, সব এখানো গেছিল, দাওয়াত দিয়া নিছিলো বাড়িত। ওখন তো তাইরে নিয়া দিলে আমার শেষ। আমার তো একলা ভালো লাগে না গো মাই। <> বাফের বাড়ি তাইকা আইওইলাইন কেরে? নিজের বাড়ি তাইকা আইওইলাম খই দেখি আমার ওতায়নি সমস্যা খরে।",যসব বইনে বেলাদল য়ছিল মলািসবেখানাও গেছিান্ত কাহরে নিয়াদিদািশেষ আমারারিকলাবালালাইযে কষ্ট করে থােনিজরমাস থেকে আই দাম প়তধকি মারকথাহিনি সমস্যা করে
test_sylhet_0413.wav,sylhet,"ফরে <> সমস্যা, ডাক্তার দেখাইতে, দেখাইতে ওর না। ফরে বাসা লইছি আইয়া ওউ এখবারে মেইন রোডোর লগে। ফরে এখ জন মেয়ে ওইছে আরকি আল্লা দিলে। এখন তাইনও মারা গেছোইন।",ফরের বালিসলাংসে মুশাবাচ্চাকারচাওন ায় ডাক্তারদের রাতে দেবাইতে দবাইে দোইতে দেস পরে বাশা লইছে এরয়া ও এফারেমি় দিপল যখনও আে লইছে এ পরে আল্লায়দিদে ওসজন মেয়ে েলাুমফুশ হিল এখন তাইনো মারা গেছে
test_sylhet_0414.wav,sylhet,"<> কী সমস্যার মাজে। ফরে রে বাবা <> রাকিব রাবেয়াত বর্তি আছিলাম। ছিনরায় তো। সিলেটিনি তুমরা? অয়, অয়। <> ওহ বুঝছি। সিলেটি মাতা। তে মাতো। রাকিব রাবেয়াত বর্তি অইছি ফরে এখজন মেয়ে অইছোইন। অওয়ার ফরেও তাইনো মারা গেছোইন। ফরে আমার সিচুয়েশন খুব খারাফ অইছিল।",কিসমসা ফরে নেবাবাহিতা রাকিবরাবে় বর্থিয়াছিাম িেিলেটি মকঠমাদ রাকিবা বেয়াক বটদিরিচি পরে একজন মেয়েওই জনোয়ার হরেও তাইগ মারা গেছেন পরে আমার চিটিযেশন খুব হারা
test_sylhet_0415.wav,sylhet,"ফ্রায় তিন মাস আমি ভর্তিও আছলাম। ফরে ইকান তিকা ইকানো ডাখা, ডাখাত কুনু, ই চিকিৎসা আর কুনুখানো নাই। <> ফ্রশ্রাব আটকাইয়া রাখার মতো না। এবলা বুঝো আমার হাজবেন্ড ওতো বালা মানুষ, আমি নিজের মুখে স্বীকার খরলাম। আমার ছব্বিশ ঘন্টার ফ্রস্রাব ঝরি গেছে আমি ওতো অসুস্থ মানুষ।",প্রাচীন মা স্বামীবর্দু সলাম ফরে ইখান থেকে ইনা ডাকার ডাকাত কুনু জ চিকিৎসার কনুজাগাকলেয পোসাগথলিফাটুকে রস তোার আটকেয়ে রাখার মত তোমার লাকিঝু আমার হাজমুলতো একজন বালা মানুষ আমি নিজিের মুখ আমার ২৪ ঘণ্টা ফোরসাব জড়ি গেছা মুকত ও সুস্থ মানুষ
test_sylhet_0416.wav,sylhet,বাচ্চার মতো ডায়ফার ফিন্দিয়া আমি তাখছি। ফ্রতিদিন এখ ফেকেট <> মনে খরো সাতশো ফঞ্চাশ টেখা। ফ্রতি দিন এখ রাইতে মনে খরো সাতশো ফঞ্চাশ টেখার <> লাগছে।,বাচ্চারার মতো ডায়বার হিন্দি আমেদ তাকি প্রতদিন এক ফেগের ফেম্পাজ মনে করে তোমার ৭৫০টাকা প্রতিদিন আমার এর ভিমে ক্রাইতে ৭৫০ টাকা পরেম
test_sylhet_0417.wav,sylhet,মানে আমি ফরিয়া থাখছি। এরফরেও ক্যাম্পাস মনো খরো একগুন্টা-দুইগন্টা <> মানুষোর <> বুঝরায়। এরফরে <> ইতা-হিতা খাওয়া ফরের তো তুমার ইগু অইবোই স্বাভাবিক। হুম। হুম। এখন থাখছি। কিন্তু প্রায় দুই বছর করুনার সময় <> বারোইছি। করুনা থাকি লাগাইয়া দুইটা বছর তুমি বাংলাদেশো কুনু চিকিৎসা নাই,আমি পরিয়া তাকি এর পরেও কেম্পাস মনে করে একগণ্টা দিগিনা বড় মানুষের পড়থা গোজরানের করে ফোট খায় ইঁটাহিদা হাওয়াঅপরের দতুমারি গুল বুরসা ব় এযাহন তাকসি শু প্রায় দুই বছর করুণার সেনা ডেলিবারি এেচি করুনা তাখিলে বাইয়া দুইটা বছ কোন বাংলাদেশের কোন চিকিৎসা নাই
test_sylhet_0418.wav,sylhet,"আমি অসুস্থ সারা জীবন তাখতাম আর বালা ওইতাম না কুনু দিন। এখন আল্লার উফর ভরসা খরছি। মানুষ তো সব বালা নারে বাবা বুঝো নানি মানুষের বালা দেখতে ফারে না। আমি আমার আল্লার খাছে খইছি আল্লা তুমি দেখিও, সুস্থতা, অসুস্থতার মালিক তুমি।",আমি অসুস্থ থারাএখন বুজছ তা সব মানুষের জিে জে বা কাকে হুলছে মানুষ ত সব বলানাবুঝনানে এ ওপর বালা দেখতে পারেনা আমি আবর আল্লাুিেখিওসুস্থ তা অসুস্থতার মালিক
test_sylhet_0419.wav,sylhet,"তুমি আমার অসুস্থতা বানাইছো, তুমি আমার সুস্থতা দেখছো। আমি ওরখম, আমার ফ্রস্রাব ধরছে কিন্তু আমি জায়নামাজো নামাজ ফড়ছি। তখন আমি আল্লারে খইছি যে আল্লা তুমি যদি আমারে গুনাহ দেও দিলায় কিন্তু আমি নামাজ ছাড়তাম নায়।",তুমি আর বসুষ্থ তকানা ইসে তুমিম সুস্থতা করিয়া দিবে আমি উরকম আমার ফোরসাপ জ্ড়ছে কিন্তু কামি জাতখনদেবদিকে তোহরানিজেদিমার গুনিা
test_sylhet_0420.wav,sylhet,আমি তাহাজ্জুদ লাগাইয়া নামায পড়ছি আল্লাহর কাছে খইছি। কিন্তু হঠাৎ খরি এখজন ডাক্তার লন্ডন তাখি মানি আমার হাজবেন্ডো তারার পরিচিত। তো তাইন ওন লগে যুগায়ুগ খরছোইন। তাইনে খইছোইন ঢাখা তুমি মগবাজার লইয়া আও। তাইনের ওনো এখটা চেম্বার আছে ম্যাডামের। লইয়া যাইও লইয়া আও। ফরে তাইন যে কুশি মনে খরছোইন যে এখনোই আমি বালা ওই যাইরাম।,িন্তু খঠাৎ ফরি একজন ডাক্তান তাবে যোগাযোগ করছেন ১াহ জন ডাহা তুমিমখ বাজার লইয়াফোরেকান যি কুশীমন বস্থা দিেখন অনবালইিজা
test_sylhet_0421.wav,sylhet,"মানে মেডামে ওলান ভরসা দিছোইন, যে আমি ফারমু লইয়া আও। আর এর আগে আমার দুই বার ভুল অফারেশন খরছে। বারো ঘন্টা, বারো ঘন্টা অফারেশন খরছে কিন্তু ভুল অফারেশন খরছে।",মেনানোওলান বরসা দিছেন জামিফার লইয়ার এর আগে দুইবার বুলোবাসা করছামা ডা১২ ঘন্টা ১২ ঘন্টা অপারেশন
test_sylhet_0422.wav,sylhet,বুল খরচি কিন্তু কিন্তু জিও খরতে ফারছে না। মানে তারা কিন্তু ই ওপারেশন জানে না। আন্তাজি খরছে। আন্তাজি খরছে। আহারে। আমি বুজতাম আমার কতো কষ্ট হররে বাবা। হাসাও তুমরার লগে এখটু গফ খররাম। মন আমার হালকা ওর। না কইন আমরা শুনতাছি। আমরারো না কইন আন্টি কুনু সমস্যা নায়। ওয় কইন। আমারো বালা লাগে। আমরা সময় নিয়া নামছি।এখন,দিওবারশন জানেন আবিবাপতকষ্টারিারা াসা
test_sylhet_0423.wav,sylhet,"এখন ওইছে কিতা ফরে দেখো আমার বারো ঘন্টা, বারো ঘন্টা দুই দিনে দুই বার অফারেশন খরছে কিন্তু ভুল অফারেশন খরছে। তারা কিন্তু ই বিষয়ে জানে না, তারা আরখ বিষয়ে জাইন্না কিন্তু ই অফারেশন খরতো ফারে না।",তা ফরে দেখ আমার হিনো১২ ঘন্টা ১া২ো ঘন্টা ধুই দিন পারাস এ লাগাহিন্ু তাদু বুলই বিষয়ে জানে তারা আরও বিশবে জানিয়া কিন্তুেই ওপ
test_sylhet_0424.wav,sylhet,"আর <> সেলাই-মিলাই কিতাকিতি লইয়া আরো উল্টা-ফাল্টা খরে। ফরে খালি এক বেদনা, ফ্রস্রাব ওয় না, এই না, সেই না। মানে লাগের যে কুন সময় জানি আমার জান যায়গা আমি নিজেও জানি না।",িাই মেলা় বিকরোফোরে হারিয় একবেদনফর সাবয়নাইনা শেইনা লি বেদনাবাশাপানিমানির লাগের যমন পুরসময় যে আমার জানজাই বোবার আি িজ
test_sylhet_0425.wav,sylhet,"ওরখম আছি। ফরে যাক লন্ডন তাকি ম্যাডামে এখজনের তানোর পরিছিত তান বইন তারার ওখান তাখি ডাক্তার ম্যানেজ খরছোইন। তাইন আবার ঢাখাত আইয়া বইন। মাঝে, মাঝে আইন।বাংলাদেশো আইলে। ফরে তাইন খইছোইন আচ্চা আমার খাছে লইয়া আইও। ফরে আমার লগে ম্যাডামে মাতছোইন। ফোনো মাতছোইন বিডিও কল দিয়া। দেখছোইন মাতছোইন।",ওরঘআ ফ়ায় ডাগ লোনমা তাকি মেডামের অজন তার পরিচিত তার গোযইিনতারা নলটাকে ডাতার েনেশ কোরষন তাই নাবার ডাখাতেগে়া বই ংেশফরে তাইন ফরিজনার চামারবে আফোনা মাঠশলেন ভিডিও
test_sylhet_0426.wav,sylhet,"মেডামে ওউ নর্মাল <> দেওয়াত গিয়া কিন্তু অফারেশন খরিলিছোইন। এক্সপার্ট আছে। ওয়, আর মেডাম বুঝরা যে ওখোন যদি না খরি, মেয়েটার বয়স খম আছে ওখন খরিলিলে ঠিক ওই যাইবো।",োউনুামাটা দেওয়া গিয়াওাএখন এ া স্ফুদমানিতান শাওসফালি ি া মের বইয়র সমা তেখন করে লেটিকুইজি
test_sylhet_0427.wav,sylhet,"আল্লা ভরসা, আল্লা, আল্লা খরো। তো কুন বায় তো ইনজেকশন দিছোইন আমি তো জানি না। আর আমার বাড়ির মানুষ টেনশন যে মেডাম ওখনো বাইরোইন না।",তো তার মুম্বাই়ের ইন্জেক সগিসেনানতা জানীনা কুমবায় অগ্য়াছি জােফরে তমার বাহিমা মুস্তফা
test_sylhet_0428.wav,sylhet,"ফরে এখদিন বারোইছে। আরো এখ জন সিনিয়র মেডাম বারোইয়া খইছোইন যে আয়েশার বাড়ির মানুষ খে? ছিন্তা খরিও না, মেডাম রিয়েলি অফারেশন খরা শুরু খরি দিছোইন। ওখন সবাই দোয়া খরো আল্লার খাছে। <> দিছোইন, অফারেশন ওইছে <> রাইত দশটা সময় গেছোইন। এবলা বুঝো খতো বড়ো অফারেশন ওইছে? হুম, হুম।",ফরে অধন পলেজ আরজন মানো সিনিয়র মেলা মারি দিশে দশে আশার বাডরি ানুষে রি়েলি পরাশ রাশর যল ভিসান এখনো পরাশনা়ত রায়দিনইি ১াকরে ায়দে শেশনছে ব্ল্যাগুরাহতো বড় পরশনে
test_sylhet_0429.wav,sylhet,"ফেট খাটা, এরফরে নিছ খাটা, মানে ওনেক কিছু বড়ো ধরনের অফারেশন ওইছে দুই তিনটা। হওয়ার ফরে সাকসেসফুল ওইছে না। এখটু রই গেছে সমস্যা।",ফেটহাঁটা এরফনে নিজখাঁটার মানি অনেক কিছু বড়দর মহ পা়াশনিওয়ারডভয়েদমো সাকসেস্ ফুলছেন এ্যকটির় হিচিহাসি
test_sylhet_0430.wav,sylhet,"এখন ওই যে <> ওয়, লিক একটু রইয়া গেছোইন। এখন বালা খরছোইন ওখান খও, এখটু যে বালা খরছোইন। এ তো ওনেক খুশি ওইছি আমি। এরফরে ফ্রস্রাবের রাস্তায় যে <> লাগানি ওইছিম ইগু আটকি গেছিন ইগু বারোয় না। মানে ইগু আনতে ফাররা না।",লি একট রইগেছে এর প্রজন বাওলা ঘোর্ছ নোহান একটু জিনেবালামুসনএতো অনেক খুশি হইছি লআমি এরপরে পর সথাব রাস্তা় জিক্যে টাটানলাগাছ নবু আটকে গেিেুয
test_sylhet_0431.wav,sylhet,"মানে একুশ দিন না, ছোদ্দ দিন, ছোদ্দ দিন ফরে সিট খাটিয়া দেলাইছোইন। আর খইছোইন যে তিন মাস ফরে আরোখটা অপারেশন খরা ওইবো। মানে এক অপারেশনে ঠিক ওর না। আরেকটা অপারেশন সারে তিন লাখ টেখা।",মনে ২১ দিন ১৪দি খনদিনের পর এক নিগিমুখ লিড়িতাআমাসিট কাটিয়া দিলেই তাপরছেন যা তিন মাসকর আরেকটা অপ ফলে টিপুইনে এক ওপারাশিনা টিকওন আরেকটা অপরাসে সাড়াে ত রা
test_sylhet_0432.wav,sylhet,বুছছোনি? তারফরেও আমরা খইছি <> আমার বাইয়ে তুমার বইন <> বালা ওই <> আমার তো হাজবেন্ড খইরাও ইকান তো বুজরা। হুম এখন ইগু ফরছে রাস্তাত <>,আরাইবনআমার তা্রবিুজা এহল ইকোপর্পর্ব রাস্তার দিকে টাটানি গুয়ানায়
test_sylhet_0433.wav,sylhet,"<> খারাপ ওই যায় রে বাবা, আমি এখটু ফরেওই গিয়া খাই। ফরে এখটু ফরে মেডামরে গিয়া খই একটু সেলাইটা <> আমি এখটু হালকা ইফতার খরি। এমু হুনিয়া আইতা, খাইরা না। ফরে আমি খইছি আন্টি আফনে গিয়া ইফতার খরিলাউক্কা। না খরে। ফরে <> মা খরিয়া খান্না খরে। ফরে আমি খইছি তুমি খান্না খরিও না বাবা তুমি বালা ওইয়া যাইবা।",ইয়ার হোসেং না হয়তো দুদি খারাপ খারাপ হইবেরে বাবা তান পড়েও গিয়ে হাই ফে একটা ফলে দে়ন্ন মেডানবা করসন্দবশিল এটা জমেএটা হাকায ফরে আমরা পরিচ্চিতরেজানটি এট আপনিকে এফতার করেক হোসেন না আবাবাবাদের সালো মাহালিবা়িতে ফাল্দাইয়াফোরে পানি নুসে ওঁচে়ে দেয়া বাবাদ থেমে সার না করিবে ন
test_sylhet_0434.wav,sylhet,"<> সাহস দিছোইন, সাহসে আমি ওনেক খুশি ওইয়া গেছি। আমি মনে মনে ভাবছি আমি বালা ওই গেছি। মানে সাহসে <>। ফরে কিতা ওইলো ই তো <> আয় না, বয় না, আমার যে সমস্যা ওইলো।",সাহসেগিমন মনে খুশি কোতযার বার্তায় কিন্তু খুশি এইফরেচরকিত হইল ইটেটাটাোয়া
test_sylhet_0435.wav,sylhet,"আল্লা, <> বছর আবার অফারেশন খরি একবার। ছিন্তা খররা নি? আমি আল্লার খাছে খইলাম আর আমার আল্লা সব সময় আমার খতা হুনরা। কিতার লাগি যে আমার বাচ্চা-কাচ্চা নিলা আমি জানি না। হয়তো আমার কুনু ভুল-ত্রুটি ওইছে খইতাম ফারি না। আমি জানি না, আমি যদি ভুল খরি, আল্লা মাফ খরতা।",সো আমি আল্লারেজতহারবনা আমার আল্লাহের সুব সীমাহইানতমার কোনো জাযগা বুরদুটি ি োর কি ভাকতে ার
test_sylhet_0436.wav,sylhet,"আমি খইতে ফারি না, ভুল খরলে তো আল্লা আমারে বুঝাইয়া দিতা যে আমি কিতা ভুল খরলাম। আর বাড়ির মাঝে কিতা ভুল খরতাম। আমি নিজোর মুখে স্বীকার খরলাম হয়তো আমি ভুল খরছি। সম্ভবত ওরখম। ফরেরে বাবা <> এখন",তো আল্লা় আমার বুঝিইয়াদিতাযে ওবুলডাতেমুখবার এমার যান ভুলকিতাআমি নিজের মুকে ঘুশিকারাইরা মনোভায় মি কোন বুল সম্ভবতরফলে এেবাগাওয় হয়ে ায়
test_sylhet_0437.wav,sylhet,"খই এখটু ধরোনে এখটু বাথরুমো যাইতাম। ওখন তাই একটু ধরিয়া বইছে, টাস খইরা গিয়া <> ফইরা গেছে। <> দেখছোনি আল্লার কী ক্ষুদ্রত, আর তান বুঝি যে খান্দা ওই মসজিদো।",রন একপাত্রফরে ভাইনাটিদড়ি ইনে গিয়েছে গে উুেঠা রুকুলেদেশসনি আল্লারকে ক্ুদ্র ধাতাইন গিজিন জি়ে হান্দা নামাজে বইয়েগ মচ্ছিত
test_sylhet_0438.wav,sylhet,"মানে ইগু টাস খরিয়া আইয়া, মানে টাস খরিয়া আইয়া কমোটের মাঝে ফরছে। এমন চিক মারছি আমি, মারিয়াও, আমি খইছি আমার মনয় সব ছিড়িয়া আইছে। মানে মাংস-উংসো মনয় ছিড়িয়া আইছে। <> ডরের ছোডে আমি ওবাইতা ফাররাম না।",রিয়ালিয়া বাটশ করে একি খুলিয়ে মোটার মাঝে পর্ছেমসিড মা রচিামিারিও পরচ সবতামনো িমনের মাংসে বক কিমান্ত সিরিয়াইয়া পরিমনকিক্ল্যানাইসিকি তাকর গো ছোট আহলা
test_sylhet_0439.wav,sylhet,"মানে এখটা জানোর জ্বালায় খান্দারে বালা। ফরে আল্লার হুকুমে তো বালা ওই গেলাম। ফরে হাঁটলে এখটু, এখটু খইরা ফস্রাব ফরি যায়। ফরে মেডাম তিন মাস ফরে আরেখটা অফারেশন খরছে। ফরে আমি বালা, আল্লার রহমতে দুই মাস ওই গেছে আমি সুস্থ ওই গেছি।",নর জালায হানদারে বাবা ফরে আল্লার ঘইলে তো ব়গিলাম পরে একটু টুভেন্পাস্ত ে ১িাআলাই দিলায় মিহল বালা দুই বছরেই গেছাম শিশ্টুই
test_sylhet_0440.wav,sylhet,"বুচ্ছো নি? সবার দোয়ায়, ঝুঁকি খইরা যে নিজোর বাসা থুইয়া হাছা খতাও নিজোর বাসাত যাই খারাফ লাগুক, ফরের বাসাত তাখলে মানে আমরা আঞ্চলিক ভাষায় খয়, ইটা তো ফরের বাসাও। তুমি এখটা খাজ খরতা ফারতায় না ফরের বাসা।",ঝুকনিজর বাষার যায় খারাপ লাগে েোরা রার মালিক থাকলে ফোরার ফুতাৎগরফরত্যাগ কোতায়ও মানি আমরা আঞ্চলিক বাসী একটা কোথা কইলাম াি গ্রামর মানুষের দিরকম খোজ এইটা তার ফোরার বাশা তুমি ১টা খারাপ করতে পারে
test_sylhet_0441.wav,sylhet,"ফারবায় নি খরতায়? কিন্তু খরলে খইবো আমরা ইতা খরিলাই, হিতা খরিলাই। কিন্তু আমরা নিজোর বাসা ফালাইয়া আইয়া ইখানো তাখতাম। তাখরাম কিতার লাগি, সুবিধার লাগি, দেখি আল্লায়নি একটু <> আর ইকানো একটু ফ্রি লাগে নানি আমার হাজবেন্ডের বাড়ি তাকি। <> মানুষ তাখে কিন্তু খেউর তো ক্ষতি খরে না, খরে আমার।",কিন্তু খোল্ে যে করব আমার বাসাদ টাহরির ডাহিতাহরেই যায় কিন্ত মরা নিজের বাসা ভালেইমে তাঁহার নিতা লেখে সুবিতার লাগি দেখই এ়লাইনে খুঁজিও করনামিােঠুট ফমানি গুইজালেনতআনষ তাহিনী দুঃষের ত ক্ষতিকরণা করে আমা
test_sylhet_0442.wav,sylhet,"আমার খরে। তে এম্নে শশুড় বাড়িত খে, খে আছোইন আন্টি? শশুড় বাড়িত সবাই আছোইন। তারা একলা, তাখোইন নি? ওয়, ওয়। শশুড় বাড়ি তো বালিচর ওই যে পয়েন্ট ফার ওইয়া আরাম বাগ? আরাম বাগ।",েমিশিশুরবারিেবারে সঅহয তবা সর তোমার বালসল পোয়্যান্টপয়েন্ট ফরাইয়েও গেয় যে আলম্া
test_sylhet_0443.wav,sylhet,"নিজোর বাসার আরকি। নিজোর বাসার ভাড়া দিছি। আমি নিজোর বাসা তাকি নয় হাজার ভাড়া ফাই। ওখান তাকি ভাড়া ফুরাইয়া ইখানো দেই। নিজের বাসাত তাকি আমার বড়ো জাল, আমার জামাইর বড়ো ভাই, বড়ো জাল তাইনও বাসা ভাড়ায় তাখোইন <>",িা জেরবসাথীন বাড়াটে ডুবাইয়া আমি আমার যে তিন্ডু আমি ওমার বাবাশা করা দিছখন ৯ হাজার টাকা পাড়া নিয়ে অন্যতেন নিজের বাষা তাকে নিজের বাশা থাকেমুনমন পড়ো জামইরোজন থা়ন বাসা
test_sylhet_0444.wav,sylhet,"যার, যার সুবিধার লাগি। রুম ছোট, বাচ্চা-কাচ্চা বড়ো ওই গেছে। মা এখ সময় গেলা না, বাচ্চা নিজের মতো গেলো আইলো মানে ওরখম সুবিধার লাগি আরকি ওইদিকে গেছেগা। কিন্তু নিজোর বাসা ভাড়া।",জায়গা়সুবিধারুমস ট্রোবাক ৪যােশিসি মনসুবিধায়ালা মাবাক চারাচালুয়ে যাইতে ফারবা মা একসময় গেলানা সমবার চাগে লগে নি জরি চাইল মনে উরবং সুবিধার লেগেয কিলও দিকে েছি সব নিজর বাশাকিন্তু বাড়া
test_sylhet_0445.wav,sylhet,"এই এলাখার সুযোগ-সুবিধা কেমন? ই এলাখাত সুযোগ-সুবিধা বালা আছে। নিরিবিলি এখবারে, হুম এখবারে নিরিবিলি। সন্ধ্যা ওই গেলে আমার যে ভয় খরে। এখটু সামনে গেলে আবার মানুষ আছে। আমি দুই লম্বার বাসাত আছলাম, ইগু ওইলো গিয়া তেতাল্লিশ নম্বর বাসা। এখন তুমি বুঝো আমি দুই নম্বর বাসাত আছলাম এখবারে মেইন রোডো।",একবারে নিরিবিলি কোনও মানুষ অনুষ নাযই সন্দ্র ইয়ার লেয়া নকি দা হজাও়ার জেবুয়লাগেকবারে কোনো মানুষ এবার কেতক একটু সামনে গেলে মানুষা সামি দুইলম্বার বাসাুিতো তোমার ৪৩ াসা এখনতোমি ভুজান ২ নম্বার বাসামেন
test_sylhet_0446.wav,sylhet,"কালকে বাসা ফাল্টাইয়া আইছি। ওনো লাগে আমার বাচ্চা এখটা মারা গেছে। ছা খাও। না, না আন্টি আফনে মাতোইন, মন খুলিয়া মাতোইন। মন খুলিয়া মাত্তাম। ফরে বাসা ফাল্টাইয়া আইলাম, ওখন ইখানো তাখতাম না।",মাত আক্রমণ খুলা ানি়াহ়ে বোমায়তহ তাকে আইলাওনে একটুলাগেমানপুলি সমস্যা করে
test_sylhet_0447.wav,sylhet,"ইকানো ওইযে আর সমস্যার লাগি তাখা যায় না। হুম এখটু আগেও <>। ইয়া তুমি খইলায় <> যে মিছিল-মাছিল, এখবারে রাস্তাত তাকি ফুরিন, ফুলাইন",েগেনে বরা ভুটবকেন্তনদাডিএম মিছিল শিরু়করবারে
test_sylhet_0448.wav,sylhet,"<> ইটা তারা ফাইয়া আইছে, আমরা তো কিচ্ছু খরার নায়। আমি জানালা দিয়া লুকাই, লুকাই দেখি তারা কিতা খরে না খরে। আবার আমার <> ভাড়া দিছলাম। খইছলাম তাকি যাও, ফাছ আজার টেখা দিও। <> আমার একটু সেইফ ওইলো টেখা, আর আমি বেটি এখলা। <>।",মিজালানজানানাংকাদী লুকেরীয াস আমার ঠুপে এগুলোরআড়ামি একাকইেটি
test_sylhet_0449.wav,sylhet,"এরার যে সমস্যা। সমস্যার লাগি তাখা যায় না। ইকান তাকি তো বাজারও দূর ওই যায়। বাজার দূর না, ওই গেলায়গি রিশকা লইয়া বা হাঁটিয়া, হাঁটিয়া। হাঁটাও ওই গেলো আর বাজারও ওইলো। বেশির ভাগ আমি <>",ত বাদারও দূরে উইন আয়ত গেলািাওবেশির বাঙআলবা
test_sylhet_0450.wav,sylhet,আর আমার <> যদি ফরি-উরি যাই রাস্তা-ঘাটো। <> অসুস্থ মানুষ <>।,ালনি েস বড্ড লিফরিউরি জায়রাসেঅসুস্থ মানুষ সব সমা
test_sylhet_0451.wav,sylhet,"তে এমনে সারাদিন কেমনে কাটে আন্টি ই একলা বাসাত? সারাদিন কেমনে কাটে ওইতো এখন মনে খরো আমরা গুম তাকি এখন উটছি একটু আগে। উটিয়া ছা-ও ছা, নাস্তা খরলাম। এখন আস্তে দীরে বিছনা পত্র গুছাইমু। ফরে গর-দুয়ার একটু জারু-উরু দিমু। দিয়া ফরে ফাকগরো গিয়া আস্তে-দীরে হামাই যাইমু।",মলি শারাবিন কেমনে খাটে বেগুমদাকি এখন উসিা এমন আসমদিরে বিষ্ণুপত্র মুসাইন ফরেগরডোয়ারে ট্োজারিয়া
test_sylhet_0452.wav,sylhet,ও ইটা সমস্যা। হুম আমি বেশিরবাগ মনে খরো বাসাত তাকি না। ফনরো-বিশ দিন ওউতো আবার মনে ওইছে যাইতামগি। এবো ওইছে মানে এখ সাপ্তাহ ওইছে না বাসাত আইছি। কালকে আমি আমার জামাইরে খইরাম জিও আমারে ফনরোশো টাখা দিলাও। একটু বাইরে যাইগি গুইরাই। বলে তুমি হোবে আইছো এখ সাপ্তাহ ওইছে। আবার ফনরোশো টাখা এখন দেওয়া যাইতো না। আর যাওয়াও যাইতো না।,বেশিরার ে রবাসা াকিনা ডবশদিন ওতাআবার মনেএবজমন ১কশ ত় সিনাবাসহালেকায় মেমার জামাইর রের একন ২শ টেকা দিলে টারা়তুমিও ভবেয়া ইসোাএরশা আবার ১৫সটাবি
test_sylhet_0453.wav,sylhet,ছুটো তাইর দুই ফুরি। আমার ছুটো আরো দুইজনোর বিয়া ওইছে। তাইর মাও আমার ছুটু। কিন্তু আমারে বুজা যায় না।,া ুফরিআমার চিড আরা দু্জনগি়া মামাগামার বুঝা যায় না
test_sylhet_0454.wav,sylhet,"আ তাইন তাইর মা এরা উছা, উছা-লম্বা মানুষ। তুমাতান লাখান উছা-বড় তারা। আমি আমার এখ ফুফুর লাখান ওইছি। আমার উফুও ওলা আছলা। আমার মতো কাটো-কুটো। তো আমার, আমার মা তারা মনো খরো আমার মা, ছাছি তারা আমার উফ্রে কুব বেশি বয় ফাইতা। <> আমার বাইয়েনতেও আমার বাইর বউয়াইন, বাইয়েনতে আমারে বয় ফায়।",মা়তা উসাল উসামানুষাআার মতো খাটুটো ো আর আমার মা কারামোনো করু আমার মা সাসিন্তার আমার ুতুরে খুব বেশি বয়বধুর ফলে আমার বাড়ি
test_sylhet_0455.wav,sylhet,"আফনে কিতা মেজাজি মানুষ নি? বুঝা যায় না। না মেজাজ-ওজাজি না রে বাবা। মানে, মানে তারা। আমার তো মনে খরো আমার সম্মান খরে আরকি সম্মান খরে আরকি ওটা। যেহেতু যে আমার আম্মা তারা মা, মা, ছাছিন সব আমার যেদিন উফু আইরা আমরার বাড়িত। বেড়ানিত আইতা আমার আম্মা তারা <> আগে কিতা রানতা না রানতা বেটি কি ছিল্লাছিল্লি হাউকাউ খরে। আমার আব্বা আমার ছাছাইনতেরো ডরাইতা আমার উফুরে।",নামেবানিনারবাবা মানি মানে তারা আমার তো মনোলম্বম্বন করে সম্মান করে একইযেহেতু যে আমার আমা তারা মা মানা ু়
test_sylhet_0456.wav,sylhet,"মানে ওলান যেখান খইতা আমার উফফে ওখান তারা মানতা আমার আব্বা তারা ছাছারা। যদি আমার উফফে খইছোইন আজকে আমার এত ইও এত টাখা দেওয়া লাগবে <> আমার আব্বা, ছাছা তারা তাইনরে দিলাইবা। মানে ওলা মানতা আরকি বড় বইন হিসাবে। তো আমি তো আর খেওরে ছাতাইবার কিচ্চু নাই।",েখানখইতে আমারনেমাল রমশন আজকের মানে তই ও কত টেখা দেয়া লাগে াতে আতিল বড়বইলিমি তার ঠেলে থাকাইয়ার গিচ্ছি নই
test_sylhet_0457.wav,sylhet,"আমার খেও ছেতাইব না আমারে ছেতাউরার খেও আছে নি। আমি নিজেউ যাই। গেলে তো বাইর বউয়াইন-উয়াইন ইতা আমার সেইম ওলা ওউ কাহিনি। আমার বাইয়েনতে খইবো, খইবো আমরার উফু আছলা যেলা আমরার বুবুও ওলা। ওতার লাগি আমার আব্বা আমার ছাছা তারা আমার উফুরে বুবু ডাখতা। আমার বাইয়েনতে, বইনেনতে আমারে ডাখে বুবু।",মর োথা তাইবে নামাশা তলাসুবাছে ি যেউ যায় গেলে তোবাইল বুয়নুয়ালটামার সেইমোওয়লাথা লেখে আমার আবান দশস্কার এমন ুআমাবাো
test_sylhet_0458.wav,sylhet,ওখন বুজছোনি? <> কারণ আমারো এখ বোন বড় তাইন কানাডা তাকোইন। আর জিও নায় আমার ছুটু সব। আমি দুই নাম্বার। তাইর মা ছুটো এরফরে আরেখগু আছে।,মারসুই১
test_sylhet_0459.wav,sylhet,<> খই দিব এখন মাইর। বাফে দেখলে তো আরো গাল্লাইবো। বাফে না খরছে যাইও না। আমার আম্মায় আইছলা তাইর মা রে দেকতা ওসুস্ত। ওখন নাতি-নাতনি বুজো না নি? তাইরে ফাম দিছোইন। আইও তুই আমার লগে। তোর তো এখন ইস্কুল -উস্কুল বন্দ। তুই আমার লগে আইও। তাইও খয় আমি যাইতামগি নানি,কবিবহন াফেদমূলেতো আর ইেইেনা সেরয়া গেন ামার চাতাই মানাফিনাথে সলপ পুলিস্কুল িওয়াো়
test_sylhet_0460.wav,sylhet,<> ওখন মায় খয় তোর বর্তির টাইম ওই গেছে তুই এখন যাইতাগি কিতার লাগি ওউতো গেছিগা কতদিন রইয়া আইছে। আমি জুর করিয়া আনছি ওখন তাইরে। আন্টির ফড়ালেখা কতটুকু? আমার কতটুক রে বাবা। আমি এস এস সি দিছি না।,মায়াহলকার বর্কিত টাইমেযে স্পিভজি িবিতা লেকেত গেতে গিয়া কতদিন গিয়েছেনজুর করিয়াআমালকথা ঢুকরে বাবা আমি এসএি বিসিনে
test_sylhet_0461.wav,sylhet,বুজছোনি? ওউ ছিন্তা মনে খরো আমার এখটা বাইর আর আমার কিন্তু ফড়াটা নষ্ট ওই গেছে। আর বাকি বাদ বাকি তাইর আম্মাও লেখাফড়া প্রছুর। কলেজ-উলেজ ফড়িয়া মনে খরো মাস্টার ফাস খরছে। বালাউ ছলতে ফারে কিন্তু কুনু ছাকরি-বাকরি নাই। এমন জামাইর খাছে বিয়া ওয় তারা ফছন্দ ছাকরি খরে না ইতা খরে না।,অজিমতাম নে় আমার সটামপাইনেন আমার কিন্তু পড়াট ানুষআর বাকে ইবাগ বাকে থাইরা ময় লেখারা করছ খলেজিবে করিয়া মাস্টারাশে ালাউ সৌতামারে কিন্তু পুরো সাহি বাহিনী নাযই এমন জানাই গেছে বি়য়ে তাঁরা কছন পা
test_sylhet_0462.wav,sylhet,"বালা ফায় না তারা। বেটায় যতো ফড়ো আছে এখটু অবস্তু বালা আছে বেটার দুকানো । গরো রান্না-বারা খরো, খাও রও, বাচ্চাইন সামলাও। বাচ্চা-কাচ্চা দিলাইছোইন আল্লায়। এখ ছেলে আর দুই মেয়ে আরকি।",ুতফোর আছে এটু মুজতামালা আ় রামনা়াবড় াওচাচাদিলেইএক্ছেলে আর
test_sylhet_0463.wav,sylhet,আর ফরোর মনে খর <> দুইটা মেয়ে। তাইন আবার তাই এবার এস এস সি ফাস খরছে। খরার ফরেউ বিয়া ওই গেছে। কলেজো-ওলেজো আর গেছে না। ফড়ছ-উড়ছে না। আর ফরে এখজনে খইন এখন <> টেনো এখজন আরেখজন সেভেনো।,র মনগর পৈন্তপিছি ২ুইটা মে পাইনওভার ইরাএসিসি ফাসট পর্চা করা ফরেও বিও বস্থলে চলে যায়ফরেএজন হন অমনকুবনকটেল ংজনােজচেলে
test_sylhet_0464.wav,sylhet,"<> আছে, আছে শখ আছে। শখে, শখে খরোইন। শখ আছে বিজনেস খরা ফছন্দ খরি ছেলে মানুষের মতো আর <>। আমার ইটা বেশি মানে ও বিষয় আরকি বেশি এখটা ফছন্দ। যেমন আমি ই বিষয়ে ফড়ছিও এ ওউ রাজফাড়া। আগে ও ওউ রাজফাড়া তাখি। মানে জাগায়, জাগায় আগে মানি আগে আমরা আব্বা তাখতে আমরা কোয়ার্টারো তাখতাম।",াসাতে বিজনস ধলা বেশি পছন্দ ারতে বেশি ঙগবিষ একটি বেশি টা পছন্দ নামু বিশ ফোরসিও ডরাজ ভরাতাশি জাগা় জাযগা গে মানে
test_sylhet_0465.wav,sylhet,বাসা দিয়া গ্যাসফিল্ডোর জিও আছলা। কুন গ্যাস ফিল্ড? ও বটেশ্বর গ্যাস ফিল্ড। ও হরিপুর। এদিকে হরিফুর হুম। মানে ইনো আমার আব্বা আরকি বড় ম্যানেজার আছলা তাইন হুম গ্যাস ফিল্ডো। প্রায় তখনকু সময় মনে খরো আশি-ফাঁছাশি হাজার সেলারি ফাইতা।,টাশেশ্ড ির মনপুর ম্যারিনানা পার্কের বরনোনাজালা এলাকায় প্রাধহনক হসে বরনেকরে ৮০
test_sylhet_0466.wav,sylhet,"আমার। আফনের আব্বা নি? ওয় আমার আব্বা। আফনে নু খইলাইন, খইরাম যে আমার আব্বা। ফরে <> বাড়ি-ঘরো গেছেগি বুচ্ছো নি? <> ছুটি ফাইয়া নানি <> তখন ছাখরিও খরা লাগে, <> মারা গেছোইন <>।",যগ্রাম মানুষজাছুটিফা এনানি ভত খ্ষেরত ধৌদিকও পরার লাগে স্াদরী় সম্নের লেগে মনেগ্রা আমরবর এত ে
test_sylhet_0467.wav,sylhet,আমার আব্বা। নাইলে তো মনো খরো ভবিষ্যতটা ইরখম তাখলো নায়। <> আরে উজ্জ্বল তাখলোনে বুচ্ছো নি? <> আমার আব্বা মারা যাওয়ার ফরে ফেনশন ফাইছোইন। তারা গাড়ি-গুড়ি লইয়া তারার ভবিষ্যৎ গড়ছোইন। যত টেখা <> আমরা কুনু বইনে নিছি না আমরা ভাইয়ান্তরে দেলাইছি।,নেইলে তঙ্গা মুনবরহ বিষ্যটাইরউজ্জ্বলতাপাএকিফিশনস পারচ মাবামারা পড়ে কিন্তু ডযাগর ডযাগলের এশয়ে হরাগ়েতো তারা গাড়ি গুরিলে তারা বিষ্যৎ াইিমিনযতটেখা হপু গু়ি নেটেন
test_sylhet_0468.wav,sylhet,খেনে দিছি জানো নি? ওউ যে তাইর আম্মা যদি এখটা বাচ্চা অসুস্থ ওয় কিন্তু বাফে এখটা টেখা খরচ খরা লাগে না। মামাইন তাড়াতাড়ি দৌড়িয়া আইওইবা।,এেনবিসিন্যান ওজে য়াম যদি একটা ভাচ্য অফিস্ত বাফেরমামার কবার গভিের
test_sylhet_0469.wav,sylhet,"বুচ্ছো নি? মামাইন তাড়াতাড়ি আইয়া ভাগ্নিরে কুনানো নেওয়া লাগবো, কুনানো চিকিৎসা খরানি লাগবো, কিতা খরলে ভাগ্নি সুস্থ ওইবো। বোইনে সুখে আছে নি, না দুঃখে ছলের সব সময় <> আমার ভাইয়াইন্তে।",মামানকাআতাড়িয়া ইয়া বাংনীরে পুরনেওয়ালা গোবাগনিরে খুনমানি খুনান চিকিৎসা করাইন লাগব কিতা ফল্লেমা বামিসুস্থ হইব বইনোর সুকাসেনি বা দুঃখে চলে সুকিৎকরে সব শিনি
test_sylhet_0470.wav,sylhet,"মায়া বেশি, মায়া বেশি। আরো তো আমরা টেখা আনছি। আমার আব্বা মনো খরো ফেনশন ফাইছোইন ফাচাশি, ফাচাশি লাখ টেখা। ভাইয়াইন্তে খইছোইন তোমরার যদি বালা লাগে, তোমরার জামাইন্তরে বিজনেস খরাইতায় নি? ব্যবসা-বানিজ্য লাগি টেখা নিতায় নি নেওগি। <>",বিসি মায়াবেশী ১লো তানাটামিলিয়ম সনে পাইছে ৮৫ আ৮লাখতাইতাবৈচুি বরবিবরতে াতরি দিদে পড়াই দেয়নি ব্যবসাবাণিজ্য ল্যবয বাণি্যেিনের দামিতে
test_sylhet_0471.wav,sylhet,"<> রিটার্নে কিন্তু আফনারা মায়া ফাইরায়। মায়া ফাইরাম। আমরা ইতা আনি না, আমরা গেলে, আমরার লাগলে আমরা খইমু আমরার ওতো টেখা দরখার। গেলে কুনু বইন জীবনে গাড়ি ভাড়া দিয়া আইতা না, যাইতা না। রিজার্ভ গাড়ি ভাড়া ভাইয়ে টেখা দিবা আবার টেখা দিয়া ফাটাইবা।",ত আপনারেলে আা লাগলে আমরা কইিমনডলে রাস্ত ওথাটাকা দি গেলে কোনো বইন জীবনে গাড়িবা়া দিয়াদাইতানা জিজাহজারিবাবারত্যাে বাড়ি ডেখা দিে
test_sylhet_0472.wav,sylhet,"যত টেখা <> তাকি। সুন্দর খতা। এরফরে তো যাইরাম কুন জিনিস বোইনে খাইবো, কুন জিনিস খার ফছন্দ। কুন জিনিস খাইবো খে? ভাইয়াইন্তোর মাথাত ছিন্তা। <> ভাইয়াইন্তো ইতা নাই। আমার ভাইয়াইন্তে খইবো বোইনাইন্তে টেখার খারণে আমরা <> আর বোইনাইন্তে একটুও শান্তি ফাই না। <>",যএোরেজাইরাখুন জিনিস বইনি খই পুনবনির ুন জিনিস ফছন্দখুন জিনিসটা হাই বখে এতাসিন নে দিএটি শুনতে ার
test_sylhet_0473.wav,sylhet,"ছয় খেজি খইরা ছিনি দেওয়া ওইছে। গেছলাম যে ইওত, ওয়াজো গেছলাম ইওত। <> খেজি খরে সবরে। ফিটা-সিরা খইরা শীতো-মিতো খাইরো।",সিমিত গ্যানকানেনেরশফ দ্যগথ ওয়াজল স্নামল্পজ১জগরের শরেআছ নমল এশী পনিত হয়নিও
test_sylhet_0474.wav,sylhet,"এরফরে ছাউল খুটাইয়া সবরে, মানে নতুন ধান ভাঙ্গাইয়া সবরে ঘুরি দেওয়া ওইছে। ফাঁছ কেজি, ছয় কেজি খইরা, বাড়ি তাকি নাইকল ছাইরটা, ফাছটা খইরা নেও, ফিটা-ছিরা খইরা খাইও। ইনো তো খাইয়াই যাইরা, বাড়ি গিয়াও খাইবা।",ফলকুটাইয়ার সবলে সাউলুল কুরিয়াকে নতুন দানমাংবাই নয়া শবড়ে গুলিত হয়েছে পাসফিলতৈে িনও বাড়িথেকে নারকেলচাচা ফাঁস্টা করিয়েঙে নেনুত থাইগে হেগা
test_sylhet_0475.wav,sylhet,"আম্মাও আছে? আমার মাও আছে। কিন্তু আম্মা জীবনে, আমরা জীবনে ভাই-বোইনে ইতা <> ফ্যামিলি। ওউযে আমি অসুস্থ আছলাম, আমি এখ মাস ফর্যন্ত খতাই খইছি না, খতা খইছি না বলতে কিন্তু দিন-দুনিয়াই দেখছি না, মানে এখ মাস ফরে আমি দেখছি আমি দুনিয়াত আছি।",াই আমরা জীবন নির্বাহিওধাই মসুস্ত আসলামো মাসামেক তাক প্রধান মশিনা উদতেভিন্ধুনিয়ে বেবসনাজন হিনে তাকিনা মোরসিদাম জানিন ানি এক মাস বলে জানি আমি ুনেতোর
test_sylhet_0476.wav,sylhet,ঘুরিয়া সমান নানি? ড্রাইভারের উফর ছাপ সৃষ্টি খরা টিক নায়। সারা দিনে খয় টেখা ফায়? খয় টেখা রুজি খরে। <> ওউ ই টেখা <> আমরা আগেও আমরা ভাই-বোইনের মাঝে মিল-মহব্বত বেশি।,বলিয়াস মান ানি নাইভার বিপতসা সৃষ্টিপাটিক নেয় সারাটাধীন ফ়ডেযডাখা উজধন কইয়ার জিেমারে ওইটেহাকাওয়াদি জেরিলা নাই েবা ইরে অমলন ািশ
test_sylhet_0477.wav,sylhet,"ইটোই সুন্দর। বোইনাইন্তের কুছতা ওইলে ভাইয়াইন্তে সবতা ফালাইয়া আইয়া বোইনাইন্তের খাছে আইবো। আমি নিজে যেন আছলাম ওউ তো হসপিটাল বাসা-বাড়ি বানাইছিলাম। <> আর কিতা খইতাম মানে সবেও ডেক-ডেকছি লইয়া ওখলে লইয়া কেবিনোর বিতরে। এখবারে মাছ-ডাইল সবতা, বাসা তাকি সব ফরিষ্কার খরিয়া আনতাম।",বর গুনতইমানি ডেশ বাসে মাকলে যাখে বিনোবিত্র ুি বহুমান একারে ফাউনডাই মাস তর হারিযাত পাশাপে়ে মাসটাকমালি জিকরিয়া খাঠিয়ে উঠিয়া ফিরেশ ফলিয়া শোক
test_sylhet_0478.wav,sylhet,"যতো দিন আছলাম মানে হসপিটাল বাসা-বাড়ি বানাইলিছলাম। এখন মেডাম আখতা, আখতা আইওয় দুই এখ জন বারোইয়া আবার যাইগাইন নাহয় খইবো তোমরা ওতো মানুষ রোগীর খান্দাত। আর খেউ <> হিগুর মা, আমার হি বোইন, হি বোইন সব হসপিটাল ফড়া-উড়া ফালাইয়া।",জতয়া বিন আখলাদ মানে হসপিটাল বাশাবারিমানেস অ্যাভরম্যানে আকায়গন দু ধন বাবিয়াগলদেন দেখল করব তুমরা তমাতম রোগী হনদার আকিন্তু খেয়ে পুনমনো খোগানারােঘুর মা আমার হিবন হিবয়শ হসপিটাল পড়াউড়াভালা
test_sylhet_0479.wav,sylhet,"মানে আমি তো খইতাম ফারি না, দুইন্নাইত আছি না জানি না। বাঁচতাম, বাঁচ্ছি না মরছি ওখান খালি মনো ওর কুন দিন <> বাচ্চা কুন দিন ওইছে ইখান খালি জানি। আর কুন দিন কুনানো তাখছি ইতা আমি জানি না।",আমৃতব হইটেবেনে নোবাজচি এনামোরসিওহা হারিয়ালী মনোর যে কুনদিণকরাসবাচ্চাকুদ্জদাদ এপ্ুনাকি
test_sylhet_0480.wav,sylhet,"আম্মা তারা, বোইন তারা খালি খইন তুমি মৃত মানুষ ফিরিয়া আইছো খালি তোমার ওষুধোর খারণে আর টেখার জোরে বাঁছিয়া দুনিয়াত আইলায়। ভাইয়ে এই বড়ো, বড়ো টেখার বান্ডিল নিয়া <> বোইনে মাতিয়া মরতোইবো এর আগে মরতো ফারতো না।",আম্মাতারা বইতারাআবা দুনিয়ার মৃত্যুমানুষ্জিত খালিতুমারৌসদর বাইযিওলা নিয়েই বড়বটেকার পান্ডি ে নেবইনে মাতপিয়া
test_sylhet_0481.wav,sylhet,"বোইনে আমরার লগে মাতিয়া দুইন্নাইত তনি যাইতোইবো, আর ডাখতারের অবস্থা খারাফ মানে শাক্তিশালী, কোম্পানিগঞ্জের মানুষ শক্তিশালী খুব বেশি। শক্তিশালী",বইনে আমরা লোগেমা বিয়ানেতার অবস্থা শক্তিশালী কোম্পানি গনে মারিসিগান্ বুদরা ে শক্তিশালী খুব বেশি ক্তিশালী
test_sylhet_0482.wav,sylhet,"বালুছর রাখিয়া ইখানো আওয়ার খারণ? বালুছর তাকি, আমি একটু অসুস্থ আরকি আমার একটু সমস্যা ওইছিলো, মানে বেবি ওইছিলো ফরে একটু সমস্যা ওইছিলো যার খারণে জাগা ফাল্টানি মানে নিজোর বাসা তাকি একটু দূরো তাখা। তারফরো তো বুঝরাম না নিজোর তো ভবিষ্যৎ খরার লাগি আইছি। নিজোর বাসা রাইখা ভাড়া তাখি বুঝরানি। আফনার খ জন বাচ্চা? এখ জনও নাই।",চরে রা খেয়াইখানা হওয়ার কারণ ািচনাকে আ ব সুস্থ মানুষত্ সমস্ানীয় হনেশ সমস্যা বেশিওজাফালটাে নিজের বাসা থাকে ১ক দূরোই থখ াৎপরত বুঝরামলাখিরানিত ভবিষ্যৎ জু়ল করা লাগিয়া ইছ নিজের বাশা আক কিন্ বাড়া আমার সমস্যার লে বাচ্চা হরজ্য অনেই
test_sylhet_0483.wav,sylhet,ওরখম তার উফর ইরখম অবস্থা। <> যদি বাচ্চা-কাচ্চা মারা যায় <> বুঝরায় তো। বুচ্ছি। <> ইগু তো বাচ্চা মারা যায় <> কিন্তু কিতা সমস্যা ওইছে কিন্তু কিতায় মারা যায় আমরা বিশেষ খরি বুঝরাম যে আমার লগে সমস্যা ওউ খারণেও আর নাইলে <> সব কিছু ওকেও কিন্তু ওইবার সময় তারা মারা যায় খেনে?,ালে গুবুজোেধবারালনাইগুত বাচ্চা মারা যায় ফরপণ্য পুলুবশত মা ায়আমরা বিশ্েষরবাচ্চা আগে যা়শব কৃষকে দইাসে া
test_sylhet_0484.wav,sylhet,"ওখোল কিন্তু <> ওয় মিশুক কিন্তু ওতোটা ইয়া নায়। মিল্লা-মিশিয়া তাখতাম, তান তো এখটু আগে ছা খাইয়া গেছোইন আর আবার দশটা সময় আইবা ওউত্তো এখলা, এখলা। তাইরে যে আনছি, তাই ওতো যাইবোগি। তারার তো ফড়ার সময় নষ্ট খরিয়া তো আমার লাভ নায়। ওখোন ফরিস্থিতি যদি তাখে তে নাহয় ভর্তি খরিয়া দিমু, মাদ্রাসাত ভর্তি খরিয়া দিমু। কুন ক্লাসো ফড়ে? তাই মনে হয় দ্বিতীয় শ্রেণীত ফড়ে।",মিশিশখ তেপা ইয়ান া ামরইবিয়া মিশিয় তাএকলা থাইনে একটলে সহারিয়ে গেছন পা০াইরিয়ারড জানতারার টরযায়ী বোগী ফ্রান্তফোরাসি নষ্ট করিয়া কামা লাবে রেি যদি তা হত্যা অনকরতে পারি এিারে মাদাসাুনক্লাথে করে তাই অনোভয় দ্বিতীয় সেলি
test_sylhet_0485.wav,sylhet,"তানরে খইছোইন লইয়া আইও। আমি অমুখ দিন চেম্বার খরমু আইয়া বাংলাদেশো। তাইরে লইয়া আইও। যে দিন দেখছোইন ওদিনও আমারে ওটি খরিলিছোইন। যেদিন দেখছোইন। দেখছোইন যেলা খাঁফতে, খাফতে <> মেডামরে দেইখা দুই হাটু আমার ওউরখম হামাই গেছে। ডাখতর দেখলে আমার যে ভয় লাগে। আর তো মেডামের হাতো ইতা দেখছি, ছুরি। মানে লাগের জান এখন যায়গি মানে ভয়ে।",যেদিন যেসেন ম ভীেদিনমালিনা দেসছ দেশনিলা তাও বযইে হারতে হারতে দে মেলামেদেকিদুযে আটুবগার ভনসে বলছে বুডাক দেখলে আার েবদমেফনান মানে বয়ে
test_sylhet_0486.wav,sylhet,"আইছোইন দেখতা, আমি খইছি না ওইতো নায়, আমি দেখাইতাম না। খইন খেনে বা তুমি আমারে দেখাইতায় না? আমি কি তোমারে ব্যথা দিছি? খই না। ব্যথা দিছো না, আমি তোমারে ভয় ফাইরাম। তোমার হাতোর মধ্যে ইটা কী? খয় আরে বাবা ইটা আমি তোমার জন্য আনছি না। ইটা আমার হাতে আছিলো। ফরে মেডামে দেখতে গিয়া দেখতা ফাররা না, আমি খুব ডরাইরাম বা ভয় ফাইরাম। আমি খান্দা শুরু খরছি ভয়ের জ্বালায়। ফরে মেডামে খইছোইন যে ওটিত নিয়া নর্মাল ইঞ্জেকশন দিয়া মানে <> আরকি নর্মাল দিয়া এরফরে",ল়াই জনিগুলা দেখ রামহজিন নাওতনে এামেনট দেখাইতামন ফিনশা নেয়া কথা মেমারে দেখাইতেনা আমি কে তোমারে বেতা দিচবেতাদে সোন আমি তোমারে বয়ে ইরাম তোমার তার বাবা টা আতুমার জন নচিন ডাল হাতে আজি ফনে মযানানে দেখতে গিয়ে অমন দেখা দেখতে ফারান আমি খুব ্ঘানদা শুরু করছি বয়র জেলা রেমেনাহোেনওিমালবেস ইনজেকশন দিয
test_sylhet_0487.wav,sylhet,দেখিয়া ফরে অফারেশন খরলে এখটু ফাওয়ারি মানে <> ওগু দিয়া খরমু।,দেখিয়া ফডরেয়মপারাশন বলে একটু পাওয়ারইমানি স্পেইন অবুদমবন
test_sylhet_0488.wav,sylhet,"আমার তো বাড়ির মানুষই আমার হাজবেন্ড, আমার ভাইও লন্ডন তাকি আইছোইন। তাইনও গেছেগি দেশো তারা টেনশন খরলা, দেখাত কি ওতো সময় লাগে নি? খই নিছোইন এগারোটা, বারোটা, এখটা, দুইটা, তিনটা বাজি যার। এরফরেও আমার প্যাশেন্ট বার খরিয়া দের না। কিতা বিষয়? ফরে তারা <> জোর খরিয়া আইছে হসপিটাল বুচ্ছো নি? মানে যেনো মেডাম ওটি খরে ইনো দুইটা গেইট। এরফরে ভিতরে আবার গ্লাস। ফরে নিয়া মেডামে ভিত্রে হারাইন। যে ডর খরে রে বা ইনো ভিত্রে হামাইলে।",ািতারা টেনি রাদেসব নি়ত সময় লাগেনগষই নিউস১ট২িতাবিষয় আসে ফোরে সতারা লযুপরিযও মাই্জেনুমেডা২াগিটএরপরে বিটর আবার গ্লাপরিমানমেডা নোভীতি নেয়াজেরো ওপরের বাবা ইনবিতরে আ
test_sylhet_0489.wav,sylhet,"মানে আমার ওনো <> খান্দা, মেডামের সাহস <> আমি তার লাগি সব সময় দোয়া খরি নামাজ ফইড়া। ইয়া আল্লা সব সময় তুমি তাইনরে বালা রাখো।",আমার ও়া বাড়ি লৈতে দেপুনি আমার হারাইছি খানদা মেডাম শাওন্তাকশ সবসময় তুমিতান্ডে বালারা
test_sylhet_0490.wav,sylhet,"খারণ তার খারণেই আজকে আমি সুস্থ মানুষ। আর আমি আরো আশা খররাম আল্লার খাছে যে আল্লা আমি ওতটুকু সুস্থ ওইছি তারফরও আমি নিরাশ ওইরাম না। আমি দুর্বল ওইরাম না, তারফরো আমি দেখি আমি নিজে নি কিছু খরতা ফারি, আল্লায় নি আমার ভবিষ্যতটা সুন্দর খরিয়া দেইন। আমি ওটাও আশা খররাম আল্লার খাছে এরফরেও। ওতো বড়ো অসুস্থতার ফরে ভয় ফাইরাম না। সাহস ছাইরাম আল্লার খাছে। তো সাহসের <> আল্লা <> খইন যে সাহস যে খরে হেরে আমি সব সময় আওগগাইয়া",পইদারাকে আমি সুস্থ মানুষ আর আজকের কারীণ তারেটা সুস্থ হইনি আমিে আরও আশাযতবর সুস্থ ইছি তারফু রে হনে মি নিরাশ দুর্বলইলান তারপরও সাহস্বর আমি যদিকি নিজের ভবিষ্যত কিছু আল্লাহনে আমার ভবিষ্যতটা সুন্দর হরিয়াদে মৌটা আশা এরপও ওত বড় অসুস্থতপরিকনব হই সাহসতো শাহ্ত লোক আলারোজুল তখন যে শাহস্কল যে পরে হেরে আমি সব সময় আগবর়ে
test_sylhet_0491.wav,sylhet,"<> ওইও। তো ওখনরে বাবা, <> দেইখা তারারে মাতার মাইঝে আতাইয়া যে সুন্দর খইরা বাবা তোমার কিচ্ছু ওইবো না তুমি সুস্থ ওই যাইবায়।",তোহরে বাবা ইনো দেখিয়ে মেনামে মাতার মাজা আঁতাইয়া দিয়ে সুন্রতোমার পিচ্ছুইতনা তমে সুস্ত ওই দিবে
test_sylhet_0492.wav,sylhet,"বুচ্ছো নি? তাড়াতাড়ি খইরা অফারেশন খরছে, ওনেক লেইট ওইছে অফারেশন। আর ইদিন তাই রোজাও রাখছোইন মেডাম। রোজা রাখিয়া, আজান ফড়ছে কিন্তুক ইফতার খরছোইন না এখটু ফানি খাইয়া। <> কিন্তু আমারে ফালাইয়া তাইন গেছোইন না। ওনো, সিলেটের ডাখতার ওইলে খইলোনে পেশেন্ট তাখুক আমরা ইফতার খরিয়া আই। হাছা খতা যেলা। ওনো তিরিশ টেখা <> আল্লায় বানাইছোইন সবাই গন্যমান্য ডাখতার। আর সবার দোয়ায় কিন্তু বেডির মন-মানসিকতা",যৌথানাকালি করি অপারাসনা পর্যন্তন পর উনি ফিরিয়ে ইঠছপাুও রাছে রুজারা খিয়া আজান সোর্সজিয়এর দিকে কিন্তু ইফতার করছোেুকিবাইরি এমার দেহ পারাশায সিলেটর ল েক ফেশন তাহ াহধনি হালিবাদ যেবল পারি আল্লাহকেন্দে বানাইয়েছেন কিন্তু গন্যমযান্র ডাকতা আর সবার ডুয়ারকিযুকদের মনমান
test_sylhet_0493.wav,sylhet,"<> ইরখম লাগছে আমার নানি ওউ জাগাত, নাহ তাইন আমার হাজবেন্ড। শুক্রবার আরকি নামাজ-উমাজ ফড়াত গেছে। হসপিটালো সব আছে। তাকওয়া হসপিটাল, নাম হুনছো? হুনবায়। মগ বাজারে খুব বড়ো হসপিটাল কিন্তু ডাখায়। ডাখা মেডিকেলো, মেডিকেলোর আন্ডারে মানে ওরখম আরকি। ওগু ওইছে ফ্রাইবেট আর ঢাখা মেডিকেল তো সরখারি। এখন ইগু ওইছে কিতা, ইগু আয় না, আয় না। তাইন কিতা খরছে নানি <>",ে ি অভিজেল না ওতাইন শুক্রবার এক নামাজ গঞ্জ ফোরাত গে হসপিটালে শথাকু হসপিটাল চমোপিটালে বোড়ো হসপিটাল ঢাকা মেডিকেল মেডিকে আ্ডা আগবৈচিগেবে ািন ইগোইলকারিদা ইগোয়াইাইে তকর সিনে নেয়া
test_sylhet_0494.wav,sylhet,"<> গুমাইছি। আমি তো আর নামাজ ফড়তাম ফাররাম না। আমি তো আল্লারে খইরাম। তেউ নামাজ <> ফড়তাম ফারিয়ার না। আল্লা তুমি দেখিও। তাইন নামাজ-উমাজ ফড়িয়া আইছোইন। আইয়া কিতা খরছোইন নানি একটা বিরানি লইয়া আইছোইন তাইন। আইয়া খইরা, একটু উটবায় নি? খাইলাউ একটু। খইলাম, না, না ইতা খাইতাম নায়। ইতা জান খারাপ খরি লায় খাইলে। খাইতাম না। ওতা খইরাম। তাই আমারে কিতা খরছোইন ওলান জুর খরিয়া যেমন লাগছে আমি সুস্থ মানুষ। ওলান জুর খরিয়া একটু তুলছোইন। আর লাগছে ওনো টাশ খরি উটছে। ওউ নাবির নিচে। লাগছে যেমন টাশ খরি উটছে। আমি বুছতাম ফারছি ওনো আমার এখটু টাশ খরি উটছে। আমি খইরাম আল্লা কিতা জানি",ুমারিচি মতানা রস্তাম বরাতলা়াকরং নামাজ বক্ত থাে নাম ফুলিয়া আইছে আই া ১া বিরানেলুগেইছ রামনানাই তাহাইদাইতা াতাইনা অনেক দাবজুর ঘরে দোকন্লাকান সুস্থ মন্ রঞ্জন ঘরি একট তুলচনাল একজন টাস্টফো াবিমুস্তাম্র্জন মারক্রোটাস্টফোস
test_sylhet_0495.wav,sylhet,টাশ খরি উটলো কিতা? ফরে আমি ওকটা গুরুত্ব দিছি না। আমি বিরানি-উরানি খাইছি বইয়া। তাইন আমারে একটু বালিশ দিছোইন। দিয়া বয়াইছোইন। বিরানি-উরানি খাইছি। এখন লাগের আমার এতো ফ্রস্রাবের চাপে ধরে। কিন্তু ফ্রস্রাবের চাপে ধরলে কিতা ওইবো ফ্রস্রাব তো আমার আর ওউ জিয়ো মুখায় দি আয়। ক্যাথেটারে দি আয় ব্যাগোর মাঝে। মানে লাগের ওউ রখম আমার। এখন আমি খই জিয়ো যেমন লাগের টয়লেটোর ভাবও লাগের। মানে ওউ রখম লাগের কিন্তু হাছা টয়লেট নায়। আন্তাজি ওলান লাগে।,রাআমি ১কটা গুলুতলছিনািনেমার একটা বালিশ কিছনে দিচ্ছে দেবু সেন বিরা র তুপুর চাবের াকের দলে ুপর্যারক থকে দল লিগিতে পর্যাপ তরা মারা উজ্জমুকারিয়া ফোটাটানে দিয়ার বেগরমাজে ালাগের ও রহমান মযেন লাগিয়াট মা টলেটর বাবপর লাগের খিটে হাচার টয়লেট নেয় আতাজুল লাগে
test_sylhet_0496.wav,sylhet,"এখন বাতরুমের দরজাও খুলিয়া দিতাম ফারি না। বউত মানুষ হসপিটালের আইচ্ছে দৌঁড়িয়া চিকোর জ্বালায়। এখন তাইন এখন আমার খাফ বন্ধ ওর না, কিতা খও বাতরুমো এমন খাফ ছুটছে। আমার লাগছে সবখিছু খুলিয়া আমার আইচ্ছে। ফ্রস্রাবের জাগা-উগা মনোয় ছিঁড়িয়া ফড়ি গেছে আইয়া। আমি ইদিকে চাইরামও না দেখরামও না ভয়োর জ্বালায় রে বাবা। খালি ইটা <> টাশ খরি ফড়ছে আমি দেখছি। এখন আমি এখবার চাইয়া দেখছি আমার ব্যাগ-উগ যেনে ধরা আছিল ইতা তো ধরা নায়। ব্যাগ-উগ তো ওবায় গেছে গি <>",বং বাদরবদও যাকুলিয়ারি দাম্পামিনা শোহগ মানুষ হসপিটাল রাগছে দরিয় সিকোরজালয মখন তাই এখন আমার ফ্রান্ট বন্দুন নাকিটাখোয়া বা ত্রময়মন খাট ছুড়ছে আমার লাগসের সব কিছু খুলইযা মারা এচে পর্চাবরযাগোগামলো সিডিয়ফিআমিএদিকে ফাইরামোলা দেফাম নাব়রহালিটানে কাশকরি পড়েচানিাি নামি এপার্থা এতস্থা মত বিয়ে গুকজিনে দরাি্৪
test_sylhet_0497.wav,sylhet,"খইন বাবা ইটা কীভাবে আসলো? তুমি কি টানছো বাতরুমে যাইয়া? তুমি কি চাপ দিছো? কুনু ব্যথা লাগে নি? এই নি, সেই নি। ফরে এখবারে <> আইচ্ছে। আইয়া বার, বার মাতার যে ইগু কিলা আইছে। এখন কিলা আইছে আমি তো জানি না। আমি খইছি তাইন আমারে একটু ধরিয়া উটাইছলা আর ইনো আমার টাশ খরি একটু লাগছে। লাগার <> মানে ওউ মনো খরো যে তারা টানছে মনোয় একটু ডিলা ওইছে। আর ওলান যেনে বইছি উটিয়া ইগু চাপ খাইয়া ফিছলিয়া গেছে সম্ভবত। সিলাই মানে ফছিয়া ছুটিয়া গেছে। ওয় আর আল্লার রহমত <> আর আল্লার রহমত। আমার খান্দা খালি অপারেশন ডরাইয়া খান্দা",টা কি বামি আসল তুমি একটি টানচবাতর মেলাই এত মিকে চাপ ব্যপালাে নিয়েইিশফোনফনেকমিডিয়া ওডিয়া্ছাবরমাতাজিবকিইস তহনকিলে এই জান্ত জানি ন ক়ছে তাইন ামারে একটি দড়ীয় উঠেইছলা আডরাইমো৮ালার হনামালি ওমনোপস্থা থাকটা হনছে নে বইছটিয়ে আরওসিলেম আলি ফোসিসিট ছুটিনদাঙলি ওপারসর ডোডরাইয়া
test_sylhet_0498.wav,sylhet,"উটিয়া খান্তে, খান্তে চোখ-উখ ফুলাই লিচ্ছি। আর তসবি ফড়রাম। খান্দার ছুটে যে আল্লা আবার অপারেশন ওইতো কিলা। আমার সবতা খাঁছা রইছে আবার।",আর্তসবীফোরাম খান্দার ছুটি আমরা যা লাবারওবরষেিমার সোক্তাখাসার অভিচা
test_sylhet_0499.wav,sylhet,"বুজছি, তে ফাশেই। আতোর বামে আরামবাগ ওউ হনো ফাঁছ তালা বিল্ডিংও আমার শ্বশুর বাড়ি। তে তো আর যাওয়া আসা হয়? হে? যাওয়া আসা হয়? যাওয়া আসা ওয়, আমি যাই প্রতি শুক্রবারে। ওউ তো সখালেও ফৌন দিছইন, আইওউ গো বাসাত। হিনো গেলে দেখো তুমার সব, প্রতি শুক্রবারে আমার ননন,ননহরি মানে জামাইর বইন বড়োজন আরকি। আমরা ননহরি খই। আর জামাইর ছুটো যেরা তারারে ননন খই আরকি। ওউ রখম সব দলা ওইবা। আমরা সব জাল-ওল আছে। আমার বড় জাল আবার, তাইন অবশ্য বাড়িত থাখইন।",তরআতুর বামো রামবাগ ও হনর াস্াযাওয়া আশাও়ট্র আমি যাযই প্রতি শুক্রবারএতো সকালেও হন্দুজন আইয় উপবাষাদ হিনো গেলে দহওয়া তোমার সব প্রতি শুক্রবারে আমার ন নহরিমানি জামারি বইন বড়জন এনুহিার চুট জেরা তারা যন খইয়াি রকম সব দলোই বাংরাসব জানোআমার ড়জা
test_sylhet_0500.wav,sylhet,"দুইটায়-উইটায় খাওয়া-দাওয়া শেষ। ফরে এখটু গুমাইলাম, ছাইট্টা বাজলো। উটিয়া নামাজ-উমাজ ফরলাম। বাদে এখটু হাঁটা-হুটি খরলাম, বাসার বিতরেও। আর মনে ছাইলে এখটু বারোইয়া গেলাম। আছে তো ফরিছিতো মানুষ। বালা যেদিন লাগে না এখটু গেলাম ওউ তারার বাসাত বা ওউনো আছে। খালা আছে আমার ফরিছিতো মানুষ। এখটু গেলাম বইয়া-উইয়া আইলাম। আইয়া, মাগরিবোর আগে আইল্লাম। আইয়া নামাজ-ওমাজ ফরিয়া, বালা লাগলে এখটু টিবি-উবি দেখো, মুবাইল-উবাইল এখটু টিফো, শেষ সময় খাটি যায়। বালাও দিন যায়। ওখন আখতা বালা",২টা মিারা খাও ব়া তবা শেষ ফরে টু গুমাইলাম ি়ানামা পড়লমটু হটাউটে প়লাম পাসার বিটরেও ত পরিচিত মানুষ বালা যিদিন লাগেনা পরিচিত মানুষ একটু গেলাম বইাইবেলা লাগেলে এটুটিভিভি দেহ মুবাইল ওইল ঠুটিপ যালাবি া তা
test_sylhet_0501.wav,sylhet,"আবার যাইবায়, রুজার আগে যাইবায়গি। রুজার বেড়ানি বেড়াইয়া আইব্বায় গিয়া। রুজা, বলে রুজার আগে এখবার আর ইদো এখবার নি? তে আমি এখন যাইগি, আমি আর রুজাত যাইতাম নায়। রুজার আগে যাইতাম না। আমি আইয়োই গিয়া। মানে আমার আরেখ বইন যাইতো দুই লম্বার বইন যাইতো বাড়িত। <> রুজার, রুজার আগে আমরা এখবার ফুরিন বিয়া-উয়া দিলে, রুজার আগে মনে খরো শুয়োরাতোর পরে এখবার আনিয়া নাইয়োরি-উইয়োরি খরাইয়া দিলাইন। যে রুজা মাসো তো খেউ বউ-বিনি খেউ দিতো নায়। আমারেও তো দিতা নায়,কুনু বইনও যাইতো নায়। রুজাত তো খেউই যাইতো নায় বফোর বাড়ি। ওউ হোগু যাইতে ইগু আমারে",জার আগে ধেবেগিয়ে নুজারেরানজার আগে একবারারই দই কানআমি এখন তাইগিামি়া নিজাদেনেমায় েক বই দুদারা গামরা একার মেফুরিমবিয়াওয়াদিলে রুজারা গরমণ করো শুভরাত করে একবরাে জমা শতকের ওপবিনিশ্িতয়মারত দি দায়ত নিজতনয ুজাত্ত সবুজোগতহল এটা হিবম
test_sylhet_0502.wav,sylhet,"কলেজো যুগাযুগ করের এখটু আইওউ বুবু। ওউ খইলাম তে আমিও যাইতাম। এখন তো তাইন না খরইন। <> ছুটু? অয়, তাই আমার ছুটো।",লে যোগাযোগ করে রক্রাইওবাবু হনোতাই না করন াদাই আমার ছিত
test_sylhet_0503.wav,sylhet,"ইগু ই দুনিয়াইর খালা ওইয়া আইছে কিলা জানো নি? খতো দিন আছিল বাড়িত। আমি জুরে দরিয়া তাইরে আনছি। জুরে দরিয়া আনছি। খইছি তরে এবোতরি মায় বাসাত লইয়া যাইরাম না, মায় খইছে,আন্টি পা তুলি, ফিটবো। তুলি লাও, তুলিয়া বউরে বাবা, <> বউ, সমস্যা নায়, বউ। তাইরে আনছি, এখন ফর্যন্ত মার গেছে লইয়া যাইরাম না। মায় খইছিল যদি খালি ওইয়া আইবো তে খইয়ো এমন ফিটা খাইবো। তুমি বালা খরি তাইরে ফরিষ্কার খরিলাও তুমার ওনো রাকিয়া। এখন দিয়া দিরাম না মায় ছিল্লাইবো। হিনো রোইদো সারাদিন,নানা বাড়ি আর দাদির বাড়ি",ুনা ালাজুলা ধরইাগজনসপরে এবরিমা াুইআরিখন সংখ্য াইউভািটা হাই া পুরস্কারং বিয়াগিরে নোমা় পৈদোশাআবিদ নানামা়ই আর গবির
test_sylhet_0504.wav,sylhet,"<> খালি আপ-ডাউন খরছে দিনে, রাইতে বিশবার। আর বাইচ্চাইন্তোর লাগি আমার মানুষ বাইচ্চাইন বুঝো নানি? সারাদিন দুলায়, বালুয়ে তাই খেলাইছে। তাইরে জুরে দরিয়া আমি লইয়াইছি।",শবার চেন্টলেগে আমার মানুষ েনরে সারাদিন দুলাই বা তাই খেলাইজু়ে ধরিয়া
test_sylhet_0505.wav,sylhet,"তো আমার আব্বা মারা গেছোইন,আমি এসএসসি ফরীক্কাও দিছি না। ই টাইমে আমার ফড়াশুনা একটু বালাও ওইছে না। আমার আব্বা ই টাইমে মারা গেছোইন। আমার ওতা ছিন্তা দারা মনে খরে আমার মন-মানসিকতা খারাফ ওইগেছে হটাৎ করি। আমার আব্বা মনে খরি ইলা আছে নানি মানুষ অসুস্ত ওইয়া মারা যাওয়া এখটা? হুম। আর হটাৎ খরি এখটা মারা যাওয়া, আমরা ফুরা ফ্যামিলিটা ওহন আমরা টাপ এখদম, কুব খারাফ ওইগেছিল। ছিন্তাত ফরি গেছি যে হটাৎ খরি যে আমরা ইরখম ওইছে। ই বসসর মনো খরো পচুর খেত ওইছে, দান খেত।",িটাইমা ফরাশিনা া ওইছেনা আমার আটবা়টামে মারা েছ মারতা চিন্তাধারার মার আকা নবা়িট তনের মানুষ অসুস্থ ইয়ে মারা যাওয়ায একটা গঠাৎ ফলিয়েটামারা যাওয় আমরা ফুাফি মিুসিন্তা খুড়ে গেছি যে হোঠাৎ রে যে আমার মেইরওইবরসর নোপুচু হেতলছেতা আে
test_sylhet_0506.wav,sylhet,"আর বৈশাখ মানে বাংলা বাষায় <> আমি বৈশাখ মাইয়া দিন হুম যেমন ঝড়-বৃষ্টি বেশি। দিনে, রাইতে ঝড়-বৃষ্টি ওউ রখম। ফরে ধান খেত খুব বেশি, প্রচুর ধান ওইছে। আমার আব্বা দেখাত গেছলা। আর হটাৎ খরি ওউ যে কিতা ফড়ছে উফরে মানে বিজলি ওয় বিজলি ফড়ছে উফরে। ফড়ার সাথে, সাথে আমার আব্বা মানে খেতোর মাঝে, ধান খেতোর মাঝে মারা গেছোইন। ইন্তেকাল খরছোইন।",বৈশাখ বাংলাভাষা় গরিডা বৈশাক মইয়া দি জীবন জোড় বৃষ্টি বেষটি দিনেরা ইতে জড় বৃষ্টি েদাহলকে খুব বেশি খচুদমওটাখরিও জোবৃজবি র সাথে সাথ আমাচো
test_sylhet_0507.wav,sylhet,"তারা টেখা, তারা টেখা নিলে গি আমি খয় টেখা ফাইরাম? আর সমান, সমান অদিকার এখন ই? আমি খয় দিন ফর, ফর উছলি যাই। আফনের বাই খয় জন খইলাইন? <> বাই চাইরজন। <> বুছছো নি? বাই তিনজন। এখজন মারা গেছোইন। আর মারা গেছোইন তো আর হিজনের তো আর কিচ্ছু নায়। হুম তাইন মারা গেছোইন গি আল্লার ওলি। আর আমরা বইন তো ছয়জন। এখন আরকি আমরার ওইছে গিয়া কিতা হেইন তো আর নিতা নায় <> তাইন তো নিতা না। তাইন নিতা না। ইতা আমরাউ নেই না। তাইন আরও আনারে উল্টা খইবা, খছ না খেনে? ইয়া আল্লা! আমরার টেখাগুন দিলা রে বাই। আমি এম্নে মাঝে, মাঝে উছলি যাই।",লিগেং পঠি রসমঅলবিই যেজন াইকারজর িন জেনাজন মারা গেছোন তা িজনতা আা ি দানাইতামিাইর লটা সপাকােটেকাুলবিলারে আইনিএমনেমাজ
test_sylhet_0508.wav,sylhet,"ই আমরার টেখা দি ওলা চলরায়, ওলা চলরায়। বেশি ফাওয়ারি মাত মাতরায়। <> আমার বাই ডরাই যায়। <> দুরু ইতা ডং করি। মানে এম্নে খাম লাগলে আমারে পাঁচ আজার টেখা দেও। দরখর আছে। নেও গি। আম্মা বুবুরে পাঁচ আজার টেখা <> দিও। বা তুমি আজকে তাখো। খালকে যাইবায়। তুমার কিতা, কিতা লাগে? যেমন ইন্ডিয়া তাকি এখ বস্তা চিনি লামাইছে। সব বইনরে ছয় খেজি খরি হিসাব খরিয়া দিছে। খেউরেউ খমও নায়, বেশও নায়। সবরে।",এই আংরা টাকা দোয়ালা তলে অলারার বেশি পাওয়ারেক মাহমাতা ভিরা হিজািবু রইতাঢোকমেন্া খান লাগলে মার ফাক লা টাথমি আজকে তাকহা় বেজাইবািাযেমনে এন্ডিযআর তাকিই এক বছতাফি নিলেসব বইনডা সয়ে পরিংাে
test_sylhet_0509.wav,sylhet,"<> আমার বাইয়ে টেখার ওতো বড়ো ব্যাগ মানে ই টেখা না ফাওয়ার আগেও কিন্তু আমরার টেখা আছিল। আমরার বাফে খতো টেখা ফাইতা ইকান বুজরায় নি? হুমহুম। হটাৎ খরি আমার আব্বা মারা গেছোইন। আমিও খইয়া রাকি আমার আব্বাও কৈলাশটিলা, কৈলাশটিলাত আছোইন আরকি। গ্যাস ফিল্ডও। বুজচি, আছোইন? ওতার লাগি, দেখো না খতো টেখা ইতা ফেনশন ফাইন? না, খতো টেখার না, খই আফনারার সাতে <> মিল আছে। আমরাও বাই-বইন বউত। ও, তো ই হিসাবে আমার আব্বু, বুজচি। ফরে দেখো এমনেও আমার আব্বা ছাখরিজীবী, জিয়ো ছাখরিত তাখা সত্ত্বেও তিনটা-ছাইট্টা",আমার ভাইগ ঠিকখান তোমর বিয়েগমানি ইটেকা না হওয়ার আগে অগিনেরতে ে ার নখোতরটোই আাে মিলাপরাজ হ মুাবা সাঙদী জীবল জীবিন য সাকনিেও
test_sylhet_0510.wav,sylhet,"সিএনজি আছিল, তখন তো আর, <> লোকাল মানুষ। ওয়, সিএনজি তো হস্তা আছিল আগে। দের লাখ টেখা দি খাগজের গাড়ি ফাওয়া গেছে, ওখন আট লাখ টেখা। আমরা কিন্তু হউ দের লাখ টেখা দি বা দুই লাখ টেখা দি গাড়ি হউ ফাশশো টেখা দিতো। কিন্তু ওখন আট লাখ টেখা দি গাড়ি লইয়াও ফাশশো টেখা দেয়।",সিতে হস্তা আের াতে ািসিজি ফারবুরতখতো আমরা যুধু হ ডেল লাখটাকাদি ঘাডরেই বা় ২লাটা শুধুই এখনোহ ৮ লাখ টাকাদি গাড়ি লই়া দিলেলাই
test_sylhet_0511.wav,sylhet,আঙ্কেল কিতা খরোইন? আঙ্কেল ওইযে বিল্ডিং খরে কন্ট্রাক্টর সরকারি। সরকারি কন্ট্রাক্টার।,আসলের নৌকে বি০ডিং দরিবিনার মালিক পর তারবা সরকারি সরকারে কন্থানপার
test_sylhet_0512.wav,sylhet,"কিন্তু বাসাটা কিন্তু সুন্দর আছিন আর এম্নে নিরাই-ছিড়াই। ওয়। আমি নিরাই-ছিরাই বাসাত তাখতা ফারতাম নায়, আমি মানুষের লগে গফ-সফ খরতাম ওরখম।",াকন্তু সেিরাই স্রেই মাশাদ পাকতেফরদ ন় মা নেশেল যগী ব্রপসব ফামরোপ
test_sylhet_0513.wav,sylhet,ইগু ওখন অফারেশন খরিয়া আনতাম খেম্নে? ওখন আমার খান্দা। ফরে আমি ফড়া শুরু খরছি ছোখ মুজিয়া।,এগুখন ওপারেশন পরি যঞানতান আমার াপরে আমি়েমার পুমহ শির পরছিছু মুজিয়া
test_sylhet_0514.wav,sylhet,ইগু কুলিয়া আইছে কিন্তু আমার ফস্রাব-উস্রাব আর ফরের না। আমি টিক আছি।,ইবকুলিহা় টে দুনেমার ফর্সা মোজাবা ফোরেন এামটিকেসি
test_sylhet_0515.wav,sylhet,এম্নে কুনু শখ-টখ আছে নি যে ই জিনিসটা খরতে বালা লাগে? মানে,এমনেখুশাক্ষে কাকেনেযেউবস্ত করতে বা়া লাগে নে
test_sylhet_0516.wav,sylhet,আর তুমি বউ কুন্তার মানুষ <> টেখা খই ফাইতায়? ইনো আমারও টেখা নায়। আমি হিসাব খরলে খয় টেখা ফাইমু। ইনো সারা তারা ফাঁছ-ছয় বইনোর টেখা।,ি বরুনতেমনআমি জাগলাকয়ডেরাবেন সারা তার ফসবই
test_sylhet_0517.wav,sylhet,"কিলা দিন যার? <> যার ওত্তো দাদু নানি অসুস্থ ওই গেছোইন। <> খয় দিন বালা তাখোইন খয় দিন অসুস্থ। <> খালকে তাকি একটু বালা। সোমবারে, গত সোমবারে ফড়ি গেছলা।",দাঁদুনা ন বালাদাহালকােগেসোপালাসোমবার গত সোমবারে সহালে ফরি
test_sylhet_0518.wav,sylhet,"<> আর হি খয় দিন তো ওয়াশরুমো-উশরুমোও দরি, দরি নেওয়া লাগছে, আনা লাগছে। আর খালকে তাকি দেখিয়ার নিজে, নিজে <> আর সাকিবোর তো ওখন ফরীক্ষা। দুইটা, দুইটা সাকিব কিতাত নানি? <> এসএসসি,এসএসসিত। দুয়া খরিছ রে বইন ইগু ফাশ খরলে মানসম্মানটা বাঁচে।",নিাদিনদেও আসমোরিহালকা দে োকিভারকে অনপরীকটা ২টা েনকে পাশ করলে মানসম ্মান্টা বাচরে
test_sylhet_0519.wav,sylhet,"<> খরবো, খরবো। আসলে বাইয়েরা তোরার ক্ষেত্রে মানে মাহাদিরে লইয়া ওত্তো মাহাদি ওত্তো খালকে তারে চিন্তা <> এর মধ্যে জানোছ নি সবটিন তো সেইম নানি? তারার সিটও ফড়ছে এখ লগে। মাহাদি সাকিবোর আগে। আর মাঝে জিয়ো",ভাই এরা ধরার ক্ষেত্রে ে মাহা দিলে মা দিয়ে লকেএরমাুদ্দা জানসবিন্তুক্ের ইমনানি তারা মিট কচ্ে এোকে মাদি থাকিবার আগে আরমাজারজিও
test_sylhet_0520.wav,sylhet,<> মাহাদি একটা রচনাও ফড়িয়া গেছে না। আর সাকিবরে জুরে-জারে আমি রচনা খয়টা ফড়াইছি। এর মাঝ তাকি একটা আইচ্ছে। মাদকাসক্তির ওকটা হে হর ইতা জীবনেও আইতো না। আমি খই ফড়। আমি দেখছি আগে বোর্ডো আইছে। হুম ফরে জিয়ো,তারিনের মাহদিয় ফেরচন রশাকিবদের জুড়ে যারে আমি রচনা হয়টা ফ়া ইছি এর মাজপারিকেস্টাইচ্ছে মাদকাশক্তি রক্ষা হরিতা জীবন অবনা রামিেফ্সিয়ারকে বউডো আইত রেড
test_sylhet_0521.wav,sylhet,"দেখিয়ার আইছে। খই তে যাও অন্তত <> খালকে আমি যেতা, যেতা জুরে ফড়াইছি খালি ভাবসম্প্রসারণ আর সারাংশ ওতা কমন লাগছে। ওখনের বাচ্চারা ফড়া-লেখাত নাই ওই। ওয় রে বইন। এক্কেবারে তাও <> দেখি কুনুমতে ফাশটা খরি লায় তার <>",আালকামিত গায়দা জুড়ে পড়ায় ালবা আবনা া াংা ফরাল হাত নাই হই রোতোুিলা় সার্কিশজাগিতা়
test_sylhet_0522.wav,sylhet,<> ফাশ খরা ওখন কঠিন নায়। বালো ফড়ানিটা একটু কঠিন কিন্তু ফাশ খরিলিবো। খবে ফরীক্কা হয় খতো তারিখ পর্যন্ত? ফরীক্কা বারো তারিখ পর্যন্ত। বাংলাদেশ ও বিশ্ব ফরিচয় ওইছে রমজানো। সাকিবেরার বই কিতা চেইঞ্জ ওইছে? না এরার চেইঞ্জ ওইছে। ওউ ওখন নাইনো যেরা এরার,এভাল ফরানটাপরীক্ষাভযতার কটা বাংলাদেশে বিষ্ব় পরিচয় করছে রমজান সাথি বেলার ভূমিকিতা থেনচিচছে না তারা চেঞ্ি ও এহান নাইনা
test_sylhet_0523.wav,sylhet,বালোই ঠান্ডা লাগে <> হুম। ঠান্ডা নাই। আমি এখবার ফড়তাম আছলাম না। ঢাখাত গেছোস? ওয় ঢাখাত আমার মামার বিয়া। কিলান গেলা?,বালখান্ডালাগরাস্থানীয়ইলাম না ঠ্ডা নাই আমি একার পরডাত্যসমামালাে
test_sylhet_0524.wav,sylhet,"বিয়া তো খুবই বালা গেছে, সমস্যা ওইলো আমরা তো তাখতা ফারছি না। গেছি ওইলো আগোর দিন <> ট্রেইনে গেছি ফার্স্ট টাইম জার্নি। আইছি আবার বাসে। হুম। কিলান আছিল জার্নি?",ত কবি বালা গেছে মশল আমরাত থাকতে পারছিআক্লিনআইসি আবার বাসলি
test_sylhet_0525.wav,sylhet,"জার্নি তো বালাও আছিল, জানোস নি মজার খতা? ফার্স্ট টাইম প্লেইনোর জার্নি একটু এক্সাইটেড নানি? হুম। ওখন এমন ফেশাবে ধরছে, এয়ারপোর্ট যাইতে সময় আমি ডুইকাই খইছি আম্মারে যে আও ওনো <> আম্মা খইছে না বিতরে গিয়া",হসিলাতাট্যানক্লেউনোর জাটি একসাইটের মোনশে নিযারফর সাহতেসময় আমি আংলুকে অিসমারে যায়া অপে অনম ইন্ াবিদর জা
test_sylhet_0526.wav,sylhet,"হ্যা, বিতরে নাই? প্লেইনোর বিতরে আছে তো। আমি খইছি আম্মা খইছে না এয়ারপোর্টো বোর্ডিং পাসিংও ফরে আরো খতো সময় ওয়েট খরা লাগে। ওনো গিয়া খরবায়, ওনো আরো বালা। খইলাম আইচ্ছা ঠিক আছে। এখন নানি এমন আরকি লাইন ইওর",লেইন বিতরে আছে ত টি আম্াোজইয়াদপুরের বিত্রে িয়া টিতা বোর্ডিং পাস নেওয়ার পরে আরো হত্যে সম়েট ছটা লাগেনেগ আরও বালাচাটিক আছে এখানিে এমনকিনা
test_sylhet_0527.wav,sylhet,"বোর্ডিং পাস নেওয়ার, আমরার লেইট ওই গেছে। ওখন গেছি তে বোর্ডিং পাস নেওয়াত এরা খয় ইও প্লেন আসছে আফনেরা চইলা যান এখন তো আর সময় নাই। ওখন মাত্র ফচিশ মিনিটের রাস্তা, ঢাখা এয়ারপোর্ট গিয়া খরমু, মাত্র ফচিশ মিনিটের জায়গা। হুম।",বরডিন মােটিএখন কেসিট দাইতামচম এমন তারা হয় জপ্লিনে আসছে আপনারা চলে ঝার সময় না এহন গিয়াবইসি মাত্র ২৫ মিনটের রাস্তাভ়ে রাস্তায় রাস্তা় ডাহারিয়ার প্রটিা২৫ মিনিটা া
test_sylhet_0528.wav,sylhet,"ওখন প্লেইন ছাড়ছে আরো এক ঘন্টা লেইটে। আর <> বেশি। এনজয় কিতা খরতাম? লাস্টে দিকে আব্বারও মনে হয় তান দরখার, তাইন গেছোইন ওয়াশরুমো। ফরেদি আমি <> ওয়াশরুম যাই। <>",স্লেইনসআসেএকজনােইকেরব্যরস্নাহীন সন্িজেলা় আরও বেশি ইনজ়ডিতা হত্যা ঝকটিকু হ় লাতদিকে আবারঅমনেয ঘ তানগে ম আ্ব গ্রামের হরে দেয় আিরপক করাসমেটে কনোটিক কন্ডরে
test_sylhet_0529.wav,sylhet,"মানে <> সময় তো, হ্যাঁ ইটা তো ভয় লাগে তো ওনেকের। না, ভয়ও লাগছে না, বেশি সাউন্ড ওয়। বেশি নামার সময়। নামার সময় খানোর মাঝে ভন খরিয়া উঠে। আর উঠার সময় <>",ার সময়এইকপ তখন ভয় লাগেতে অনেকে অনেকে কিতাহত যবর লাকসোউন্ডবেশি নামার সময়মার অিবেংাসময়বে
test_sylhet_0530.wav,sylhet,"মজাও। ড্রিম ল্যান্ডের যে স্কাই প্ল্যান আছে নানি এডভেঞ্চারোর? হুম। ওউ, ওতার লাখান। <> ওতোটা হিলা বুঝা যায় না। হঠাৎ নিছে নামলে ইসময় বুঝা যায়, আর ঘুরাইছে যে সময় ইসময় বুঝা যায়।",ড্রিমল্যান্ডরজে স্কাইট্রেন আ হেডভেনওতা নিু
test_sylhet_0531.wav,sylhet,<> আর সুমাইয়ার কিতা ওবোস্থা? সুমাইয়া তো ফার্স্ট ইয়ারোর ফরীক্কা দিলো। হুম। তাই ফার্স্ট ইয়ার দিলো <> মানে? মানে তারার ওইছে কিতা?,একসময় ব্যবস্থাপ্রাশরিয়ারোতাইফাসিয়া দি লকটা মালরে প়তাইার ুগলুতারার থিকি তা
test_sylhet_0532.wav,sylhet,"দের বছরে শেষ ওইছে ফার্স্ট ইয়ার, সেকেন্ড ইয়ার এখ লগে। সেকেন্ড ইয়ারো থার্ড ফেইজ কিতা খইলো। ওহ <> সেমিস্টারগুলা <> আকারে না? হুম।",দেড় বছরের শেষইকে এইবরে ফাসটিয়ার থেকে িযে াসেকেনিয়ার হাড বেইফেসে ওইযে পেনেস্টারগুলারা মেি
test_sylhet_0533.wav,sylhet,"বিয়াত কিরম লাগছে? বিয়াত? খার বিয়া? আমার ছোট মামার। বিয়া তো খুব বালাও ওইছে। ঢাখার বিয়া না? ওয়, মামিও ঢাখাইয়া। ওন্যরখম নানি? ওয়, আমরার সিলেট যেলা ওতো রেওয়াজ তারার ইডা নাই। সিমসাম",া়া ডাহার বিয়া আর মামিও ডাঅন্য রসমধানি িভিা তহসিলেট জেলাওতডেওয়াজ তারা
test_sylhet_0534.wav,sylhet,"আর যে প্লেইসো ওইছে, প্লেইসটাও মোটামুটি সুন্দর আছে। ফটোসুট-উট খরা ওইছে। হুম দেখছি। মামানি কিরখম? মামানি তো বালা। বালা ওখন ফুরান ওইলে বুঝা যাইবো, মিশুক আমরার লগে মিলছোইন।",হর্জেপলেইসো ইসে প্লেস্টিসুন্দর আে োটি করা গেমামানকি রকম মামানিত খবি বালা তারানো বষ পুরাণ ুলুব মিশুর মোহিনি
test_sylhet_0535.wav,sylhet,"ঢাখাইয়া ওইলেও আমরা সিলেটো <> এখনো আইছে যে চেট-উট খরো। আর নানু আছে নি তোরার? ওয়, নানু আছোইন। নানু কিতা কুনু সময় আইছোইন না? মানে কুনু সময় দেখছি না। আইছোইন, আগে, আগে আইতা ওখন তারা বাড়িতও বেশি আইন না।",দেখাই়ইল আমরা ছিেটইটআইান কিতাকুনদিন আইসনছেন মনএক প্রশ্ন দিখেছে আইগাগাইা তারা বাড়ি তরছে
test_sylhet_0536.wav,sylhet,"এখবার আইছিন তো আমরা বাসাত। ওহ। <> তোমরা কি কার মেয়ে? আব্দুস সাত্তার, ও তুমি? গিয়াসউদ্দিন। ওহ। সাত্তারের মেয়ে তোমরা দুই বোইন না?",একার আইআব্দুস তার কযাআেদুবনা যে
test_sylhet_0537.wav,sylhet,"তুমি বড়ো? জ্বি। তুমি মেডিকেলে না ফড়ো? আমি না, আমার ছোট বোন ফড়ে। তুমি কতটুকু লেখা-ফড়া খরছো? আমি ওনার্স থার্ড ইয়ারে। থার্ড ইয়ারে কোন কলেজ? মদনমোহন।",আমিন আমারিঅার থাডিয়ারেম
test_sylhet_0538.wav,sylhet,"<> ওয় ফিকনিকো জানস নি? ফিকনিকো আমি তিনটা সময় গেছি। আমি তো জানি না আঙ্কেলের যে ট্রান্সফার ওইছে। আমি <> গিয়া ওউ তানিশা গিয়াই বারি মারছি। সুমাইয়ার নানি লাস্ট এক্সাম, তাই যাইতো। খইলাম ওবায়দি যাইস না। খয় যাইতাম ভাইবা-উইবা ইতা মাথাত তাখবো।",পিকনেকে আমি জান টেনিা তিনামি তো জানি নিতানিত ওকাংশা আরেমবাসাইনা েতানুিএগ্রাতাইর লাশইলাবহবাদিাইযবাইবই মাতাতাহব
test_sylhet_0539.wav,sylhet,"<> গেছিন না। আর <> তারা বুলে আগে গিয়া আইছিন যেদিন গেছিন না। তাইর বাড়ি <> তাইর হাজবেন্ডোর ফ্রেন্ড <> তে ওখন আমি নানি খইছি আমি যাইতাম নায়, খেউ যাইরায় না।",িওতাই আগে থেকে ়েছে তািগি়াইবাড়িতে াোহন আহমিনানি হসি তার দায়তাপরে যত
test_sylhet_0540.wav,sylhet,এমদা সারা দিন খালি আফসোস ওর। কুনু সময় তো আমরা ইলা ফিকনিক মিস দেই না। আর এখটা তাখে না আলাদা আমেজ। <> সবেরও। ফরে লাস্টে তিনটা সময় খানি আব্বা নিছোইনগি সখালে ঘরো।,াদিন আগ লাগের হালে আফুখোনো সময় থম রাইলাফ্িকনিক মিাতােনা আলাদাগে রে লাকচে তিনতা ানি আফবান িফন কিছু
test_sylhet_0541.wav,sylhet,"খাইয়া-উইয়া দুফুরে ফরে রেডি ওইয়া গেছি। <> লইয়া গেছোইন আমি আর আম্মা। সাকিবো তার ফরীক্কা। সখালো উইঠ্যা গেছেগি। তাইলে বেশির ভাগ মানে খমই গেছে মনয় না? বেশি গেছে না। হুম। ফরে লটারি ফাইলিছি দুইটা, ছাদো।",দুপুরেিবর তারফরইকটাহতাজ অলবেশিভাগ মানে কমে গেছানা েলটারই আমরা পাইছি দাদ
test_sylhet_0542.wav,sylhet,<> আর কিছু ফাই না ফাই লটারি তো অন্তত দেখমু। ওউ আশায় গেছি। ফরে গিয়া দেখি দুইটা ফাইলিছি। কিতা ফাইছো? চাদর দুইটা। আগোর বার আছিলো প্রেশার কুকার। ইবার আমরার ভাগ্য <> আগে লাগছে না।,কিছু বাই না ফাইলাকারই তন্ েখ অাচারুইতা বে াড়িবেরামর বাগ্যে দিকে ু ে
test_sylhet_0543.wav,sylhet,"আর <> কি ওবোস্থা? তারিণ তো মাশাল্লাহ! ওয়, তারিণ তে বেশ আছে। তাই ওখন মাহদিরে ফড়াইতো। আর <> আমিও বারোইতা ফাররাম নানে। সাকিব গেছে তার স্যারের খাছে। এম্নে তে আর কিতা ওবোস্থা তে সবতা মিলাইয়া?",আপানিনকেওস্থা আমরা তারিন্তবেশ সালা তাহদিনতওনা আছে জাইখর মাহদুরে ামিও বাড়িতে ারঅবরোর কিতা অবস্থা
test_sylhet_0544.wav,sylhet,"আছে বালাই। তারিনের সাথে বহু দিন দেখা-সাক্ষাৎ ওয় না। ওয়, আমরার তো ফড়ার ফাকে ওই যায়। ফড়ার, ফড়া কিতা ওবোস্থা? তোরা ফ্রাইভেট ফড়ছ? হুম, আমরা স্যার আইন, আজকেও সখালে আইয়া গেছোইন।",তাবুদ্েমাতোপরার র পরাকতা ে্যবসতা প্রাইভেট বস্থা আরা
test_sylhet_0545.wav,sylhet,"তোর কিতা ওবোস্থা তে? ফ্রাইভেট ফড়ছ নি? আমি, না, ফ্রাইভেট ধরছি-টরছি না। কোর্স <>। মেইন কোর্স ওইছে নি তে? ওয় মেইন কোর্স ওইছে।",দরহিত অবস্থাতেপ্রাইভেট ফরসি প্রাইভেট জেসতে পর ন আেমেরিন্কোর সইস
test_sylhet_0546.wav,sylhet,"ওয় আমরা দুইটা ওইছে। ওউ খয়দিন আগে ওইছে। <> তুমরা খবে ওইছে? আমরা তো জানুয়ারির লাস্টের দিকে <> জানুয়ারি <> ওউ আমরারও চব্বিশ আর আটাইশ তারিখ। না, ছাব্বিশ আর আটাইশ।",আমরা ২টাইসে উপযদিন আগে ুম্রাহছ ় আমরা২৪ আর ২৮ তারিখ া২৬
test_sylhet_0547.wav,sylhet,আর ফরম ফিলাপ তো শেষ। ওয় <> হটাৎ এক্সামোর রুটিন দিবো রে বইন। আসলে <> রমজানটাত ওইতো নায়। আমরার হেদিন এখজন ম্যামে খইছোইন ক্লাসো যে রমজানো ওইতো নায়।,আরফরমপিলঅব্দশেষ ৎকবামরুটি ্যারমজানদা তৈতনয অ্যাম্রার হেদিনে জন মেমে ক়ছে ্লা মজা
test_sylhet_0548.wav,sylhet,"ইউটিউবো এখটা বিডিও দেখচি যে রমজানো <> রমজানো ওইলে মাস্টার্সের ফরীক্ষাও মানে আজকে যেটা গ্যাফ দিলাইছে <> রমজানো ওইলে ফড়া তো পসিবল নায়। যাওয়া-আওয়া এখটা খষ্ট। <> এমসির হলো আছোছ? ওয়, ওয়।",ইউটিউবে এক রমজন া্টার্সের ৮ া রমজানইলে পড়াতযাওয়াও ১তেখনা এমিছের হলা আ
test_sylhet_0549.wav,sylhet,আমরার মদনোর হুনছি হল ওইতো। ফড়াছ নি তে প্রাইবেট? প্রাইবেট ইবার না দরছি না ইবার। ওই যে কিতার লাগি খই ফরীক্ষার ফড়া ওইছে না <> কুনদিন দিলাইবো রুটিন। <> খইরা ইবার থার্ড ইয়ারো দরছি না।,হলরাজনীতি প্রাইভেট প্রাইভেটির না ধুর সেনও া
test_sylhet_0550.wav,sylhet,"<> আমি তো ভাবছি ফেব্রুয়ারি-উব্রুয়ারিত আমরারে দিলাইবো। ওয় আমিও তো ভাবছিলাম ফেব্রুয়ারিত <> আমরারও তো জিয়ো আমি তো খইয়ার কিতাত বাদ দিলাইছি। খইছলাম নি তোরে? খয় দিন খরিয়া আইয়েল্টস কর্ণারো। ওয় ইটা কিতা ওইছিল? বাদ কেনে দিলাইছোছ? ওত্তো ওউ সন্ধ্যা টাইম ওই যায় নানি আইতে, আইতে। সখালে যাও আর",ন্তহক্থে ফেব্রা তপেওনতংমরার তজি আমি তো হইয়আর খেতাব বাদ দিলাইছি অসায়াআয়জওএটি কিতুি অতসন্ধ্যা টাইমে
test_sylhet_0551.wav,sylhet,আর আমার বাসার সবতার বুঝরেউ সব সময় বেশি ওবার। এখন খইন সারাদিন <> তারারে খইলাম যে <> আমার আরকি পার্ট টাইম খইলাম যে তিনটা-চাইরটা ফর্যন্ত। <> দরখার ওয় স্যালারিও খমাইয়া নিমু। <> ফরে স্যারে খইরা স্যালারি কুনু বিষয় নায়। <> আসলে ইলা নিলে তো সবেউ খইবো।,াসাসব্তারবিা তানারা হইলাম যে র সেলাডিও হুমাইয়ানিওইরাইসেলারইিযনীলেতে সবেওভ
test_sylhet_0552.wav,sylhet,<> টাইম <> ফুল টাইম <> কিতা খয় কিরখম লাগছে যে খয় দিন খরাইছোছ-টরাইছোছ? খরাইছি তো বালাউ লাগছে আর তারা ইনোর ফরিবেশও বালা আর টাইমও যাইতো বালাউ।,াওঅকরাে জাপাতেন ফরাইস্ট্রপরিবেশে বলা প্লাসটাইমোাই
test_sylhet_0553.wav,sylhet,"সবার লগে ফ্রেন্ডলি। মানে ফড়ানির আগে প্রিপারেশনটা কিলা নিতে? এরা কি আলাদা তোরে তোরারে প্র্যাকটিস খরাইতো? <> না, আমি তো ক্লাস আমি তো মাত্র তিন মাস আমি খালি স্পিকিং টেস্ট নিছি। আর ওইলো গিয়া <> রিডিং আছে নানি? হুম রিডিং-ওর শীট",ে খোরানের আগে প্রিপার্ঠনটে খিলান তেরা খে আলাত তরে তরারে প্র্যাক্টিস করায় োানতে মাত্র তিন মা াি স্পিকিনআইওস রিডিং অরেডিং ়ার শিট
test_sylhet_0554.wav,sylhet,"তো দেইনউ ওতা শীট আরকি খয় দিন খালি জিয়োয় ওউ যে কিতা খয় রিডিং প্যাসেজোর বাংলা আরকি মিনিং বুঝাইয়া দেওয়া <> ওউ যা খয় দিন। <> আর এক্সামোর ডিউটি, পেপার-উপার দেখা <> আর এরফরে",তাশিট আকে হয়দিন ালিরিডিং ফ্যাসেজর বাংলােমিনিংওরফরে
test_sylhet_0555.wav,sylhet,"<> ক্লাবো স্টার্ট ওইলো ওনে। ফরে তো আমি বাদ দিলাইছি। হুম বুছছি। <> আর কিতা খয় জব্বর চাচ্চু এরার কিতা অবস্থা? <> আছোইন <> আইতা-উইতা না? না, তারা তো আগস্টো আইয়া গেছোইন।",সাটইলনোেটা সজমপচা ছ়া খিত অবস্থা আগস্টাই
test_sylhet_0556.wav,sylhet,ও আইছোইন <> মামনি আবার প্রেগন্যান্ট। দোয়া খরিও। <> আর দুই মাস না তিন মাস <> মাঝখানো আন্টির যে অপারেশন ওইছে নানি <>,ানি ার ামানো আংটির যে ওপারেশনিসেমুহুরজ
test_sylhet_0557.wav,sylhet,তুমরার আন্টির <> ওলা আরকি ইলা নায় তান ওলাউ একটা অপারেশন ওইছিল। ফরে আমরা যে ডরাইছলাম <> তান আরকি ফোনো তো আর ইতা ওলান খইছোইন না। দেশো আইয়া <> খইছোইন। <>,ওয়লালা নাক আনয়েলাস্টা অপারেশনঐফিল ফোরেমগাগডার ানেট ঠনত আরত চাইলা ি এা
test_sylhet_0558.wav,sylhet,<> সাইড-উইড আছে। <> ফরে <> এই আমরার ইখানো বুলে একটা <> ওইছে জানোছ নি? ওয় <> আমরা ওন তিকা আঁটিয়া আইয়ার। হটাৎ দেখি। আমি খই রে ইনো কিতা। ফরে হুনছি ওনো যে এখটা ইয়ো ওইছে।,িাপুঅয়েজিলআদিন আম্রান্দিকা ে এয়ারপোরপটাও দেখি আমবারন একটি তাভর
test_sylhet_0559.wav,sylhet,<> ওইছে আমিও ইদিন খুব অবাক ওইছি। হটাৎ দেখি। খই ইটা তো নতুন দেখতাছি লাগে। <> আর ইদিকে তো সব সময় ইকটা সম্ববত ওউ যে উপজেলার ইদিকে। <> আর ইয়ো দেখিছ নে উপজেলাত কুনু অনুষ্ঠান ওইলে ওদিক দিয়া সাউন্ড আয় নানি? হুম ইন তাকি ফুরা বুঝা যায় না। ওইলে শুনছি আরকি ইটা উপজেলার <>,িওখুব অভাহয়েছে হঠাৎ দেখি ত নতুন া সবসময় জেলা সম্ভাবত উপজেলা আরোখষীকে দেউপজেলা কোনো অনুষ্ঠানে লদিক দিয়া সাউন্েইফুরা বুঝা যায়
test_sylhet_0560.wav,sylhet,<> বুছছি ওয় <> আমার আত দেখ <> ঠান্ডা তো ভাবছিলাম ঠান্ডা <> ইয়া রে বইন! সব তাকি খষ্টের বিষয় ওইলো অতিরিক্ত যে জানুয়ারির লাস্টের দিকে ঠান্ডা আছিল ওউ সময় ইনকোর্স আছিল।,া্ডাসতাকে হোস্টর বিষয় হলো অতিরিক্ত জানুয়ারি লাস্টে দি ঠান্দা ে লশাময়
test_sylhet_0561.wav,sylhet,"খই হায় রে খফাল! এখবারে তো দশটা ফর্যন্ত, এগারোটা ফর্যন্ত ঘুম। আর এখন ইনকোর্সোর ইয়ো আইছে তে আর একটুতা আর এর মাঝে কিতা ওইছে ফর্ম ফিলাপ খরছি আর ডিপার্টমেন্টের হেড যে হুম ওউ স্যাররে ফাই লাইছি সামনা-সামনি। <> স্যারোর রুমো ফরম ফিলাপ খরছি <> আর আর তারিন আছলাম সবার লাস্টে।",ইর পা একবারে তো দ০্টা পর্যন্ত এ১রটগু অনইনকোরসর জি়াইটেতের া মাধেতে চেইে ছা ফরফেলা পর্যনদেখিলা া টিপার্মেন্টের হ্যাড দে গোসা রেফাই লেখি সামনানি সারুমোফর্ম রা আমিয়তালীন আসাম সবল আশকে
test_sylhet_0562.wav,sylhet,আর স্যারে না এই পেপার ইও আগোর ইনকোর্সোর মার্ক দেখাইছোইন। দেখাইয়া খইছোইন ইবার ইনকোর্সো যে যতো ফাইছো ওতো দেওয়া ওইবো কুনু ছাড় দেওয়া ওইতো না। বালা খরি ফড়িয়া আইও। আর তো টেনশন <> ঠান্ডা-উন্ডা,র ােনা এ প্রযাপার জাগারিন পোসা মার্ক দেখাইছে দেরা ওসনিবার ইন প্োসের দেত্তফায় ্ু সারধে ঐইথ বালাহরি ফরি র্তেনে
test_sylhet_0563.wav,sylhet,"তোরার তো ইকান তিকা যাওয়াও বেশ দুরত্বের ব্যাফার। হ আর কিতা খরমু। আর কিতা খয় ইনকোর্স কিরখম ওইছে? ওইছে। কোর্স শেষ নি? না। শেষ না, এখটা সাব্জেক্ট শেষ ওইছে ম্যাথ।",খানকে যাওয়া ও বেশ দূরত্মকতাহংফুস্কির হুমিো একটা সাবজেক্টে
test_sylhet_0564.wav,sylhet,"ছাইরটা নানি ম্যাথ? এখটা শেষ ওইছে। ম্যাথ ইতা কি টাইপ ম্যাথ? না, ক্যালকুলাস না। হাইয়ার ম্যাথোর এখটা ইও আছিল। আমি নানি ম্যাথে এম্নেও <>",েক্যালকুলাস নায়োজের হায়ার মেত কিছু অঙ্ক আছিলামাে বিজনেআমার মিনের মেতম নসাগেনি ়আর বেশ
test_sylhet_0565.wav,sylhet,থার্ড ইয়ারো আমরার আরকি কমার্সোর ফাইন্যান্স <> তোমরার ম্যাথ ইতা কিলা? থিউরি নি? সবই ম্যাথ।,হারডিা রমরা ক কোমারসা্যাউ্িায়াল ্ারমিডেটতোমরার মেয়েকিতািাহিওরিনিনআ
test_sylhet_0566.wav,sylhet,"থিউরিও ফড়ায়, ম্যাথো। থিউরি বেশি <> থিউরিওয়াইজ কিতা সলভ খরা লাগে। এপ্লাই খরা লাগে আরকি। <> আগাগোড়াই তো ম্যাথ, থার্ড ইয়ার তো কুনু নন-মেজর সাব্জেক্ট নাই।",ওরখুবই বেশি থিউরি দিয়াদেইথিউরিওযাইজসল করন সরোইরাতা আগাগরাহিতো মেদার থার্ডিয়ার তো কোনো ন ম্যাচে সব ভিট নাই
test_sylhet_0567.wav,sylhet,<> আমরার খাছে থিউরি <> ম্যাথের মাইঝে সব থিউরি <>,্লাব নাইন কেন ম্যাচে ফুঁতি যে বাবালাগাটাে লেপালি ইন্টারওটা ঘরতে েআমরা িসাটা ফিউরিসাইা মেমাজে সবৃন্ত াফিউরিও
test_sylhet_0568.wav,sylhet,তোমরার তো সব ইংলিশ নানি? না বাংলা আছে? ইংলিশ বাংলা যে যেরখম ফারে। আমরার জিও ম্যাথ সবগুলা ইংলিশ। আর দুইটা সাব্জেক্টের থিউরিও ইংলিশ। আর <> আমার লাগি ইংলিশটাও,দুনত্থ সবই ইংলিশ নিাংলা যে আারম্যাত সবগুলো ইংলিশ আদুইটা সাবজেকটর মেটলমাথি়রিও ইং তিপিওর ফিহায়াস্কাডি পরাগে ইংলিশে
test_sylhet_0569.wav,sylhet,"<> কিতা ওইছিল, আর কুনু অফারেশন ওইছিল নি? না, অফারেশনোর জাতীয় কিচ্ছু না। খালি ওউ মাথা ঘুরায়, ডাখতরে খইছোইন মাথা ঘুরানিওই এখটা রোগ। মাথা ঘুরাই ফরি গেছি।",তাুইলামনে মনিকিতাও িন আপন পরাশোনাঅপরাশনর চাতে উঠেছেনতা নিয়ে খালিও মাতায়গুড়া টাহদারেক হোসেন মাথতায় গোরািমাথায় ঘুরে গ্রেড ফরিগেছু বাঙ্াহি
test_sylhet_0570.wav,sylhet,"দূর্বলতা নাই, সেলাইন টেলাইনও তো <> ওয়। ডাখতারে খইছোইন ইখটাও এখটা রোগ। কন্টিনিউ ইখটা ভবিষ্যতে ছলবো। আর ইও মাথা ঘুরায় নানি? <> এখটু শরীর সুস্থ তাখলে আর যেছা আরকি ইতা খেয়াল-উল খরোইন না।",দুর্বলতা নাইসাল্যান্ডেল্যান্টতোস বিটডাক্তারাই গছনিক্টা ারু কন্টিনিটে ব্িওমাতাইগুড়ানানি আনদায়ী পানো অস্পরজি আছে র সুস্থ থাকলে আজাকি কার খিয়ে লয়াল ফরেন না
test_sylhet_0571.wav,sylhet,<> আজকেই সন্ধ্যার সময় ফড়লাম এরফরে সুমাইয়া দেইখা ইও খরছে। উঠিয়া নানি বুচ্ছোস নি সোফার বায়দি উঠিয়া লাইট জ্বালানি এ দিন ওলা সাদা আছে নানি ওউ যে ফানের লগে খাইন? ওতা খইছিন লুকাইয়া রাখতা আব্বা তো দেখলে বখোইন। আর লাইট এখটা অন খরিয়া দিতে সখালে,আজকে সন্তাজমে রউটিয়া নানে বুচ্চস্নে সুফারবাদিটিয়া গ্যেদিনোলা সাদাসেফানে াইন তাইিনলুকেই ানদাইরে অ
test_sylhet_0572.wav,sylhet,আর কিলা বেরা খাইয়া ফরি গেছি। <> আইলে তো সমস্যা নাই যাইতে নি? ফরে তো <> সাউন্ড বেশি। <>,আিলা আবেরাহাইয়ার সবাই দীরে দেখেন নাইসুসংগাই ক্রিলিনেকটচকর দেপরেত অলোযো
test_sylhet_0573.wav,sylhet,বাড়িগ গেছোস নি? বাড়িত আমরা গতো কুন মাসো গেছলাম? অক্টোবরো গেছলাম। ওইযে <> তারা ছাছাতো ভাই <> এখ বাড়িও আয় যাইগি।,পাই জাফিসমিলিতা খুনমাশবোে অক্টোবর ইসলামওশা তারা সতা তবাই দ একবাড়িে
test_sylhet_0574.wav,sylhet,"আয়শারার কিতা অবস্থারে? আয়শা তো ওনো আছিন আজকে গেছে। বালা। <> ফরে নানি সজীবের বিয়া ওই গেছে। সজীব আর মিরা? ওয়, তুই খইছলেনি? আমি খইছি না। <> খইমু আমি। আমরার লগে যে ইমরাম আছে নানি? মনো আছে নি? একটা তানভীর।",্ার আাতনতেলাকটেগেছি তুহেদুনথলে নানি সজি বর্বিরইগছে সিব হোসমি আমিকেিোন ৯িতআমানগর ইমরান
test_sylhet_0575.wav,sylhet,"তানভীর, তানভীর আর ইমরানা দুইটা লাভ বার্ড <> একদম আমরা নাইন তেকি। মনো আছে নি তোর? ছিনার খতা বাট তোর মনো নাই। কিতা তারা হুনছি বিয়া <>",সাংবিরার িম রানা দুইটা তাসাকোবুয়েল এাুমরা নাইন থেকে মোনা সিনার হোতা ১িতা তারার হুঞচি বি
test_sylhet_0576.wav,sylhet,"মোটামুটি সবার বিয়া <> আর কিতা গতো ঈদ কিলা গেলো? গতো ইদ, ইদো তো <> দেখা ওইলো না।",আলটিবাগত ইদকিলান গেল গতদিনতে ঈদত্দমানা়ফিলো আসমর দেখইল
test_sylhet_0577.wav,sylhet,"না, গতো ঈদো আমি, আগোর ইদো দেখা ওইছে মনয় <> আই থিংক ওউ লাস্ট। না, ই ইদোর ফরে ফিকনিকো গেলাম নানি? ফিকনিকো দেখা ওইছে আর ই ইদো আর দেখা ওইছে না।",ি আগরদেরাত্রোএইতংকলানা ইদরফরেফিকনিকো গেলাম ইদআর্দে
test_sylhet_0578.wav,sylhet,"<> ফিকনিকেরটা <> তে তো মনয় মাঝখানো হোয়াটসঅ্যাপোই ছালাইতে না। ওয়, মাঝখানো এন্ড্রয়েডওই ছালাইতাম না। বাটন লইলাইছলাম। তোর এখ অভ্যাস <> দুই দিন ফরে, ফরে",টেকনিকে প্রাএ নেয়ােএিটমনিমাখনোয়ার সাপশাই ে এ্যান্ডিরসাম টুর হুতকরে অভ্যাসাকর্
test_sylhet_0579.wav,sylhet,"না, খয়েক মাস তো ফোনই আছিল না। <> কিতা খয়, ফরে খই না বাটন ছাড়া মানে ফোন এখটা লাগবোই। <>",কয়েক মাসকফোনিতোল অলিবেশিযতে ারকরনা বাটন সালমানে পনেকটা লাগ ধিক নয় পনপে বিরপ্তাইলে
test_sylhet_0580.wav,sylhet,"বার্ষিক ক্রিরা ফ্রতিযোগিতা খবে রে? ইবার দেখি খেউর কাছে <> ওয়,ইখটা শিওর না। যাইবে নি? দেখি আমার যাওয়ার ইচ্ছা নাই, আমার <> আর সব তাইকা বোরিং লাগে ওই <> শিল্পী আইনা যে গান যে সময় গাওয়াইন",াযারশি়র জানেন না আমার জাঅরিচ্ছাসব্তাকে বেশি বরিং লাগে ঔপায়ধন শিল্পী আনিয়াদেরগা আন্জাময় গাওয়া
test_sylhet_0581.wav,sylhet,আল্লাহ! কিতা খয় <> শুনলে অসহ্য লাইগগা যায়। <> শেখ হাসিনা পার্ক ওইছে প্লেইসটা এখটু ছোটো ওইলেও সুন্দরও আছে। হুম। দুইটা রাইড ছড়ছি একটা রেল গাড়ি আরেখটা স্কাই ট্রেন। সুন্দর লাগছে দুইওটায় ছড়তে।,ইবার যে আমরা শে হাসেনাপার্ক যে প্লেইসটা একট ছুট ইল সুন্দরুাদুইটা রাইডসোর্সে ােলাড়ি াইটরেন ুন
test_sylhet_0582.wav,sylhet,"আমি তো <> সব সময় দেখি। আমার তো লাগে বাইরে তাকি কার্টুন, কার্টুন। মানে আমরা বড়োরা যে <> না, না বড়োরার বেশির ভাগ রাইড। একটা নৌকার মতো আছে আমারে সাকিবে খয় তুমি ইগুত উঠলে হার্ট অ্যাটাক খরবায়। বেশি বুলে স্পিডে ছলে।",আমি শাখাকানেব সময় দিয়েখি আমানখলাগে বাইরে কাঠন কাটডে মানে আরও বড় আগে আমরা নানবড়রালৈকেও বেশিরভাগ রাইটতা নৌকার মতো আস্তরে দ্ুত আমার ফাঁকিব্রাকতু মিকে জুটলা হাৎপর বা় বেশি বুলো স্পিট
test_sylhet_0583.wav,sylhet,আরো খয়েখটা দেখছি রাইড আছে। সারা দিন তাখলে ছড়লামওনে। ছবি-উবিও সুন্দরওই আর। <> সাকিবেরারে কুন স্যার ফড়ায়রে? <>,আও একটা দখটি রাইডাসব গেলে িবিও সুন্দরেই আসচাকেহে সারগিবরেরযবোন
test_sylhet_0584.wav,sylhet,"ফয়লা, ফয়লা তো জাহান স্যারে ফড়াইতা। ওখন জাহান স্যারে তো কি মান জানোছও বেশি বেডা ফাঁছ আজারের খমে মানে না। আর টেখা তিকাও বড়ো জিনিস ওইলো গিয়া হে তো বাদ স্টুডেন্ট ইকান তো আর লুকানির কিচ্ছু না। আর সব তো একসাথে ফাওয়া যার না। ওয়।",াহানজাহান তারোর ডিমান্ডের টেহার দেকে বড় তবাত তাসবস া চলমর ায় উজ্জব চারে ১০বার ১টাে
test_sylhet_0585.wav,sylhet,"ইখানো আমি দেখছি যারা নাইন টেন ফর্যন্ত যারা এখটুখ বেশি গাফেল তাখে তারা বা ফড়া-লেখার দূর, দূর তাখে এরা যে সময় এখটা টাইমে গিয়া একটা ধাক্কা খায় বা বুঝে এরা টিক শাইন খরতে ফারে। এরা বুঝে। ওউ উজ্জ্বল স্যারে এখ দিন খইছলা।",ডেখতি এরা যারা নাইনটিন প্রন্ত একরোগ বেশি গা পাকের কাকে বা গুলামানে পড়ালে দুর্দুধ এরাজ সময় একটা টাইম মেগে একা ঢাকা খায়বা বুঝে এরা চিকিৎসান হরতে পারে এরা যকরা হে াে ঘুইরা দাঁড়ািত অজ্জব সা়ে তার ফয় ধাশা া
test_sylhet_0586.wav,sylhet,"যে জিও ফড়লে তো টেস্টো ফাশ ফরে উজ্জ্বল স্যারে <> ফরে উজ্জ্বল স্যারে ফড়াইছোইন। উজ্জ্বল স্যার? হুম। আমরা তো ভিডিও খরছি না, আমরা এখ দিন <> আমরা তো দেখতোই ফারি না।",পর্লেতটেষ্টা ফাসপাইরে য়দিনের উদ্য তারফি গ এখন উজ্য তরে ফড়া ওঠেস্র ফরে েিআমরা ত বুজি রিন আমরা রাতেএখতই
test_sylhet_0587.wav,sylhet,"সাকিবে খর বেটার কাছে ফড়লে ওতা ওইবো, ওতা, ওতা। বেটায়ও ফাম দিছে। আর ঘরের সবেও খেউ না খরে মানছোইন না। ছাইর আজার টেখা, স্যার তো আজাইরা খালি মাইনষের ঘরে, ঘরে ফাম দেয় ইতা খরবো, ইতা খরবো। <> কিচ্ছু খরে না।",তাকি বেরে হন কলেজ বেটার কেছু পরলোপাম দিছে র সবেওসেও না ানে্ার্চিকিা করেদফরাতের ব়তটাদিনা সাইরা জাো আজের হাতেমন গরে ঘরে প্রাইভেট প্রাইভেট প্রহারে গিন গরে মাখাল ফামদে মানুষি তকিচু া ধোকার পা রে এখন সা়
test_sylhet_0588.wav,sylhet,<> জামতাম আরো আগে রাখলে বালা ওইলোনে। কিতা যে তাবিজ দেয় যেছাতাও <> আমি আগে জানলে আগে তাখিও রাখলামনে। <> ওয়।,অ্যান্ডেরাহায় আসেনে জানা আগেতােব্োটাইট েএাবিদ্ধে দেতাফরািখিবে একি থালিুনফোরিয়াওি জানলে আেসল্যান্ডলেন েত একটুিও
test_sylhet_0589.wav,sylhet,<> হুম আর এরফর তিকা দেখি বাক্কা ফড়াতও আগ্রহ আইছে। টেস্টোর খ দিন আগ তনি ফড়াইলা। আর উজ্জল স্যারো বাদ <>,আলওয়েরফরে থেকে দিখে বাক্াপড়াগর়চেষ্টা কদিন আগে েস্যারের া
test_sylhet_0590.wav,sylhet,"না, ম্যাথ-ট্যাথ <> হুম বাকিরা তো <> ফড়লে তো ওখানো মেইন। <> যায় ওখন দি ফ্রতিদিন <>",জােবাকিরাথরািনান ায় এহনপ্রতিদিন ন
test_sylhet_0591.wav,sylhet,"ওয়, ই খয় দিন তাকি, অক্টোবর তাকি মোটামুটি বালা যার। তিন দিন স্যার আয়। ওনো তো যায়গা <> ঘুম তাকি উঠলা দশটায়। আর এর আগে খয় দিন",ইহয়দিন থেকে অক্টোবর থেকে মোটামটি মোটামেটি তিনদিন থ্রাহরায়ন ১ুন্তএর আগে
test_sylhet_0592.wav,sylhet,"ওখন তো বেড়ানি-ছেড়ানি <> ওউ খয় দিন, ওউ মাসো। আপুর যে বিয়া ওইছে জানোছ? ওয়। <>",নত বানি বোইউজ ও হ়দিন ও মাকাই জাকর যে ব্যাকতিতেতান অয় মি
test_sylhet_0593.wav,sylhet,প্রভার লগে মাতলায় নি? প্রভার লগে মাত ওইছে লাস্ট টাইম তাইর হাজবেন্ড আইতো এর আগে খবে জানি মাত ওইছলো। এরফরে আর হাজবেন্ড <> খয়েক বার আইছে। মাঝখানে একবার,প্ভা রোবার সাথে মাথুথে লাফ্টাইম পাইট থাকবেন নােগানি মাংসুছল এফরা ােযায়াহাগানেন বিআর আলিা ়াডাঁড়াই ওয়ামাখানে প্রবসথতন
test_sylhet_0594.wav,sylhet,"কিতোইছে? মানে তাইন হঠাৎ, হঠাৎ সেন্সলেস ওইয়া যাইতো। এরফরে মানে কিতাত তিকা ওইছিল গেস খরা যাইতেছিলো না। এরফরে তে হাজবেন্ড আইছিন এরফরে আবার শাশুড়ী এরারে লইয়া আইছে। আই থিংক তিনবার আইয়ারছে।",াই চিতাজন হটাৎ তটা তযামিমিসেন্সের চরিচ্চিত্র াকিতাব থেকে িল লিকবম্যাচ করা দেখেছিাইেএর ফরে আবার শাশরিয়া রালিয়া আইফিং তিনবাড়াই আসবে
test_sylhet_0595.wav,sylhet,"বালা। তাইর ইন্সটাগ্রামো আমি আখতা, আখতা দেখি স্টরি। <> ওয় আলহামদুলিল্লাহ! বালাও, শশুড় বাড়ির এরা সব তো বালো, হাজবেন্ড ওত্তো বালো।",থাযইাজাম মি আা েআাপারিরা সবাইকে া
test_sylhet_0596.wav,sylhet,"বাট আগের লাখান আরকি সবের লগে যোগাযোগ নাই ওখটাও। বিজি খেরে আমার লাগে না! আমিও তো নিজেরে বিজি, বিজি খইতা ফারতাম। তো এই যে আর্গুমেন্ট খেনে জানি উঠে না না? হুম।",ে াখানা কি সবস যোগাযোগ নাই বিসি হযা সেরে আমার লাগে না তামত তও নিজেদের বিবিবিসি ই হআ ইলানে তো টার্গেটা় ্ত এই জে আগেমান কেনা কানে অর নানা য়ে উঠো
test_sylhet_0597.wav,sylhet,"সবতা মিলাইয়া। খালকে তো রুজিনার লগে দেখা ওইলো। ওয় দেখছি তাই <> ভবিষ্যতে আছোস <> হুম। আখতা, আখতা। ইয়া খালকে এগুতা বান্দারে দেখলাম না আমরা ব্যাচোর। আমি খালকে সত্যি গেলামনে যদি বিয়াটা না ওইতো। বিয়া ওইছে আম্মার ছাছাতো বোইনোর।",ভিনানলাকে েসবিংষতা অ্যাসোস ফারসাপোকােকটআতা হাটি এক গোটাভাণ্ডারায় দেখলাম আমি হালকে সত্তেশিয়র গেলা বিযআটাবিয়ােন
test_sylhet_0598.wav,sylhet,"তারা বাসাত দাওয়াত দিছোইন, কল দিয়া খইছোইন বারবার গায়ে হলুদও যাইতাম। গায়ে হলুদও গেছি না। তো দাদু অসুস্থ ওইয়া গেল নানি? ওখন খয় বিয়াত না গেলে কিতা? ওউ যার বিয়া তার নাকি হাজবেন্ড তাখোইন কানাডা।",তারা বাসাতা য়াদাঅতো খোল দি়বারগায়ুায়লুদর েিা দুমাস ওসুস্থ গেন ারাওসব আইসনসার্বিয়া তার নারতি হাসবেন তখন কাড
test_sylhet_0599.wav,sylhet,"বড়ো বোইনাইন্তো আর <> আন্টি এরা সব ইউকে তাকি আইছোইন। মামা আরেখজন আইছোইন এমেরিকা তাকি। সবে খালি খইলা যাইতাম। আইছোস খয়টায়? আইছি সাড়ে ছাইরটায়। ওহ, আমি এর আগে, এর আগে অনুষ্ঠান শেষ।",রবইনানাি ইউইকেটে কাইছেন মা মারজেখাে া২ইি৫ চানাসােির আ এর আগে অনুষ্ঠান
test_sylhet_0600.wav,sylhet,"সাড়ে ছাইরটায় মনয়, আমার কিতা লাগছে মানে আমরা ব্যাচের ছেলেগুলা যেতা ইতা বুলে কিতার লাগি ঝগড়া-ঝাটি খরিয়া আইছে। ইতা তো জুবিলি-টুবিলি তো স্টুডেন্টরা আয়োজন খরে না? ওয়। বাট জিনিসটা কেমন আরকি অগোছালো, বালা লাগছে না।",সল জামানে আমরার বলে বেঁচের ছেলে ঘুলাধা তা তাবল কেতারলে গযাস মানে ঝগরা ঘাটে ফেরাইেমেি কোন কিছু নেম কা্ডাইতুত সংজুরান জুগুলিপ্রবিলিতা়যে স্টুডেন্টা রাখেতা হরে না আয়োজন করে া করতে াইে োইোনডা কেমন এানিালো অগনিৃঙ্খ
test_sylhet_0601.wav,sylhet,"বালা লাগছে কুন জাগাত? <> আমরা ছিন্নালাইছি। <> মিম নিরে? বদলাইছোস না, বদলাইছোস না। মানে আমি ওতো ওবাক ওইছি <> জড়াইয়া ধরছি <> আনমনা ওইয়া গেছেগা মাঝখানো। মাঝখানো মনয় কেমন আছলা।",ুন াফায়ারানি মামিফি াইমিম নিরে গদলাই সাসমাি ফিরিয়াে আমি নৌত ওবাক ফুইজ ম্ানমরিকে চড়াইয়ে ধর্শী এর পর এ ম্যানামকে আলশু হইে গেছিলেগে মাছখানা মো কিছু তিন তানা কিছুানাকে কেমন আকলা
test_sylhet_0602.wav,sylhet,আর এখন তাইক্কা খেম্নে আমি মনো রাখতাম ফারি না। আর আমি তো ওখন জানোসও আমার মেমরি কেমন উইক ওইছে মানুষোর নামই মনো রাখতাম ফারি না। আর মেডাম ইকানো কেম্নে মনো রাখলা। টিচার তারার লগে আলাফ খইরা বালা লাগছে আসলে।,রএখন দেকে সেমনা আমি মনো রাখতাম পারিা আমি তখন জনস্রন মেমোরিয়ে তোলো মানে কিতাও স্কি কইটে আমি তো নাআমন ভেনা সপ্তা বুলি দেয়ার ম্েড়ামি জাগাত কেমনে মনোকিনবা ল আবনিমএরমনার টিচারা আশাত দেয়াফরে ালাে কুহিনুর ম্যাডাম এরা উজ্যে সময় তিঞ্চুন মাত্রয়
test_sylhet_0603.wav,sylhet,"<> মেডাম ওখোনো স্কুলো আছোইন? না, <> মেডাম সিলেট তাখোইন, সিলেট তাইকা <>প্রোগ্রামো আইছোইন? হ্যাঁ, এরফরে মেডামের সাথে যখন ছবি-টবি তুললাম লাভলী মেডাম খইতাছে মেডাম যে বালা লাগতাছে। খইন ওয় নি? ছিনতাম নানি তে <>",লোুামুসতি লেখা েট থে বিউন প্রএরফরে ম্যাডামের সাথে যখন ছবি টবি তুলাম ািমানার রফেদেস মারাম যেওয়ালা রাখতে ছাড়ে নয় না আমার কিনিদেখে নয়নি চিন্তানানিতে ম্যার তুমলাকামানে
test_sylhet_0604.wav,sylhet,আমরা তো তোমরারে ছিনমুই <> ধুর ইতা <> খারাফ লাগের। ভাবতাছি মানে লাভলী মেডাম এলি মেডাম এরা ছাড়াও হাজী <> ছলে। ভাবতেই অবাক লাগে আসলে।,মরাতুনার িমেবে এটে লাশে আরহতাফিযেমানে নাবলিমাডে মেলিমেরা বেড়া ছাড়াও হাদী দতেরালিফো পবকে আওয়াক লাগে আ
test_sylhet_0605.wav,sylhet,"এলি মেডামও আছলা হে। এলি মেডাম, লাভলী মেডাম। এলি মেডাম ওইছে মাঝখানো ওইযে মেডামোর মেয়ের এখটা ঘটনা নিয়া <> ওয় আবার মেবি ঠিকও ওইয়া গেছে। কেডারে নিয়া <> কাহিনী ঘটলো।",এলিম্যাডাম িমাডাম াবলিম্যাডামিডা মিমের গআবার মেযে ঠিক টাকই ত সারানে মানাবাসা তো অনে কিছু একসপ্যানে মেযর নিয়ে মেনি বি়া চেস্তা পরে অনেক কাহিন
test_sylhet_0606.wav,sylhet,"তো এখন আলহামদুলিল্লাহ মনয় সবতা ঠিকঠাক ওইছে। ওখন মেডাম দেখতে খুব বালা লাগে। মেডাম তো আমরা যে সময় ফড়তাম যে সময় ফাইভো ফড়তাম। তুই কিতা ফাইছিলে? ওয় ফাইছি। আমি তো <> আছলা না মেডাম। আছলা, আছলা।",েবটি ঠিকটাখুব দেখতি বালা লাগে মানে দেখছি লেখাদেবনান ঠিে দেখটে দেশি দুামতো আমরা যেশমাক পড়তাআমিতাইন
test_sylhet_0607.wav,sylhet,"ফাইবোর সময় গেছলা আরকি। মানে অর্ধেখ মনয় ফাইছোস। আইচ্ছা। আমার লাগতাছে যমন ফোরো তাখতে গেছলাগা। না, আমি ফোরের অর্ধেক ফাইছি আর ফাইবো টুকটাক মানে ক্লাস খরাইতা না কিন্তু আছলা। ফরে গেছোইন। এরফরে আমি তো ইটা লইয়া খুব এক্সাইটেড আছিলাম, তোর দায়িত্ব সবাইরে যারারে ফারছ জানাইতে। তো যারা আছে তোরা নাই বালা দেশো",আমাকলাখতাকে জান ফুর থাকে মেবে েছত ফোট আমে পৌরোর েলও এ্যরফরলে আমি তো ইটানিয়া বেশ প্রসঙ্গে খুব এ্াকসাইটে আসলাম তরারে জাভাে দিোয়সবাইরে জানারে জা জারা জান আনে তলা নাই বলা দেশ
test_sylhet_0608.wav,sylhet,"আর যারা, যারা আছে তারার লগে তো দেখা ওইবোই এখটা সুযোগে। তো ইরখম যতটুকু ফারছি জানাইছি <> খইছে আইবো। ওখন লাস্টে দি আইয়া খালকে তো একটা ডে দিলাম নানি? এখন ই ডে দেইখ্যা খয় <> আমি খই কিতা খরতাম তুই তো না দেইখ্যা নাইলে তোর মাথাডা ফাটাইলাম নে।",েরাল গেতোহেমং মিবিযুক পার্থসকগুলার জানাযই মাফুাহালকে তো একটা ডে দিলাম নানি এখন মিডিয়া দেখ্া হন্দে ফাঁটা এলাও আমু চিতা হরেটাম তব কিন্তু নাই তেনার ত মাথারা া
test_sylhet_0609.wav,sylhet,"এরফরে <> কিতা, কিতা? এরফরে খইলাম। ইতা কিতা খইরা গেছোইনগা। স্যারোর লগে কিতা বুলে ঝামেলা ওইয়া গেছেগা। ও কিতা মনো ওইছে <> আজিজুলের খতা।",এরপরে দেখি দিকইালোয় কিু ামো়াজিহুতাধারণ করিমনাইজে সবকিন্দফদম চাহাজ দলোর কথা
test_sylhet_0610.wav,sylhet,হালার হালায় কল দিয়া <> নানু এখটু ইও খরছে <> আমরার সিলেটি ওখোলের এখ ট্রেন্ড আরকি ফরে আব্বায় <>,আলালেকগউ দিদি াইয়াবে আমরা সুলেটফ্লর্জার রেন্ডার বা
test_sylhet_0611.wav,sylhet,"<> এম্নে বালাও। আজিজুলরে লইয়া কিতা খইতা আছলে? ওয়, মনো তাখে। আর আমি ভুলি যাই। ই কি রোগ ওইলো আমার। ই দুইটা জিনিসের <>",াইব্রেলি অমন থাকে আরামবুলি ায় ইকিরুাএ দুইটা জিনিসতা আছে
test_sylhet_0612.wav,sylhet,"আব্বায় <> গফে, গফে আয় নানি যে সাকিবের তো জানরাও বাদ",আাগোফন ওভেলোফরাআইনানে যে সাকিবরোন্দর দানগাও বাদ
test_sylhet_0613.wav,sylhet,".খাটিলচি। ওও, সাকিব মন অয় আইচ্চইন। আয় আরেখটা রাউন মারিয়া যাইমুগি। আচ্চা টিক আছে। আস্তেও আটি। উম, কিতা খয় সুমন স্যারে ফাইয়া ফরে খইরা যে আমি প্রাক্তন স্টুডেন্ট তো আছলাম, আমি ওত্তো আছলাম। এর ফরে মাত্তাছি-উত্তাছি, স্যারে বেশ কিতা খরছইন। আলিম স্যার মেবি আইছলা তাইনের",য়সমন সারেফাইয়ার র হৈহইরা যা় আমি প্রাক্তন স্টুডেন্টো আসলা আমিহাম রে মাফতাতে সারে েি আলিমসার মেভি আইসলাতাইনের
test_sylhet_0614.wav,sylhet,"ফুয়ারে লইয়া। হ্যালো! আইচ্চস নি তুই? আইচ্চস নি? নাস্তা খরিয়া জিয়ো খরো, প্যারেগ্রাফ বার খরো, আমি আইয়ার। স্যারের খাছে আছলো দুইয়োটা? হুম।",আইচসনেতআইনেইনা্তাফরিয়া জোহর অপারেগ্রেফবার রমেয়
test_sylhet_0615.wav,sylhet,"কই ফড়োইন? না, খালি সাকিব আর, সাকিব আর নুহাশ। ওউ সায়িমোর খাছে আছলা। খয়গু দিরা ইবার? এসএসসি? ইবার তো আছোইন বাক্কা। সামিউল, না সামিউল নায়, সরি। নুহাশ, মাহদি, সাকিব, রাইসা, তিন্নি।",কিবা নুা াকয়গ ধিরাই
test_sylhet_0616.wav,sylhet,"আর খে? আর নুহা। ওউ যে মজনু আঙ্কেল ওর মেয়ে ছুটুটা। হুম। জিয়োত আছে। মজনু আঙ্কেলেরও বলে ট্রান্সফার ওইগেলো? অয়, হুনচি, বেয়ানিবাজার বলে। আমরা ডাখাত আছলাম। আইয়া হুনচি। তে আঙ্কেলোর যে ফাউ ভাঙছে, জানোছ নি? ও, অয় হুনচি। আঙ্কেলের কিতা অবস্থারে? আঙ্কেলের আছে, আমি জিকাইতাম আছলাম এখোন তো প্লাস্টার মারিয়া গরো।",নুামজন েহঞ্ছি ৪২হঙকে লজ্জাপা অবাংনসান্টরিক দ্যবস্থার
test_sylhet_0617.wav,sylhet,তো ওখন কিতা তারিন ইখানোই আছে নি? তাই যার শনিবারে আইছে। আঙ্কেল তো ওখন মানে কিতা সব কিছু বিছনার মাঝে? না হাঁটিরা। আজকে সখালে <> বাড়িত গেছলা <>,ওখন্মু খি তা তারিনিকানে আছেনি দাইদালকে শনিবারাতুমেমন সবকিছু ইস্নেমা জ় টাবা়ি তারেখাসারকলা
test_sylhet_0618.wav,sylhet,"<> চাচা তো আঙ্কেলের বড় না ছুটো আছলা? হুম বড়। বড় আছলা। আঙ্কেল তো সবোর ছুটো। মানে দেখতে যে আঙ্কেলের লাখানউ আছলা। না তাইন নায়। তাইন ওইলা তানীমের আব্বা। তান বড়জন। ও বুছছি। কিলা মারা গেলা, গেলা তে? তাইন সুস্থউ আছলা। হটাৎ মারা গেছোইন। <> তাইন ওয়াইফ আবার ক্যান্সার ওই গেছে। অনেখ দিন দরিয়া অসুস্থ।",ত আংকেরা বড় নস্ মানে দেখতে জানা কেলে লাখানাটাইনিয়ে াইনে লেখানিাসুস্থওৎওয়াইফাবার ক্যান্সারঅনএকদিনধরঅসুস্থ
test_sylhet_0619.wav,sylhet,"তারিনে আমারে কল দিছে। দিয়া খইছে আমার চাচা মারা গেছোইন। আমি খই রে বুল উনলাম নি। চাচা খইলো না চাচী। চাচী আরকি অনেক দিন তাকি উনিয়ার ক্যান্সার ওইছে। আর ওউ মারা যাওয়ার ফরোর দিন তারা আবার গেছোইন। রাত্রে আইরা একটার সময়। আর বুলে কুনু এখটা কাজের মেয়ে নানি ফানিত দিলাইছে। তারা বাড়ি একটু উঁচা। গেছলে নানি তারা বাড়িত? সিঁড়ি দিয়া যে উটা লাগে? হুম, হুম, হুম। আর ওনো খে ফানি ছাড়ি দিছে খাম",তারিনে রমার কল ে দেয়া হয়েছে আমার ছামাে আমি হরে বুলুন সাফা হলে নাআাইকেঅনে দিন থাকে ওমারাদর ফরার দিন তারা আবার ছ় রাত্রে ইরে কটার সয় ল্যা কোনেটা হাজর মেয়ে নানি খানি দিলাই তারা বাড়িওটুগেসলে না া ছিানি
test_sylhet_0620.wav,sylhet,"আর এখন তো মেগের দিন নায়। তান আর বুঝরা নায় ইনো ফানি-টানি তাখতো ফারে। তান, তান নরমালিউ আঁটিয়া আইরা। হুম। ফিছলা খাইয়া ফড়িয়া আর ফাও বুলে ফাও দি ছাইছলা আটকাইতা আর ফাও গুরা খাই লিছে। ফাওর যে ইয়োর গুড়ালির হাড্ডি ফাটি গেছে। <> তে এখন কিলা চলে মানে আঙ্কেলের দেখা-শুনা কিতা আন্টি ওই নি? আন্টি তো",নতব মেযাগর দিন না তানার বুজরা নাই ানিটািত রমাুযউলে ফাউদি সাইসলা খাইতার ফাউগুরা া্যেজির গুড় ালীর হারতিতখনকিনা সলমানে অ্যাঙ্িনের দেহাশোনা তাহিনটি ইনিয়ন
test_sylhet_0621.wav,sylhet,"<> ওত্তো আছোইন নানি তারা ওত্তো তারিন, জেরিন আছোইন। <> জেরিন বর্তি-উর্তি ওইছে নি? না, জেরিন ইবার দিতো <> তাই তো আইয়েল্টস খরের আর কিতা মেডিকেল আবার দিছে ওইছে না। হুম। ওখন উনছি ডেন্টাল দিতো, নার্সিংও দিতো। তাইরে <> আইয়েল্টসো বর্তি ওই গেছে নি? ওয়।",তো আসল নেন াভিনুর্তুতুজেরিলিবার দিতেতাইমেডিকেল আবার দিে জে ডেনথাইেনায়ের সভর্তে গেছে
test_sylhet_0622.wav,sylhet,<> প্রায় শেষ আইয়েল্টস কর্ণারো। ওই যে গুলাফগঞ্জের? হুম। বালাউ আইয়েল্টস খইরা রাখলে বালা। এখন আইয়েল্টস এর ডিমান্ড বালা। আমি খইয়ার দেখি সেকেন্ড ইয়ার জিয়ো থার্ড ইয়ার ফরে কিতা খরমু অনলাইনে <> মুড নাই খারণ ইন্সট্রাক্টর হিসাবে কিতা খরা <> ওয়,গুলকঞ্হইে আসলে কায়ের দেখে ছাগেনিয়ার থাঁটিয়ার পরে াইনে ািাডে অন্ত নাইডাকট হি
test_sylhet_0623.wav,sylhet,"ইলা তো দর কিতা ওইলো এখবার <> জয়েন খরিয়া আইছে। আবার স্টুডেন্ট হিসাবে যাইতাম কিলা? আর স্যার তারা স্যারে উজ্জ্বল স্যারে বার বার খইছোইন। চিনোছ নি উজ্জ্বল স্যাররে? হুম, হুম, হুম, হুম। <> বুছছি। স্যারে মায়া খরতা <> ওয় স্যারে এখদিন খইছোইন <>",ইনহতও দর্খিত ইল বাবা ওজয়ন হরিয়াইস্টুডেন সা়েউজ্জসারেফাইা গবে েঘকানআসারেিনহইছেন
test_sylhet_0624.wav,sylhet,ইগু যে ট্যালেন্টেড। ফরে আরখ জন যে আছে সোনিয়া? হুম। পিয়লের ফ্রেন্ড। তানরে সোনিয়ায় আরকি দেখাইরা যে আফনারা ব্যাচোর নি? ফরে সোনিয়া মিস আমারে দেখাইয়া না ওউ ম্যাম তারার।,আরকজনসনিয়া তিমরা জপিএলোর ফ্রযন ওটাইনরসোনিয়ারারকে দেখাইরা এনরমেন আপনারা বেছ করে সোনিয়া মিতাইনহইরা আমার দেখা
test_sylhet_0625.wav,sylhet,"ফরে আমি <> না, অপিরে দেখাইয়া আরকি খইরা হগু সোনিয়ারে খইরা আফনারা ব্যাচোর নি? ফরে সোনিয়ারে খইরা <> ফরে আমারে খইরা <> এর বই বাইরোইবো মনয় এখটা।",না অপিরে দেখাই আার কেহইরা সোনিয়ানিয়া খইা আারএমাইএর বই বাইরি
test_sylhet_0626.wav,sylhet,"খবে? ছাব্বিশো। <> ফরে জিগাইছলাম, ফরে খইছিলো ছাব্বিশ সাতাইশো। ছাব্বিশ সাতাইশোর কাহিনী ওখোন। আরো এক বছর <> তাইর বোইন ছোট এখটা না তাইর না। তাইর কাজিন এখটা <> বিয়া ওই গেছে।",২ি০ফিডেল াজর হরতাল মি ও আমি আমাখানে মাতাতাই তাখে জানে ইদানি নিমা জ ফরে পিকিরি জিগাইসলাম ২ সা চাতিদের কাহিনি এখন ভুদ্ধি হাবুন্িটরাইাই া
test_sylhet_0627.wav,sylhet,"উম। খার বে? ঝুমার যে। ঝুমার কাজিন এখটা। তাইর আবার ওইছে। আইচ্ছারে <> ভাইর যে বিয়া ওইলো <> লগে। এরা ফরিছিত নি না? ই না, <> মোটামুটি এরার ফছন্দ খরের।",অশুভবা়িতে বিল বুসরার লগে তাে পরিতনিনাইনাইবদেশ থাশি উমটম টেরার
test_sylhet_0628.wav,sylhet,"ইতা হিসাব খরিয়া, <> ফছন্দ খরিয়া নেওয়াইছোইন। আর বুশরার কাজিন একটা তানিয়া আমরার কমার্সো মনয় আছিন। তাইরও বিয়া। আমরার লগোর প্রায় মানুষোর বিয়া ওই গেছে।",িেখিয়ে পছন্দ হলে ফেরার কেইলাে বুসরাজ্যে আরেকটা কাজীনত তামি়ে আমরার কমার সলম আতাই রবি গু প্রায়
test_sylhet_0629.wav,sylhet,"<> পিনা যে, হুম পিনারও, পিনারে ছিনোচ<> পায়েল আফুর ওত্তো মেবি। অয়, অয় পায়েলোর জামাইরে নানি আমারওউ যে বরো ইচ্চা আছিল দেখতাম। আমি খইয়ার তো পিকনিকো যাইবা দেখমু। আল্লা এখন হুনি তারা হটাৎ গেছোইন গিয়া। পিয়েল এরা আয়-টায় নি <> না ওউ খয়দিন আগে আইছোইন তারা।",পিনালে পিনার পনালায়ইবড় ইচ্চাের দেখতাম ম়াল ত পিকি নিকোজাইবা াৎ ফিেলের আয়ানাও হয়দিনা
test_sylhet_0630.wav,sylhet,"যে পিকনিকোর খয়দিন আগে। আমি তো খইয়ার পিকনিকো দেখা ওইবো, দেখমু। ইগু আগের লাখান আছে নিবে? মানে দেকছোচ-উকছোচ নি? মাত-উত ওইছে নি? ও আমি তাইরে দেখছলাম গতো পিকনিকো। এখবারে ছিকোন ওই গেছে। আর ইবার আর দেখছি না। আর আরো সুন্দর ওইছে।",িনিকটহযআাত সঙ্গ তপিকনিারিসি কনই সুন্দর
test_sylhet_0631.wav,sylhet,"আচ্ছা যাইওউক, এখন তো তাইলে যাইতেগি না? হুম, যাইগি। সাকিবরে ফড়াইতে যাইয়া? অয়, হে বেচারা ফড়তো নায় এমনে, খালকে কিতা ফরীক্ষা? ফরে দেখবে আমার দুষ। খালকে নায় ফরশুদিন, ইংলিশ ফাস্ট পেপার। তাইলে যা। দুয়া খরিছরে বইন। ওকে, দুয়া খরি। আল্লার হাওলা। বালা ওইবো ছিন্তা খইরোনা, ফাস করিলিবো, ইনশাআল্লাহ। এখন বালাভাবে ফাস করানির ছিন্তা আরকি খরতায়।",পশ্ন্ত থালীকা ইতি দিনা সাকিউরে ফরাইতিরতনা়িুমআলটোলিা রো ফাঁস করভালভাবে ফাঁস রে
test_sylhet_0632.wav,sylhet,"ওখটাও। আর শিক্ষার কারিকুলামো যে চেইঞ্জ আইছে এখন বচ্চা-খাচ্চা নাইনোর ইতার বুলে জিয়ো মাত্র খয়টা সাবজেক্ট। সাইন্স, আর্স, কমার্স ইতা তো নাই ওখন। ওখন কিতা পজেটিব ইম্পেক্ট ফরবো না নেগেটিব, বুজা যার না আসলে।",ষার কারিকোলাম েইনরিতারবুলেজও মাত্র হয়টা সাবজেকট সাইন্সার্স কোমার টিদিত পজিটিভ ইন ইমপযক্ট পর্বনা নিগেটি
test_sylhet_0633.wav,sylhet,"এরমাজে <> চেষ্টা যদি যেহেতু সবার হাতে হাতে স্টুডেন্ট এরার প্রযুক্তি এরলাগি মেবি, কিন্তু কতটুকু ফলোপ্রসু ওইবো ওইটা খতোটুকু বুজা যার না বালা ওইবো ওখটাও। আচ্ছা। যাইগি? অয়, যাগি।",রেলা যেহেত সবার হাথে রিস্টুডেন্টারার প্রযুক্তি এলাগি মেভি কিন্তু কতটুকু ফলকই টাবদ্ধ া
test_sylhet_0634.wav,sylhet,"অয় অয়, বালা আছি। খই যাইন? ওউ ওনো যাইরাম। ময়লা ফালাইতাইন? উম, ময়লা আমি ফালাইয়া আইয়া ওনো আই। আফনের বড়ো বইন নি দাদু? বোউ গিয়া। বড়ো বইন <> ওও, আচ্ছা গো -আফনে আইন আমরা উবাই। <> আফনার নাতি যে মেয়ে যে তাই ওইলে বালা ওইবো।",খইরাআনা বড় বইন্ন দাদু আাতা আপনি আইন আমরা হভাই
test_sylhet_0635.wav,sylhet,"যে নাতনী দেখলাম, তাই মাতেনি না শরম পাইবো? <> প্রেশারে, প্রেশারে <> আর প্রেশার বাড়ি",যেনাতনি দেখলাম তাই মাতেনে না সরল ভইব ধুনি আখাঘপেসারেসা
test_sylhet_0636.wav,sylhet,"হার্ট অ্যাটাক খইরলিছে, বিয়া টিয়া খরছে না। খম বয়সী তাইলে। ওখন নাতিন তিন জন আর আরেখ জন <> সরখারি ছাকরি খরে। সবে বিয়া খরলিছোইন।",গাটিম্য়সেহন্নকিরবে হ়েছ
test_sylhet_0637.wav,sylhet,"তারা কিতা যৌথ নি? হুম? তারা কিতা যৌথ নি এখ লগে তাখে নি? তিন জন এখ লগে তাখে আর বড় জন আগলা। <> ডাখতর, বুচ্ছি।",তারাে তা যৌথনে তারা কোতা যৌথ নি ়াপ্লগে তাহনি হিঙুয়া
test_sylhet_0638.wav,sylhet,বালা আছো নি তুমি? হুম। তোমার নাম কিতা? <> তোমরা দুই বোইন নি? <> ছাছাতো বোইন। কিতা খরো তুমি? ফড়া লেখা খরো নি? <>,োখরাতি রা আহরণেিজু
test_sylhet_0639.wav,sylhet,<> ফড়ো? খই ফড়ো? <> কিতা খরতে বালা লাগে বেশি? <> ফড়া-লেখা,স্ট্রিপট লতিতা করতে ভালো লাগে বেশিলোতাকর কাধরে লখায় গা যায়াও
test_sylhet_0640.wav,sylhet,"আর্ট খরো। গানও শিখো নি? গানো যাও, আর্ট খরো খও না খেন তুমি। গানো যায়। ড্রয়িং বালা লাগে। একটা গান শুনাও তো। <> এরা রেকর্ড করতাছে। <> গাইলাও।",িকা ায়াআড্রহিংবাি্রান ভারও দুজনগানশন তো মুগদিমা রেকরজরমে লেগাইলও
test_sylhet_0641.wav,sylhet,"গাইলাও একটা <> গাও, গাও। কিতা গান মানে এখন স্বর লিপি শেষ নি? মুখে খও। এম্নে খইলে ওইবোনি? তারা রেকর্ড খরিয়া নিলা।",গাউদসিে রািকে গ় এখন সরলি পিশেষ নিয়ে ু কল্লগ্য হগয হিল কর গ্ন কলেই িতারা ভিত
test_sylhet_0642.wav,sylhet,হারমনি বাজানি শিখছি। <> আমরা <>,এমন ওইবারািাবাংার দাগাে চেকা
test_sylhet_0643.wav,sylhet,"<> তুমি কুন স্টেইজো আছো মানে কিতা, কিতা শিখো ওখন গানো? গানো <> স্বরলিপি শেষ খইরা, <> গান খয়টা তুলছো? একটা গান খইরালাও। গান এখনো দিছোইন না। <> সিলেটি ভাষায় মাততায়।",ঝুমি কুনস্রেজো আত্র মনেক কি তাকে তাশি রা হওয়া সহালে বিশষ্ কুরস্কার মালিকাসেস্ফেল্লিরায াহ৮ত ােপারে থাকছিলেটি পস্থিল েটি মা বাচা মাত পায়
test_sylhet_0644.wav,sylhet,"<> মায়া লাগের না? মাতিলাও, মাতিলাও। তোমার বাবায় কিতা খরোইন? মা কিতা খরোইন খও ওলা। <>",াই া খালিমাতাদিমাোমবারকিকা করেন মায়াকিতা করেন
test_sylhet_0645.wav,sylhet,আর মায়? মায়ও ছাকরি খরেনি? আমার মা গৃহিণী। তে কিতা খরো তে তোমরা কিতা খইরা সময় যায়? <> সারা রাইত <>,এধখরা সারাদিন তোমরা কেঁদাখালাতোলা ফরথিলেন সময় যায় ে
test_sylhet_0646.wav,sylhet,"তোমার দাদু নানি? হুম। দাদু নিয়া কিছু খও দাদু কিতা খরোইন? সখালে উঠিয়া ঘর ঝাড়ু দিবা, উঠান ঝাড়ু দিবা। ই বয়সে ওতো খাম খরতা ফারোইন? তুমি হেল্প খরো নি? মাথা দিয়া না মুখে খও।",াধুনানতাধুন নিয়া কিছু এইবয়সে তকা মতযাবানয ল ুনি
test_sylhet_0647.wav,sylhet,"<> স্কুলো যাও, ফড়াত বও এই খরি, সেই খরি। খইলাও, <> যেছা একটা খইলাও, খও।",কুরাই স্কুলো গাও ফোরাতএেকরি সেই রি খতাুদেহুলগি ো ঘান কইলা েতাকান জানা লোবনে হল
test_sylhet_0648.wav,sylhet,"এমনে খও ছট ফটাইয়া খও। <> আমার দেশের মতন এমন দেশটি কোথাও আছে, বউ কথা কও, পাখি ডাকে নীল তলি জল গাছে, নীল তলি জল গাছে। আমার দেশের মতন এমন দেশটি কোথাও আছে? দোয়েল কোয়েল কুটুন পাখি বন বাগানে",চটবটাই হর াইেমতুর পশ্নেশটে কোথা পাছ বু কাথাকাও পােতাকেনিরতোহিতালে দাখিনিতোহিদা়দা আছে আমাদেশের মতোলে মরি দেশটি কোথাও য়াছে দুইলকইরকটুমে পাি করে বাথাদ
test_sylhet_0649.wav,sylhet,"<> আইচ্ছা দাদুরে খইলাই আফনে তো মনয় যুদ্ধের সময় আছলা <> খইলা। যুদ্ধের সময় মুক্তিযুদ্ধের সময় <> ওয়, ওয় ওখন কিতা কাহিনী খইন। কাহিনী, ভোলাগঞ্জ <>",তাবুরোধিকাই় আপনিতম নৈম যে যুদ্ধের সময় আস্লাদাদ হইলায় িুঠাতকিতা মাে এ কাহিনী হ়নেটনুখলক থেকেযুকাইনি োলাগুাগুলাগুলিওজে দৌড়াদ়ীয করছি
test_sylhet_0650.wav,sylhet,"ইন্ডিয়াত গেছি <> ইন্ডিয়াত কেনে? ওউ মারামারি খররা, রাজাকাররা মাররা। ইন্ডিয়াত কিতা নৌকা দিয়া যাইতানি? না এম্নে, এম্নে ফার ওইয়া যাইতাগা। এম্নে ওম্নে গেছি, গাড়ি-গুড়া দিয়া। সবাইরে লইয়া। বর্ডার খোলা আছিন।",ন়ারগেছি অনুলকাইস গও যুদ্ধরা্রে হনুক্তারামারি রাসবে মার আছেন াে মারনা এই গিয়ারিােলা নৌকা ডেবেইতাগি নাএমনম ফারেএেমনেমনে গেছে াড়িরা োাোলাখুলা
test_sylhet_0651.wav,sylhet,"বর্ডার খোলা আছিন, বোর্ডার রাস্তায় বাস্তায় <> ফরছে ওতা ফালাইয়াই গেছোগা মানুষ। আফনারা কুনু সময় ইতার শিকার ওইছোইন নি মানে এরা আক্রমণ খরছে নি আফনেরার উফ্রে? খরছে আক্রমণ, আক্রমণ খরিয়া",রাস্তায় রস্তায়ও কঠন্যায় করতেভিচার করছে টা ঠেলিয়েও েআপনারা কোন সময় গোলার শিকার ঐইশুনি মানে এরা কোন আক্রমণ করছেনে আপনা
test_sylhet_0652.wav,sylhet,"<> ইখানে ওউ গাও তাকি ওউ গাও আইছে ফাঞ্জাবি। <> দেখাইয়া দেয়, রাজাকারে দেখাইয়া দেয় নানি? ইখান তাইকা গেছি।",নে ওগাওটাকেৌগা কাইতে থানদাবিদেউেনহমাইকে তো দেখাই গেবে রাজা খারে দেখা যেলাই়করথাপাখি নিয়ো করিয়া গেশ
test_sylhet_0653.wav,sylhet,"হুম। ইন্ডিয়াত গিয়া খই তাখছোইন তে? ইন্ডিয়াত তো ঘর বানাইয়া <> শরনার্থী হিসেবে। তে খষ্ট ওইছে তো। <> আমরা সখালে নাস্তা খরতাম, ডিম খাইতাম।",রেইডিগঞ কুইতাক্ইনডিয়া তো ইতা গরবাইয়মনার্তিশিফে দিমাু ানপিজন হাওয়া যাওয়ায় োখাওয়াদে অর্থকষ্ত
test_sylhet_0654.wav,sylhet,ফ্রতি দিন একটা ডিম দেয়? হুম? ফ্রতি দিন একটা ডিম দেয়? ইন্ডিয়াত খতো দিন আছলাইন? ইন্ডিয়াত আছলাম নয় মাস। <> নয় মাস আছলাম। নয় মাস। <>,কতদিন আস্তানিকতদিন আস্তানিগিনগাক কতদিন আসলা বিয়া াে
test_sylhet_0655.wav,sylhet,ও আর বাড়ি টাড়ি আফনেরা নিজেরা খরছোইন? হুম। আফনের ফুত্র বধু আইছোইন নি? এখ জন আইছোইন। <> কিতা খরে? মানে ছাকরি তাইন কিতা খরে?,এরআর বাড়িটারি আপনারা নিজেরা লা রআপনার থবধু আইছুনি োকিতাকরণ মানে তাকিস্তাইনকি তাকরন জেন সাহরির
test_sylhet_0656.wav,sylhet,"বউ? বউয়ে তো কলেজো লাইব্রেরিত খরে। আর জামাই অফিসো তাখে, কলেজো এমসি কলেজো। হুম। আর দাদুর কিলা সময় যায়, কিতা, কিতা খরোইন আফনেরা নিয়া খোইন? হুম? আফনেরে নিয়া খইন কিলান আফনের দিন যায়।",েতফোইোওরদা ধর পিলা সময় যায় একটাকরে নাক়নকন লিরবা আপনারা নেয়া হয়েন তিলার আপনার দিন যায়
test_sylhet_0657.wav,sylhet,"আমার তো দিন যায় <> এই সেই নাতি নশার সাথে কাইজ্জা খরি, মাইর খরি, শাসন খরি।",আমার তো দিনজাতো তারাগিয়ে চাকরে হোটা পেনশন বা তা ভাই এই তা রিবাআানাতিনাথালদের ব্যবার করি কার্যাকরি ানাতুনে কা দিদে ব্যবহার করে খারযাকরি ব়ন পদি শাসল
test_sylhet_0658.wav,sylhet,আগের আমল আর ওখনের আমলের ফার্তক্য খইন কিছু কিলা লাগে? হুম? ফার্তক্য খইন মানে কিছু ফরিবর্তন।,আগের আমলার এখন আমলে মাধে পার্থ োপয়েন কিছু আনেখিলাম লা যুগে পার্থকিমানেকিতা পরিবর্তন থক দেখই
test_sylhet_0659.wav,sylhet,"আফনেরা সময় তো ছোট বেলা এখ রখম আছিন। ওয়, ওয় ওখন তো দিন কঠিন ওইয়া যার আগে তো ওখন তো <> আর ওখন যাইবারগি সময়।",নার সময়তো একটা ছুটবেলার সময়ে এখন ন ডিন্ডিন ঘোচক ষঠিন ইয়া দাঁডার আগে তক ত শুকরশুকর দিন গেছে ইয়া জঙ্তলর্টাই বািশেলো
test_sylhet_0660.wav,sylhet,"<> আছি তবুও মোটামুটি। <> যা, জলদি <> বালা ফায়।",ই১ইা ন চেষ্টা নেয়া হুজিত দিলা
test_sylhet_0661.wav,sylhet,খইলাও। <> আমরা ঘরো। আরেক বাড়ির নিতা?,াও আমরা আরেকবারেনি তা
test_sylhet_0662.wav,sylhet,"তে ই সনাতন ধর্ম তো দেখা যায় বেশ কয়েকটা বাড়ি আছে, আফনে নু খইলা। ফাঁচটা খইছি। ফাঁছটা খইছোইন। ওউ টিলার উফ্রে এখটা, টিলার নিছে এখটা আর ওউ ঘর একট। আর তারা ঘর, তারা তো বাড়িত নায়",েযে সনাতন ধর্মত তাইলে যাহাটা বেশ কয়েকটা বাড়ি আারএঅটিল
test_sylhet_0663.wav,sylhet,খালা লাগবা কে তাইনরে তো খালা খওন লাগবো। এখন না তাইনের লগে মাত ওইছে না। <> তাইন সিলেটি না? না। <> আমরাও বুঝি না।,তাইন খালা লাগবাতে তালত খালা হআরা ়াইএখন না তানি নিা হিন্ুেন রামােকিনানা
test_sylhet_0664.wav,sylhet,"<> ছেলের ঘরের নাতি ডাক্তার ওইছিন। <> আরো ফরে ইও ওইবা সার্জারি। ওউ বড়ো মেয়ের ঘরের নাতি প্রফেসার ওইছোইন। ওয়, প্রফেসর। কানাই ঘাট কলেজোর প্রফেসর।",েলের ঘট নাতিডারনারপরিকাও বড় মেয়ের গলনাতিয়া গুপ্রবছানা
test_sylhet_0665.wav,sylhet,"তান বউয়াইন আছোইন শিক্ষিত, শিক্ষায়, দীক্ষায় <> আমরারও বউয়াইন আছোইন শিক্ষায়, দীক্ষায় <> আর ওখন তো দুঃখোর দিন আইবো, সুখের দিন তো গেছোগি। সুখের দিন তো গেছেগি এখন তো দুঃখের দিন আইবো। দুঃখে, সুখে আছি",থানও পার বয়াইন আছে শ্বিকৃতসবড় শিক্ষারদিক্ষার আছে আমরারভুবিকৃ াই রখনত বুড়া সময় দুকর দিনু াইব শুকর দিন মানধর শুক্ষবার দিন গেছে জনতা দুক্কর দিন বুকের শুক্কে আছে
test_sylhet_0666.wav,sylhet,"না, বালাও তো যার, আফনে তো ওখনও শক্ত সামর্থ্য আছেন। নাতি নাতনি লইয়া। ওয় নাতি নাতনি লইয়া আর তারার ওউ <> ব্যামার আছলো মাউন্ট এডোরাত ভর্তি আছলা। আমরা বড়ো নাতি তাখে মাউন্ট এডোরাত।",ালত যার আপনি তেএখনও শক্ত সমর্থাওয়নাতিনালইয়াচি শুখের এরআরপিতি পুলেতৈক ারারহয়তা কেল দে ব্যামারা্লাবং মাউন্ড
test_sylhet_0667.wav,sylhet,নয়া সড়ক। নয়া সড়ক ভর্তি আছিলাম। ওউ ওলা আইছি বাঁছিয়া ওখন আবার এই মতো আছি <> ইগুর মা কলেজো।,ইয়াসা তাবলাএকিবাযকনোমএই মত আসি
test_sylhet_0668.wav,sylhet,"তাইর মা কলেজো। লাইব্রেরিত তাখোইন তার মা। হুম, তে আফনেরা যে যুদ্ধের সময় ইন্ডিয়াত আছিলা ই সময় আফনের বয়স কতো আছিলো? এখটু <> বয়স ওইবো তেইশ <> বয়স তেইশ <>",মাকলএইল আপনারা যে অমরমানের যুদ্ধ সম় ইন্ডিয়া তাস্লেশণা আপনির শ এত বয়স রইব খিসকি শেষ হয়ছিবয়স ছি ফয়াছেরে
test_sylhet_0669.wav,sylhet,"আফনে মানে হাউজ ওয়াইফ নি? আমার ছোট বেলায় বিয়া ওইছে, তেরো বসসরো বিয়া ওইছে। খম বয়স, তেরো বসসরো। তেরো বসসরোর সময় <> ওয় ওয়।",নিমনে হালগাইখনি আমার ছুটবেলা বিয়ে রব চের বিয়ই১৩ বচর
test_sylhet_0670.wav,sylhet,"আর তার দাদু, তার দাদুয়ে ছাকরি খরতো আশি টেখা বেতনে কলেজো। এন তাকি আরি, আরি ফেনশন ভাতা আর তিন আজার দুইশো। ছাকরির বেতন তাকি ফেনশন ভাতা বেশি।",ন ধার দাঁড়িয়ে সাকারি করথা ৮স থাকােএর চাকিয়া়িয়ায়াতব্ংসন আইন ৩২১চেয় প্যংশন মাতা আমি ৌসাকরি জীবন তাকে ফ্যাংশন বাতা
test_sylhet_0671.wav,sylhet,ফেনশন তো সারা জীবনও ফাইবা নানি? যতো দিন আছি বাঁচিয়া? যতো দিন বাঁচিয়া আছি। আফনে না তাখলে আর কেউ ফাইতো না? ছেলেরা বা। না আমি ছাড়া কেউ ফাইতো না।,সর সারা জীবনীভেবানানি যতদন নাসিবাসিয়া যতদিন প্রাণ আছে কতদিন বায়ু প্রাণ নাইনাই ফরকিতাব মানে আপনে আকনা তালেখিতা পেন বন্ধুই জীবনী না া গেলে আর খেউ হই বাজে আ
test_sylhet_0672.wav,sylhet,অথচ স্বামীর ফেনশন ওতো দিন স্বামী আছিলো স্বামী ফাইছে তারফর তার স্ত্রী ফাইবো। <>,অ সামহীর ফ্যাংশন অতদিন আছি রাখামি ফাইকে সারাগে াকাখে হাইব আরও আ়কবাজোআমার ছুটরা ছেলের লেটিনি
test_sylhet_0673.wav,sylhet,"<> ও আচ্ছা। আর আমার ছোট ছেলে ডিসির অফিসো ছাকরি খরে। আর হে, ডাখতার ওইছে যে নাতি খইলাম তার বাফো হেলথো ছাকরি খরে।",া আমার ছুট ছেলেই ডিসির অফিআগের নাটেবইনা ডাক্তারেইচে তার বাবে হেলফো
test_sylhet_0674.wav,sylhet,ছাকরি খরে। তো তাইনরে কিতা ডাখন যাইবো? আন্টি ডাখি। <> বালা লাগের না। তাইর বালা লাগে না। বালা লাগে খালি কিতা,বোপেন্ডা কাতা টাখনদে বানতে বো
test_sylhet_0675.wav,sylhet,"তো আন্টি আইওইন, ই দিকে আইওইন। তো আফনের বিয়া খতো বছর ওইলো? বিয়া দশ বছর। আর ফড়া লেখা আফনার? <> ডিগ্রি কমপ্লিট খরছি মাস্টার্সো আছি।",তআল্টিয়াগেন এদিকেইবযর এখন দেয়কবস্তরিলর করা লেখা আপনার
test_sylhet_0676.wav,sylhet,হুম শিক্ষা জীবন নিয়া খইন খই কিতা খরছোইন কিছু স্মৃতি টিতি? ইন্টার ফরীক্কার আগে তো আমার বিয়া ওইয়া গেছে। বিয়ার ফরে <> ওনো আইয়া দিছে ফরীক্কা। মানে আমার বিয়ার এক মাস ফরে আরকি ইন্টার ফরীক্কা দিছি।,শিখাজীমন নেকট কোনফয়িকেতা ফর্ছন আপনার মি সময়ে কিছু স্মৃতিটিতি ফ্র্যানডানা দে়া করেন নইযা
test_sylhet_0677.wav,sylhet,ফরীক্কা তো বাচ্চা ফেটো লইয়া আমি ইও খরছি <> ফরে মাস্টার্সো আমার ছোর মেয়ে ফেটো আইছে ফরে খরতা ফারছি না। ফরের বছর খরছি। <> কন্টিনিউ খররা।,া্ারমাশকমে আইছেএখন অস্টার্ট মানে কর্রাখনটিনি তালা
test_sylhet_0678.wav,sylhet,"না, এম্নেও তাই একটু ওনেক বালা মানে ফটু আরকি। বাচ্চারা মানে মায়েরা শিক্ষিত ওইলে বাচ্চারা বালা ওয়। তো আর কিতা এম্নে দিন কাল কিলা যার। ওত্তো বাচ্চাইন্তোর সাথেও যার, জব টব তো ফাইছি না। ছেষ্টা খরছি।",নযাডবেইও তাই তমে অনেক বালা মানে পোটোয়ারকে খুব আপনারামায়া রাশিক চিতর াকের বার্তাে দেয়া যায় আর কিল আফনের মানে সময় দিন খিলা যায় সারা দিনকে্প্তহনো
test_sylhet_0679.wav,sylhet,"আছি আরি বর্তমানে। বাচ্চাইন্তরে তো ছোটটারে স্কুলো ভর্তি খরাইছি না, অক্ষর শিখানি লাগে সামনের বছর খরাইমু। মানে ওতা খরিয়াও সংসার ছালাইন। তারার ফড়া লেখা আফনেই খরাইন।",রা তস্পূলবতরাছন াযস্থরাকেছিতাহলেও ংসার যায় তারার ফয়লা ফাপনে ফ়ন
test_sylhet_0680.wav,sylhet,"হুম তারার স্যারেও ফড়াইন, তারাও ফড়ায়। টিচার আছে। <> স্যার আছোইন। ইস্কুল বন্ধ। ইস্কুল বন্ধ। <> আচ্ছা তে মানে আন্টির ইচ্ছা কিতা এখন? মানে",ঘলকার গমে আনটির ইচ্ছা কিতে এখন মানে
test_sylhet_0681.wav,sylhet,"কেমন জব ফাইবার ইচ্ছা? <> খরার ইচ্ছা? ওখন তো আর বয়সো তেমন নাই। এখ বছর আছে আর। <> সংসার খরিয়া, ফড়া-লেখা খরিয়া চাখরী ফাওয়া তো খতো খষ্ট। <> বিয়ার আগে ওইলে তো <> সময় দেওয়া যাইতো। এখন তো সময় দেওয়া সংসার খরিয়া বাইচ্চা-খাইচ্ছা লইয়া তো সময়ও দেওয়া যায় না। <>",কেমন দকষাইবারিচ্ছেফরা নিচ্ছে পথন্তর বয়স তেমন না় বছর আছেরি়াড়া এলাকাতে
test_sylhet_0682.wav,sylhet,"<> তারার আকি বন্ধ নাই। শুক্র, শনি ইস্কুল বন্ধ তাখলে তারা হবাই যাইন গিয়া। <> সবতা ওত্তো এখ মা-বাবারও তো ইচ্ছা তাখে বাইচ্চাইন্তোরে মানুষ খরার, ফড়া-লেখা খরাইয়া কিচ্ছু খরার। <> হুম বড় ওয়ার। আরও বড় ওইয়া কিচ্ছু খরবো, ভালো খিছু। <>",খেনার আগে বন্ধ নায় শুকুসানে স্কুল বন্ধ থাকতা থারা হওবা় জানগে নাফেগানে জানি
test_sylhet_0683.wav,sylhet,"আর আফনের বাফের বাড়ি নিয়া খউক্কা খে, খে আছোইন? কিলান আমি আমার মা-বাবার গরের এখলাই মেয়ে। আমার বাই-বইন নাই। <> তাইলে ছুটোবেলা খেলা-দুলা খার <> সাথে খরতা? আমি? <> আমার চাচার গরোর বাই-বইনাইন আছে। ছুটো, ছুটো এরা।",র আপনার বাফারবাড়ি নেয়া হোকাখেএসে আছেন তাইলে ল খালাদুলা খারশাত হারাশাত হরতা
test_sylhet_0684.wav,sylhet,"হুম খরছি নানি দুষ্টামি। <> ওতোতা তো আর মনো নাই। <> বাফোর বাড়ি, বাড়ি যাইন-টাইন নি মানে কুন, কুন সময় যাইন? যাই ইস্কুল বন্ধ ওইলে। <> ডিসেম্বরো গিয়া আইছিলাম তারা যে ফরীক্ষা শেষ ওইছলো। বন্ধ <> যেদিন বন্ধ ওইবো ই সময় বাফের বাড়ি আর",বাফরবারুবাড়ি জাইনটাইন নিমানেঅনকোন সময় যান ন্৯ ২ডিসেম্বরও গিয়াছি
test_sylhet_0685.wav,sylhet,"বাচ্চারারে ইস্কুলো-উলো বর্তি মনে খর খরাইলাইলে তাইরে তো বর্তি খরাইছি না। আমি তোরে মারতাম, বুজছোছনি? সামনের বছর বর্তি খরাইলাইলে আর তুই আমারে মারতে। তাইরে লইয়া আইলে তুই আমারে মাইরা পয়েন লইতে। আমি তোরে ওয়ান পয়েন <> ওউতো বুজছি, বুজছি। সময় পাওন যায় না। <> তে বাবিরার খাম-কাজ শেষ নি? না আন্টিরার খাম-কাজ না ওউ <> রান্না গুছাইছি।",েবাবেরা সম্ভাব শেষ নে টে
test_sylhet_0686.wav,sylhet,আমরা দিতাম না বাংলা ইংলিশে বাংলা খরি। তেমনি আঞ্চলিক বাষায় দেখা যায় বাংলাদেশের এখটা এলাকাত গিয়ে ইও করা যায় না। কিতা কইমু। তে দাদুরো <> বউত্তা খইলাম তো ওনেক সময় নেওয়া ওইলো।,াংইংলিশে াংআনশিবি ভাষা দেহাতে বাংলাদেশ এতি গলকেগিইও করায়না তেতাদের র অনেক সমযই
test_sylhet_0687.wav,sylhet,আউযুবিল্লাহ হিমিনাশ ওউ সাদিপুর আমরা আছলাম জাগা বাড়ি আছিল। শাইত্বানির রাজিম। ইতা তো বাঙ্গি <> নিছোইনগা। ইতা নয়া ইও খরছিলা আর বিসমিল্লাহির রেজিস্ট্রারি-ওজিস্টারি রাহমানির খরছোইন না। আগে তো রাহিম মুখোর জবান ওই জবান। হেসে তো মাইনষে বেঈমানি খরিলায়। ওখন তো আর আলহামদুলিল্লাহি রেজিস্ট্রারি করছোইন না রাব্বিল আলামিন যার মালিক হেই নিছেগি। ওহ আর এরফরে রাহমানির রাহিম আফনেরা আইয়া খই তাকছোইন দেশো আইয়া? ওউ সরখারি খোয়ার্টারো। মালিকিয়াওমিদ্দীন ছাখরি খরতা <> তারার দাদায় ছাখরি খরতা। ওহ। সরখারি খোয়ার্টারো রইলাম।,নয়ারে প়ছে ন লেত নিকটজবানু জোগান েতময় ছবেই ওবরথানা ার মালিেএরফরনারা হইতাকুন দেশাইয়া
test_sylhet_0688.wav,sylhet,"ইয়া কানাবুদু <> গর বানাইলাম ই বছর। ওয়া ইয়া হুম কানাস্তাঈন। কত বছর দইরা দাদি ওনো? বউত বছর দরিয়া। ইহদিনাস সিরাতাল <> বউত বছর দরিয়া মুস্তাকিম। হুম ওতা, ওতা বাড়ি- উড়ি কিতা আফনারা আমার হরির আমলো সিরাত্বোয়াল্লাযীনা আন কাটিয়া আমতা আলাইহিম গেছোইন ওনো। ওহ। আমার শাশুড়ির আমলো কাটিয়া গেছোইন <>। তো আফনেরার গাইরুলমাগদুবি শশুরার তাকি ফাইছোইন। মাগদুবি আলাইহিম মানে শশুরও এমসিত কাজ করতা। হুম? ওয়ালাদ্দোয়াল্লিন খই শশুরও এমসিত কাজ করতা। ওয়। এরফরে আফনার আমিন জামাই হাজবেন্ডও। ওয়।",কষত বছর ধরেই তাবি বোবার দিকে আমনারা মিরলার শোরাস থেকে আপনারা পাইছেন মানুষ স় নে খাজকরতা ঐশুরে এনসের কাজ করতা াজামাই থাকবেন
test_sylhet_0689.wav,sylhet,"<> আগে তো <> বাইচ্চা-খাইচ্চা লইয়া সুখে সংসার খরছি। <> ফুয়াইন্তে লেখা-ফড়া খরছোইন। ফুরিন্তোরে বিয়া দিলাম। <> ফুয়াইন বিয়া দিলাম। <> নাতিরেও বিয়া দিলাম। <> ও ফুরির মা হুম ফুয়াইন্তোরে তাই তো বেশ বালা গান-উন ফারে। হুনছি আমরা। <> ফয়াইন্তোরে বিয়া দিলাম, ফুরিরে বিয়া দিলাম। <> ফাইলাম।",গেতরবারচাভারচালইয়া শুখে শংখা রিসাে নগরি ৪রপেন্ট পয়েন্টে লেখা হ়াুন চেরে বিাতিরবিয়াগিাওগুয়ানা র‍্যাম্বে বালা গান পানে চ্ছে আুয়ান্থরে বিয়াদিলাম ফুড়িরা বিয়ারলা াতিন সরে ফাইলাম
test_sylhet_0690.wav,sylhet,"ছুটো খালা কিতা ইচ্ছা আছিল? কিতা ওইতা আছলা? ছুটো বেলায় তো ফড়া-লেখা খরছি। বালা জব-টব খরার ইচ্ছা আছিল। <> তারারে নিয়া কিতা ইচ্ছা, স্বপ্ন? তারারে তো ফড়াইমু। ফড়াইয়া <> গান-বাজনাও শিখাই <> ক্লাসো যায়। মা-বাবার দায়িত্ব চেষ্টা খরার। ওতোটুকু তো খরিয়ার। ওখন বাদ বাকী তাইন, তাইন কিতা খরবা তারাই জানোইন। ওয় বালা <> ইচ্ছা তাখে ফড়া-লেখা খরিয়া <> মায়-বাফে যতোখান খরার ওতোখান তো খরবোউ। <>",ছোটবেলা কিতা ইচ্ছা আছে কিতাওইতা আসলাোলা জবদ পরারচাবা়ুবাইগোতারা এনািাুন ার দা় চেষ্টা কবিচাটালা পরালেহা হরিয়ামার বাসাজোতমান খলার অপখন্ত পরব
test_sylhet_0691.wav,sylhet,<> নিজোর ইচ্ছাতে। নিজোর <> মনোযুগ যদি তাখে ফড়া-লেখা খরার তে খরতা। <> মা-বাফরে তো আর ইয়ো <> আমরারে ফড়াইলায় না। <> সময় দেওয়া যায়। <> ফড়া-লেখা খরের।,মনোযুদধের তাধরা লেখা পড়া আকাকতার ইভাকা় ়াইলা
test_sylhet_0692.wav,sylhet,<> ফড়া-লেখা খরছি বা বড় ওইছি। <> কুনু কাহিনি আছে নি ছুটো বেলায় বেশি দুষ্টামির? দুষ্টামি তখন খরতাম না। <> মনোও তো নাই। বেশিরবাগ সময় মানে ওখনকু বাইচ্চাইন্তে যেলা দুষ্টামি খরের <> আর আমার ছেলে এখজন জুয়ান মারা গেছোইন। ওখন তো বাইচ্চাইন্তে মুবাইল বিয়া <> মুবাইল-টুবাইলও খম আছিল। আমরা তো খেলা-দুলাও খরতাম বেশি। ওয় ইস্কুলো যাওয়ার সময় তো গেছি। ইস্কুল তাকি আইতে খেলা-দুলা খরছি। <>,নকাহিনি আসে মিটল এলাোিউস্ামিত খবার চিন্তাচালা নামা খেলোগঞ্জন ারায়েযাওয়ার সঙ
test_sylhet_0693.wav,sylhet,"না, আমরা খষ্ট না, আফনেরারে খষ্ট দিলাম। <> অনেক সময় নিছি। <> জি, এমসি কলেজের। জি, আমরা এমসি কলেজেই ফড়ি। আর ইটা হচ্ছে একটা আঞ্চলিক ভাষা নিয়া একটা রিসার্চ আরকি গবেষণা। তো এল্লাগি আমরা বেশি, বেশি খইছি আফনেরা আঞ্চলিক ভাষায় মাত্তাইন। সিলেটি ভাষা আরকি। <> ফরে ইটা আমরা আবার লেইক্কা লাইমু আরকি। খতাগুলা লেখা ওইবো। আর থাকতো না। মানে রেকর্ডেড থাকতো না। <> ইতা কুনু সমস্যা নাই। আর এম্নেও তো আমরা গল্ফ খরছি। এমন কুনু ইনফরমেশন দরখার নাই। জাস্ট খালি আমরার শব্দগুলা দরখার। ভাষাগুলার বৈচিত্র্যগুলা দরখার। ওই যে মুবাইলো যেমন ইয়ো",মরা ঘটনা আপনারা এখনশ দিন আর নির সময় োিরি আএটা হচ্ছে একটা আঞ্চলিক ভাষানে একটা রিসার্চারি গবেণাপেন লাগে আমরা বেশি বেশি বইতে আপনারা আঞ্চলিক ভাষাযর ফেলেটি ভাশার আর থাকত া এবনত আমরা গল্প কর্ত এমন কোন ইনফরমেশন তরখান নাই যাস খালে আমরা শব্দগুলা ধরকার ভাষাগুলার বৈচিত্রলতামোবাইলে
test_sylhet_0694.wav,sylhet,এখান খইলে তিনখান বুজোইন। আচ্ছা দাদু আরও মাত্তা ফারবা নি? তাইন রে জিগাইন একটু টাইম দিতা ফারবা নি? দাদু তো বালা মাতোইন। <> দাদু আগের দিন নিয়া খইন। আগে কিলান,দাদুম আনুম আত্মালার বাগিতান্ডে যেখানি কটাইম দেতে হযর বাড়ি তা দত বালা মাতে আগের বিন্নি হন আগে ছিলান
test_sylhet_0695.wav,sylhet,তাইলে তো আফনেরা ব্যস্ত আছোইন। আইচ্ছা তে রান্দা-উন্দা খইরা লাইন। <> দাদু তে আমরা উঠি। আফনেরা আমরারে বউত সময় দিলা। আইচ্ছা বউত সময় দিলাম। খষ্ট খরলায়।,ত্ে আনদাগনতা ফেরালেন দাদু ে আমরাদ উঠি আপনারা আমনার বুত সময় জিলা কষ্ট হল
test_sylhet_0696.wav,sylhet,"খালা খইয়া খই। বউক্কা <> না, বই না। আফনেরার টাইম এম্নোই নিমু। <> আর আফনে মানে ই বাড়িত নানি, ই বাড়ির নানি? ওউত্তো ও গরোরউ। আর <> আফনেরা খয় জন মানে সদস্য? <> যৌথ ফরিবার। আমার লগে মাতি লাইন।",যনা বইনা আনার টাইম মনিনিমুআনেমানেইবাডরি নান ইবারি নানি কয়জন সদস্য
test_sylhet_0697.wav,sylhet,"আমরা মহিলা, মহিলা <> মহিলা লাগবো। তো আমরা ওউ আছি ফনডো জনের মতো। যৌথ ফরিবার। ওউ মাতিলাউ। <> তিন ছেলে, তিন বউ। তিন ইয়োর গরো <> আছোইন। <> সবোর গরোউ। তিনটা, তিনটা তিনজনোর গরো। বাইচ্চা আছে <> এখজনোর গরো দুইটা।",মহিনোি চেলেথিন বনািেন তটাতিনটা১লো দি
test_sylhet_0698.wav,sylhet,"তাইন মুরুব্বি? ওয়, আমার শাশুড়ি। তাইন শাশুড়ি? আফনের খয় ছেলে? খয় ফুয়া? তিন ফুয়া। আর ফুরি? ফুরি একটা বিয়া দিলাইছি। ওলা মাতো তুমি <> সিলেটি <> ভাষায়। যেমন দরো তিন ফুরি, তিন ফুয়া। তিন, তিন ফুয়া, এখ ফুরি। ওয়। তিন ফুয়া, এখ ফুরি বিয়া দিলাইছি। ফুয়ার বউ তিনটা, তিনজন।",পনা ফয়সালে ফটবল িআর তিফু়িতিুয়াুিু়িওয়
test_sylhet_0699.wav,sylhet,"ওয়, তিনজন। তিনজনোর গরো <> আটজন? ওয়, তিনজন, তিনজন দুইজনোর গরো। আর এখজনোর গরো দুইজন। এরাও তাইনের <> স্কুলো যার? হুম। খই ফড়োইন তারা? তারা <> এরা তো ইয়োত",নাতিনশা আটজন এরডতাইল নাতিনশা ফুলোযার ফই ফড়েন তারা
test_sylhet_0700.wav,sylhet,"ফাইমারি ইস্কুলো। <> আর আমার মেয়ে আছে এমসিত। ভাগ্নী আছে ইয়ো উমেন্সো। আঙ্কেল <> মাতলে বালা। <> মানে আমার মাতটাউ আফনেরা মানে সমজি লাইন। তারা তো গুছাইয়া মাততো ফারতো নায়। মাততো ওলাউ মাতের। হয়তো ওটাৎ খরি <> খারণে। ওয়, একটু হেজিটেশন আইচ্ছে আরকি। মাততা ফারবা। আমরা একটু, একটু টাইম নিলেই মাততা ফারবা। <>",আনকেরাডু হেসিটেশন চার মাত্র আর বানডা এটু একটু টাইম নিলিা
test_sylhet_0701.wav,sylhet,"আইচ্ছা বও আইয়া। <> ইখানোই থাকি নাইলে? <> ইখানোই থাকি। খাড়োইয়া, খাড়োইয়া মাতি আফনেরার লগে। এখেখজনের লগে ফ্রতমে। <> আফনেরে নিয়া খইন। আফনে কিতা খরোইন? <> মানে <> গরো বেকার।",এখানই থাকে নাইলে কেনই থাকে হারিে ারি়ে মাতে আপনার আগ্যাসএকজনে েসাপনিকেতা হরবেন ওমানে
test_sylhet_0702.wav,sylhet,"<> গরের খাজ তো খরোইন। <> গরের খাজ তো আছেউ। ওইটাই, ইটাই, ইটাই, ইটা বেকার কিলা? ইটাই তো অনেক। আচ্ছা এখন খইন আফনের খয় বাবু? হুম? বাইচ্চা-টাইচ্চা আছে নি? না, বিয়া ওইছে না। আফনের বিয়া ওইছে না নানি? না <>",রওএটা ইটা পেকার কেলা কই নআসনারা পরেবাব া
test_sylhet_0703.wav,sylhet,<> ই গরের মেয়ে? <> তাইনের বইন। <> একটু আগে একজনরে ফাইছি। মানে দেখতে ইয়াং। আমরা ভাবছি তাইন তো ফড়া-লেখা খরোইন। তাইনে খইন তাইনের দুই বাবু। এর লাগি আফনেরে জিগাই লিছি। না বুঝা যায় না আসলে।,১ক্রাগে একজনট্া ফাইসিং ানা বযখ্তিয়া আরতাইন্তু ফলালাকরণ দুাবুধা য়ে
test_sylhet_0704.wav,sylhet,"ফড়া-লেখা খরছোইন নি আফনে? ইতা সামাইন্য। সামান্য? ইখানো খয় বছর দরি আছোইন? ইনো তো ওই যার মনোয় চৌদ্দ, ফনডো ওই যার। জিগাইও ছাইন। মানে আফনের জন্ম, জন্ম তাকি? না, জন্ম তাকি নায়। <> তারার গর বানাইছোইন সরখারী কুয়াটার। বানাইয়া সব আইছোইন। মানে যারা ওখন তিনজনোর গরো ছেলে-মেয়ে ওইছোইন এরা জন্ম",এখান খবস্থদখানে আপনার জন্মরাত জন্ম থেকে নগন জন্য তিন জনে গরছে
test_sylhet_0705.wav,sylhet,<> বিয়া ওইছে এখজনের হনো আর দুইজনের ওনো। <> আফনের মেইন বারি কুনানো? আমরার মেইন বাড়ি <> বিশনাথ। খাটুয়া? <> বিশনাথের ওনো। ও হুম। তে এখন আফনেরার দর্ম হিন্দু <> সনাতন <> আচ্ছা ইখানো সনাতন ধর্মাবলম্বী মানে খতোজন আছোইন? ইনো খেউ নায়। আমরাউ এখবারে টিলার উফরে <>,এন ওআফনের ধর্ম হিন্দু সনাতন সনাতন ধর্মাঅবলম্বে মান কত
test_sylhet_0706.wav,sylhet,"ও তে তো ফড়ছো। <> বারো বছর ওইয়া গেছে। ইতা কিতা মোবাইলো তোলা নি? জ্বি আফনারা, আমরা খালি আফনারার <> নিমু।",াতুযে আপনারা আমরাখালে আপনা বয়সই ংরা
test_sylhet_0707.wav,sylhet,"<> খষ্ট খরার দরখার নাই। না, না গরে দি গিয়া বইবার লাগি <> না, না এম্নি মাতি লাই। তাইলে আমরার আবার আরও ডাটা খরা লাগবো। <> আচ্ছা আর খ্রিস্ট <> আছোইন নি তে? এক গর আছে। টিলার উফরে।",স্পষ্ট করার দরখারনাই িমাতিলাই তলে আমরারার আরো তাটা কালেকটআর খ্রীষ্টধর্ম্বলিম বলে
test_sylhet_0708.wav,sylhet,ওহ! <> বাক্কা দূরে আছে। এদিকে গেলে ফাইবা। আরো বড় আছে এরিয়া এদিকে। <> ফাইবা গরাইন <> হউ <> সারা এরিয়া গিয়া আফনার অলান আছোইন। আর আমরা <> অউ আছে আরোক ঘর। <>,আরও বড় আসেরিয়া
test_sylhet_0709.wav,sylhet,দাদু বইতা নানি তে? আমরা বইলে কিলা অয়? না আমরা আইতাম নায় অখন। আমরার কাজ আছে মনোয়। খাজ আছে। অউত্তো খাইয়া গেছোইন। ফাখালো আছিল নাস্তা। বাইচ্চা যে রইছে ইতা খানি <> অয় রান্নাবান্না। কিতা আমরারে একটু সময় দিলাইবার ফরে আফনেরা <> সমইস্যা নায়। এর লাগি কিতা অইলো? আফনার খয় বাইচ্চা? আমার তিনজন <> এখ মেয়ে আর অউ দুই ছেলে।,দাদুবুইধানানিতে আমরা বুঝিরা্না বান্নাকে তামরার একটু সময় দিলাইভার ্রাআপনার কর কবএকটা
test_sylhet_0710.wav,sylhet,"ওহ, আইচ্চা। আফনের বাড়ি খানো? বাড়ি তো আমার <> ফড়ছে। <> ইতা ছিনোইননি খিজানে? ওহ। সিলেটোর <> বিত্রেই তো? সিলেটোর বিত্রে অউ। সিলেটোর বিত্রে। আর বাফোর বাড়িও ঠিকানা লওয়া <> না ঠিকানা বলতে আমরা এমনি গফ খরার লাগি আরকি <> আঞ্চলিক ভাষা <> আঞ্চলিক শব্দগুলা দরখার আরকি। হু।",ারি রের ভিত্রৃত াডিওিাঠোনা বলতেমরা এমন গোকরালা গ্যার আরখলিক বাসারেও দরকের আন্চলিক শব্দগুলো দরকার
test_sylhet_0711.wav,sylhet,তো খালা ফড়া লেখা খরছোইন নি? খরছি ফাইব ফর্যন্ত। আর খয় বছর ওইছে বিয়ার? বিয়া তো আমার ওউ তেরো বসসর। তেরো বসসর নি? আফনার <>,হালাফরালে হরসানআর হয় বছর হিসেবিয়ার খরজা আডাফের
test_sylhet_0712.wav,sylhet,"মানে জা খইন নানি? জাল, তিন জন, তিন জন। <> আফনেরা তো খইলাইন এখ সাথে তাখতাইন। আমরা সব এখ সাথে।",যা হইডানিানা তখলে একসাথে তা
test_sylhet_0713.wav,sylhet,"আমরা কুনু আলাদা নাই। <> না আফনারা খরছোইন আইয়া? না, আমরা খরছি। <>",টাএমসি করে িছি নাফেরা পর্শিন রাইয়াউদআমাগাজকেজারি
test_sylhet_0714.wav,sylhet,"তাখার সুবিধা কেমন? সুবিধা বালা আছে। গ্যাস-টেস নাকিতা, আমরা গেস আনছি না। আগোর গ্যাস আছিন। ওউ তো আমার ফুরির ঘরের নাতিন বিয়া দিছি শ্রী মঙ্গল।",োকাশি রেখে মগ্যাস্টের দেওয়া ফ্েনে নাকি তাজর যাপুরু
test_sylhet_0715.wav,sylhet,"তাইনেরও বিয়া ওই গেছে নি? না, না তাইন ফড়োইন কলেজো। ওহ, খই ফড়োইন?",ফযানের বিয়য়ে গেছেনআনহইফরই
test_sylhet_0716.wav,sylhet,আমরা <> মনো খরো বুঝিলিবা। ওয়। <> ফয়ার ঘরোর নাতি। ইটা মানে তাখাই লাগে না? ম্যান্ডাটরি ইটা?,কন দিলেইলসএটাম্যান থা হাই লাগে না ম্যান্ডাটোরিটা
test_sylhet_0717.wav,sylhet,"আর মানে সিদুর কিতা মানে ওলওয়েস সিদরো বিয়া ওইলে সারা জীবন এখ বারে। ওনেখ সময় তো মুছি টুছি যায় ওলান ওইতা ফারতো না নাকিতা? মুছা যায়, ওউ তো গোসল খরিয়া ওখন মাখছি না, ওখন গিয়া হাত-উত ধুইয়া একবারে",ােশিদুর ন খিলা মানে অলওয়ােজ অনেমত মুসফিটুসে যাযই মাে ইলান হইতে পারতা না া
test_sylhet_0718.wav,sylhet,এটা আফনারে কুন বিশ্বাসে ইটা রাখাই লাগে মানে ইটার কাহিনি কিতা? আমরা ওইযে <> আমরা ছিনি-ফান ওইবো ওউ ছিনি-ফানের দিন আমরার <> ওউ সিন্দুরো,এটা আপনারা খুন বিশ্বাসে মানা় ইজ্ঞানি গুল আপনারা রাহাই লাগে মানাইটা কনা কাহিনী েলওিনিভার
test_sylhet_0719.wav,sylhet,"<> ইটা জামসই মরিয়াল্লে জামাইর ফাওর ফুছা দি খফাল মুছিয়া নিতো। ওই মুরা দি মুছা লাগে। আর <> নিয়ম তো মনো খরো, কবুল খইয়া আমরা",জামানেিজা জামাইন মরিয়ালেনিই আসুর পাওয়র্ড পাউর হুসে মুরাদি মোসালাগে এ আকো াথানাতন নিয়মেগোতম কবল হয়া
test_sylhet_0720.wav,sylhet,"এর বাদেও মনো খরো নাকের ফুল তো আসল নানি? ইটা খুলিলিলে তো শেষ। আর কিতা খয়, ইটারে কিতা খরা লাগে? ইটাও খুলা লাগে।",খুব একটা নাই টা এটা খুলি লযংআর হয় যে ট ইটার কষতা করা লাগে
test_sylhet_0721.wav,sylhet,"মানে <> তোমা তানরে তো মাটি দেই, আমরা <> আর আফনারা বিয়াত তো বহুত কিছু মানে নিয়ম আছে। সব কিছু। খয় দিন তাকি শুরু ওয় ইতা?",ওিরিয়া লেথুাসাম আনারা বৃয়ত্ত বহ তিচুয়া মানে নিয়ম মাফে কয়দিন থাকে চার শুরু হইতা
test_sylhet_0722.wav,sylhet,"ইতা সাত দিন লাগে, সাপ্তা লাগে। আমারে একটু ডিটেইলস খইন কাহিনীটা। খইন আফনার বিয়ার কাহিনী খইন। খও তুমি আগে খও। ফইলা ওইবো দেখা-সাক্ষাৎ, এর ফরে ওইবো ছিনি-ফান। ছিনি-ফানো কিতা খরোইন?",আার কুডি টেলিফোন কাহিনীওইর নাোতসিনিবনািানাকে তাকরে
test_sylhet_0723.wav,sylhet,"ছিনি-ফানো কিতা খরোইন? ছিনি-ফান ওতো তোমরা যেলা মিষ্টি ওউ তো জামাই লইয়া আইলা। মিষ্টি লইয়া। ওউ যে শাখা, ওউ ঠিক ঠাক ওইয়া গেছেগি বিয়া।",এত ত তুমরালাসে নিবান বশ িষি মাওগে সাহা ও শাহা ওশী ঠিকটা হয়
test_sylhet_0724.wav,sylhet,"মোটামুটি মানে ই দিনওই বিয়া ওইয়া গেছে। ওয়, ছিনি-ফানের দিনওই সব ঠিক। মোটামুটি ওইয়া গেছে যেহেতু সিদুর পরাইলিছোইন। এরফর? এরফরে তো বাদে আরো খতোতা ওইবো।",মোটা মোটে তালিয়ে দিনি পার্মানেন্ট হয়ে গেছদিন বিআরটি রাউন্ড ওই গেথিদুর প়াই িছয এর এর ত
test_sylhet_0725.wav,sylhet,"<> দ্যান আমরা গায়ে হলুদ খরমু, বিয়া ওইবো <> তারফরো ওইযে জামাইর বাড়িত গিয়া <>",াকরে জায়াইবাড়িগিা ওজন খানিতনবার জেলার হানিয়ের সাছে বুমলাসথত সতুদচঙ্গল খান
test_sylhet_0726.wav,sylhet,"হুম, ওউ গিয়া শেষ ওইলো। তোমরা নাস্তা লইয়া যাও নানি সখালে? আমরা নাস্তা লগে দিয়া দেই। জামাইরে লইয়া আইবা আরকি। জামাইরে লইয়া ফিরাযাত্রা! তো ওই কিতা খয় আফনেরা তো উপবাসে তাখা লাগে মনয়।",তো ঐইেকেতা হয় আফনার ত উপবাসে থাহা লাগেম য়
test_sylhet_0727.wav,sylhet,"<> তাখা লাগে, এর বাদপ বিয়ার বাদে <> তাখা লাগে। টানা উফবাস নি? নাকিতা, ইয়া কিলা তাখোইন দুই দিন? দুই দিন বলতে রাতে তো খাওয়া যাইবো। সখাল তাইকা।",বিআডিএ ি তাগোোেটা াটানাওপোহাছনের েরদা দুদিন ধর এন্র আবসমাল থেকে উপানি ািন তাসনা হাইে
test_sylhet_0728.wav,sylhet,"সারা দিন উফবাস খরি, সারা দিন নায়, সারা দিন নায় ইটা ধরো আমরা বিয়ার দিন যেলা, ওইও বিয়ার দিন যেলা আমরা তিনটা উনটায় উফাস ভাঙ্গিলিমু। <> হুম খালি তো পাত্রী নানি ওতা খরে?",িবুবনানদরমরা বিয়িনিলেিনজেল আমরান ২টাই চেযরমাএগুলো খন াে ত়জাকওপাথ্রে নাঙে অতাকরে
test_sylhet_0729.wav,sylhet,"নাকি আশেফাশের সবাই? না, না সব না। খালি যারার বিয়া ওইবো এরার। এরফরে তোমার <> তাইন বুচ্ছোইন গিয়া <> ইসময়",আাশে সজি জা বিওই ার বাত মাগাঠিনান ানিে গািনাগাঁটিনেলবা ািনিএসমামানে ও
test_sylhet_0730.wav,sylhet,"<> বাদে তারা যে কুনু জিনিস খাইতা ফারে। ভাত, খউ ছা খউ। সারা দিন তাখা লাগে। হুম। <> বিয়ার দিন।",দাটিনািতার া িসা ে
test_sylhet_0731.wav,sylhet,"বিয়ার দিন। হুম, তে আফনারার খয় দিনের আয়োজন টা? সাপ্তা লাগি যায়, সাপ্তা লাগি যায়। <> ধরোইন যদি খেউর আর্জেন ওয় তে ধরোইন খালকে ওইয়া যাইবো, ছাইর দিনে ওইয়া যাইবো",খয়েদিনে ২জনপ্রাযুদিজাতেওর আর্জে নয়তেদরন খালকেউব
test_sylhet_0732.wav,sylhet,"<> বিয়া ওই যায় মানে ছাইর দিন ওইছে বিয়া ওই যায়। এরার তো জরুরী একটা বিষয় আছে নানি? তাড়াতাড়ি ধরোইন বিদেশ যাইতো, তখন ছাইর দিনে খরিলাইবো আর্জেন। তো তারা ওখানো কী, কী আয়োজন খরে? ওউ তো আমরা যেলা আয়োজন খরি ওলাও। আফনারা খয়েকটা নাম কইলাইন, আবার খইন নামটাইন।",ি মিডিয়ািং িবরণবিদেবেদেশ গেলের আর্জেখনিখকটাতালে কোনকোন য়োজন করে উধ নাোনা কয়েকটা নাম হযইল াটা
test_sylhet_0733.wav,sylhet,"খইলাম নানি <> তার বাদে বিয়া, তার বাদে <> খালা বেশি বালা জানবা। <> এর বাদে তো বাশি বিয়া। <>",বিয়েিয়ামগুলচরণবাদে ফানার কিলুেিয়াবাদ এত বাসদারেং াশি়া হিন্দুািয়ার জেলা দ
test_sylhet_0734.wav,sylhet,"বাশি বিয়ার দিন আবার ওয় সাত ফাক? ওয়, ইদিন জামাই বউ, যেরা জামাই আছে জামাই বউ মিলিয়া দেয় সাতফাক। আর রাতকে তো এখলা বউ আছে, বউ খালি দেয়। না, রাত্রে ওত্তো দেখলাম দুইওজনে দেয়। না, না।",াশবে র দিনাআবারোয় আকনাবদিন্জাইবুজেরা়াোলানরাকত অত্যধালা আমদামাই বুদ্ধওজনে ে
test_sylhet_0735.wav,sylhet,"ওহ, মানে এখটা বিষয় আছে নানি মহিলা ওখল খাফ আরম্ব খরি দেয়। তোমারে খেউ ধরলো আরকি যে সময় ফরি যায়। দেখতে শরম নানি <> ওউ সময়ও মানে যেছায় ধরলো আরকি।",িরসমজন আছে ানি আা িমলংলেমািেকরি যায় তশ্ার উপাস াপুরাতরনযাসময় মানে যেছায়দ
test_sylhet_0736.wav,sylhet,"আস্তে, আস্তে তো <> কি জানি আমরা ঢোলো বারি <> বাশি বিয়ার দিনো, বাশি বিয়ার দিনো জামাইয়ে সাত ফাক দিবো। জামাইর বাড়িত গিয়া আবার সাত ফাক দিবো। ছোট বেলায় তো ওনেক সিরিয়াল, টিরিয়াল দেখছি ইসময় ওনেক নাম উম দেখছি ওইযে কিতা",ানিয়ামি ুরাটুল্িনিজাবাড়েই ঘসাছোটবেলা তাহনারারা পেশকিরিয়াল ট্ে়া িসমে় কিছ না ম করিস্ত সহদেকে তা
test_sylhet_0737.wav,sylhet,"অগ্নি সাক্ষী রাইখা আফনারা <> বিয়ার বাদে, জগ্য বলতে ফূজা? না, ইটা বলতে <> ধরো তোমার বইনে ফন দিছে।",অগ্নি সবাক্ষীলেকরাকে আপনারাঅগ্নিযতজৈঞস মবিয়যজ্ঞবত পূজাপূজানা এটা বাবনাে
test_sylhet_0738.wav,sylhet,"আচ্ছা তে আফনে খইন। <> আচ্ছা তে ওইযে কিতা যে সম্প্রদান, কন্যা সম্প্রদান খরোইন নি? ইটা আছে নি? <> জামাইর হাত, খইন্যার হাত এখানো দিয়া বানবা।",ােতাচেসব সম্প্রদান কন্যাসম প্রধান করেনাআেনিাল
test_sylhet_0739.wav,sylhet,"এরফরে মনো খরো মানে <> লাগে আরকি। ওহ, আছে নানি? আব্বায় জামাইর হাতো তুলিয়া দেলাইবা, সমজাইয়া দেলাইবা। <> হু।",ানমারেওবাবায়আখি জা মাইরাতো সুবিয়াদেইলাসপিয়াদিলেগিলসফেল এরাতমারাম দিাইনািয়
test_sylhet_0740.wav,sylhet,"বউরে ধরবা, ধইরা টান মাইরা নিবাগি জামাইয়ে, বাফরো আত তাকি টান মাইরা নিবাগি সারা জীবনের লাইগা। তাইনের <> তাইন আইয়া দেখতা ফারবা। আমরা নিরামিষ খাই, <> টাইটেল বিয়ার ফরে তার টাইটেলে ফরিনত ওইয়া যাইবো। যেমন আমি মালাকার, বিয়ার ফরে আমি",িতামনিািরটার বা দেয়াখি আইনাংসি চা াুনাটাইটে তারাজমনআমবালাকাযারপরে আার
test_sylhet_0741.wav,sylhet,"স্বামী কর, তে তার মানুষ ওইয়া যাইবো আরকি। মানে সম্পূর্ণভাবে <> ওহ মানে তার নামের সাথে টাইটেল তারার ইকানোর লগে সম্পর্ক শেষ। <>",রওিতার রহমানে টাইকের নামের সাথে আপনার ঐহী কল্লাবোজেন তারা রিতানলোগ সম্পর্কশেষাহানিয়ামাবা
test_sylhet_0742.wav,sylhet,"জ্বি ওইছে না, আমরা খাই। মনো খরোইন এখ মাস ওইছে না, দুই মাস ওইছে না। যতো দিনও <> তে আমরা খাইতাম না। আমরাও <> খাইলাম মাছ-ভাত। তাইন খাইবা নি?",নরাইর মাসাইয়ার বিমাসাইএগতভিন্ন বেচনা গ ই থাইন্ডিউমুর ওদোলাখিই
test_sylhet_0743.wav,sylhet,"নিরামিশ বলতে কিতা? ফেয়াইজ রসুন, মাছ-মাংস ইতা আমরা খাইমু। সবজি নাই। <> মানে খানির সবতাও ঠিক আছে। বারেও খাইতাম না, হোটেলো খাইতাম না। কলেজো যারা ছাখরি খরে ভুল বশত খাইলায় নানি?",ফি়েদু রসুর মা আখমানস বিথামিে িে পরজোদেরাকা ও়া বুলবচাত খাইলেন
test_sylhet_0744.wav,sylhet,"ওউ আমরার খষ্ট আছে। <> সাদা ধুতি আছে নানি? ফিনবা তারফরে <> ছেয়ারো বইবা, ওখন আবার লইয়া আইবো ওখন আবার <>",া্টাদুতিয়ানাফিনবা জনচের বইবা ানা২ হা
test_sylhet_0745.wav,sylhet,হুম। তো এখ মাস ওইয়া সারলে তে আমরা খাইমু মাছ-ভাত সবেও। আর যে ধুতি ফিন্দোইন সারা মাস এইন খাইতা না। এইন মনো খরো খাইবা শাক <> ফয়লা খাইবা শাক।,মাস ফুরিয়ে আনলে তোমরাইনাে মে়তুনেরগতিসিন্দএরসাতফলাহাশা
test_sylhet_0746.wav,sylhet,কিতা কুনানো? সবে <> আমরা গরো মাত। এখমাস বাদে <> আর যে মেইন আরকি। <> আমি আসলে বই। অখন টায়াড লাগের। যে আরকি মনো খরো দুতি ফিন্দিয়া এখমাস অবিষ করলা। ইগুরে খয় অবিষ। এইন খাইতা নায়। এইন বাদে খাইবা। হুম। মানে ফয়লা খাইবা শাক বাত।,জিমি়ন সামনে নামিয আসে ২ টজিকি ুতিদেনা অবিষল অভিশএরাে বেসা
test_sylhet_0747.wav,sylhet,"মানুষ ফাচজনরে দলা খরিয়া আনিয়া তাইন দরজা লাগাইয়া, বিধবা অখল আরকি, হুম, তাইন যেলান নানি? অলান লইয়া তাইন খাইবা বাত। খাইয়া দরজা লাগাইয়া খাইবা। এর বাদে <> খাইবা বড় <> মাছ <> আনিয়া গাউর মুরব্বি অখলরে খইবা। যার তফিকে যতটুকু দিবো",ানুষ কারজান্ডা দলা বিধফাতাইা এ়রাে রাখাইবা বড়াে মার ছবিকে যতটুকু যুব
test_sylhet_0748.wav,sylhet,<> মাছ-উছ রান্ধাইয়া রাইত <> লইয়া খাইবা। খাইয়া <> শেষ। তে ইদিন যদি <> ইদিনও খাইতা না। ইয়া কেম্নে ফারে? ওতো খষ্ট।,রায়বাবা নশেতৈদিন যদি তার আখতায় টানে ান ানে এর বা৪ দিন
test_sylhet_0749.wav,sylhet,"ছল্লিশ ওইয়া হারলে ফরে যদি মাছোরটা খরোইন না। <> ছল্লিশ দিন এখ মাস, ছল্লিশ দিন বাদে। ও, বউত নিয়ম।",ছটা সলিজিজন বৈষ্নবৈষ্ণসেবা করিয়ালেতোথাইনাবোধ মিয়ম
test_sylhet_0750.wav,sylhet,"আর আফনারা ইকানো যে পূজা অর্চনা কিতা, কিতা ওয়? আমরা <> ওতা বড়ো, বড়ো অনুষ্ঠান খরার মতো তো আমরা না। তারফরে দূর্গাপূজা, কালি পূজা।",আপনারা এখানো য়বানে পূজা আর্চনা কেতাকে তাওয়া
test_sylhet_0751.wav,sylhet,হুম। <> ইগুলা না। মানে ইগুলা খরার কিতা <>,নে এগুলো করার কৃতামালে ঘরে নিজেরা পরিবার পরিবারও করে আবার মিল্যামি সত্য ি
test_sylhet_0752.wav,sylhet,<> খই ইকানো গিয়া আফনারা <> খরোইন না? খরে। আমরা যাই <> যাই <> দিয়া আই। আর যদি মনো খরো সব যদি আমরার মতো ওইয়া যাইতো। <> যেরা টেখা ফইসা দেয়।,কেন নাসানয়গি আমি গোপাল টিলাপ করন না ইিয়যদি আরা রকাসোযুদি আমা া
test_sylhet_0753.wav,sylhet,অনেক খরচ যায়। <> হুম। তে আফনেরা কিতা ইসময় কিতা মানে ঘরোর মাইঝে কিতা নিয়ম টিয়ম খরোইন? ঘরোর মাইঝে তো আমরা মাছ-মাংস খাইমু খয়দিন। <> ই দিন আমরা বালা মন্দ <> সব কিছু খাইমু।,অেক নি়স্বনেরা কিতাই সময় মযানের গরের মাধিকটা নিয়ম টেয়ম পড়েন ুরাআা
test_sylhet_0754.wav,sylhet,এখন আমরা বাড়িত। এরফরে লক্ষীফূজা আইলো। আমরা নিরামিষ খাইন। এরবাদে আইবো নিরামিষ খাইমু। মানে খালীর মন্দিরো যাইমু। গিয়া গানবাজনা খরমু। <> মায় খাইবা। বাদোর দিন <> ওহ <> দূর্গাপূজার আফনারা বালা বালা খাইন। মানে মাছ-মাংস,িাহতালে দুর্ভাপুতা তাখনার বেলা বেলা ফাইনম্ানে
test_sylhet_0755.wav,sylhet,"আর ই খয়দিন মনো খরো নিরামিষ। লক্ষ্মী ফূজা খরোইন নানি গরো নিরামিষ দিয়া? উম। খালি ফূজা, মনো খরো বারে খরে অনুষ্টান, আমরা তো যাই। আমরা ওউ দিনও নিরামিষ ফালন খরি। ওও, সারাদিন। বাদোর দিন মাছ, মাংসো খাওয়া যায়। আচ্ছা। তে আফনারার মানে ফূজার মাজে আবার বিবাহিত, অবিবাহিত এরার মাজে ফার্তক্য সব আছে নি?",থিউগাআলুগানরবাড়ে হরেঅ া় নিআপনারা মানে ফুজারমা যাবার বিবাহিত অভিবাহিতরানাস কাচানি
test_sylhet_0756.wav,sylhet,"মানে কুনু নিয়ম-নীতির না মাজে? না। সব আমরার ছলে। সব <> মানে বিয়ার মাজে এখন এখটু বেরা-ছেরা আর মনো খরবা যে লাখান আটি সাদারণ মানে ওউ ওউখান ওউখাম আছে নানি? ইতা আমরা খরতাম <> মানে সবতা খরতাম ফারমু খেনে? ইগু তো আমার দর্মত নাই। মনো খরো যেরা বিয়া, মানে কুন বিশ্বাস তাইক্কা খরোইন না?",কোন নিয়ম নীতি মাটে াকামরাআিওহানমানে েলা বিদ্যানিকুন বিশ্বাস থাকা পরেন না
test_sylhet_0757.wav,sylhet,"খরলে কিতা ওইবো বাবোইন। <> বিয়াত বিয়া ওইছে না যে। মনো খরো আরো রুফোসী <> আমরা খরতা ফারতাম নায়। আমরা <> গেছোইন নানি? হুম। আমরা ফারমু আবার। ইবায় জল বরাত যেসময় যাইন, ফট লইয়া, কলস লইয়া, ইগু আমরা ফারতাম নায়। তারা যেরা সব বিবাহিত তারা যায়। উমম, যাইমু লগে।",ানো গেতেন না জল্বরা দেশের নিজা ভটরিয়া ফলস্ট্রিয়া ইভু আমরা ােরা বিবাহিত াইগুলোকে
test_sylhet_0758.wav,sylhet,"ইগু খাইত খরতাম না, যেমন ধরো <> আর ডঙ্গের আলাফে, মানে খরতা না কেরে খরলে কিতা ওইবো আফনারারে খোয়া ওয়?",ুবাইগোয়ডঙ্গিএলত ডরোং কনে খরথানা খা়নে ফল্লিখিত হইব আপনারা রখবায়
test_sylhet_0759.wav,sylhet,<> ফারে না কুন সময়? মুরব্বি <> আর কিতা খইতায়? হুম। ফারে না হুনছি। অখন ফারে না কুন খারণে তারাও <> ফারে না অখানোউ বলতে মানে ফানির ছিটা ফড়লে আরকি <> ইয়ো অয় না। অখানোউ নিয়ম। ওহ! <> তে আমরা তো ফানির ছিটা উড়রাম অউ। যাইরাম খায় খর্তইব্য <> বিয়া তো আর শত অউ <>,ানা ানা ক্রহণের থারানা ওহানতে অনেক হানির ফিটা ফলে খানি জেটাগুড্রাম্ জাইরং াই বি়তশতগোর
test_sylhet_0760.wav,sylhet,<> অর নানি? ওহ। অত্তো দুলাবাই আছোইন। ডং কইরা এখছিটা তানে দিলাও। তে ই ফানি তারা যে সান খরে আমিরা উড়রাম নানি? হুম। অউ নু খইলায় ফারে না। ফারে না। উড়িয়ো না। উড়িয়ো না। <> অউ অরখম। আর কিচ্চু নায়। <> সম্পর্কটা কিতা বুঝছি না আমি। আফনেরা দুইজন,সপোরনাে তবদুলাবাই এ ডঙ করে একে টার কানে দিাওই ফানি তারারবর রা ফারা না কারানাসম্পর্ক টাকিটা হচ্ছআপনারা২ুইজন
test_sylhet_0761.wav,sylhet,<> মাসি। আমি অইলাম গিয়া মাসি। তাই অইলো বইনজি। জেটার গরো বইন নানি? বইনোর গরো বইনজি। বইনজি বলতে তাইন কিতা <> দাদুর নি? হুম। খালা। খালা লাগোইন। হুম। তুমার খালা? হুম। না <> নানি যে বিধবা এখজন <> আমার তাইন খালা।,মুনাং মাে বনজি গেটার গর ই বনকি বলতে থাঙ্িতাদাোাখালানািের বিধগয় আ
test_sylhet_0762.wav,sylhet,মার বইন দাদুর <> তে আমার খালা নানি? <> তাই। তাই আরকি দেড় বশশর বয়স থাকি অনো লেখাফড়া খরে। ছিমঙ্গল নাকিতা। তাইর বইন এগুর বিয়া অই গেছে। তাইও মেট্টিক ফাশ। হনো থাকিয়া ফড়ছে। বাই এগু মনো খয় এইটো ফড়ে। নাইনো। নাইনো আর তাইরো <> তাই ছুটোবেলাত থাকি <> ছুটোবেলা থাকি।,াদু নাতিানায়কে দেড় বছর বয়স থাকে মুরবেলাতে ছো
test_tangail_0001.wav,tangail,"ব্যান্ড আর কি পারফর্ম করতাছে। কিন্তু মানে কেউ তেমন ই নাই, উচ্ছ্বসিত না। মানে গানডা তেমন কারো কাছে ভালো লাগতাছে না এইরকম। কিন্তু আবার ফ্রেডি মার্কিউরি খুব গান পছন্দ করতো। পরে যেহেতু ক্যারিয়ার একটা পছন্দ করতেই হবো।",ব্যান্ডার কি পারহম করতে ছে কিন্তু মানে কেউ তেমন কি নাই উচ্ছজিত না গান্ডা তেমন কারো কাছে ভালো লাগতেকিন্তু আবার ফেডি মারকি বি খুব গান বসন্দ করত পরে যেহেতো ক্যাডিয়ার একটা চুস কুর তৈইওউব
test_tangail_0002.wav,tangail,"পরে ফ্রেডি মার্কিউডির ওই ব্যান্ডের দলে যোগ দেওয়ার জন্য ইচ্ছা করে। পরে, ওই ব্যান্ডের যে ভোকাল মানে ও আরকি একটু আগেই মানে ব্যান্ড থিকা বাইরয় গেছে, ও আর গান করবো না। পরে ব্যান্ডের যে বাকি সদস্য।",পরে ফিরডিউমার কিউটি ওই ব্র্যান্ডেড দলে যোগদায়ার ইচ্ছা করে পরে ওই ব্যান্ডের যে ভোকাল মানে ও আর কি একটু আগেই মানে ব্র্যান্ড থে ব্যান্ থেকো বাইরে গেছে ওয়আার গার্ গান করব না পরে ব্যান্ডের যে বাকি সদস্য
test_tangail_0003.wav,tangail,"অরা তো আর ভোকালের এতো ই টি, মানে বুঝে আর কি কিন্তু ভোকাল তো একটা মেইন ই থাকে না? পরে অরা, অরে নিতে চায় নাই কারণ ও এর আগে গান-টান করে নাই।",পরাতর ভোকালের এতই টি মানে বুজে আর কি কিন্তু ভোকাল তো একটা মে়েনি থাকে না পডরে ওরা র নিতে চাই নাই কারণ ওয়া এর আগে গানটান করে নাই
test_tangail_0004.wav,tangail,"আর ফ্রেডির সামনের দাঁতগুলা আছিলো একটু বড়, মানে আমরা যে স্বাভাবিক মানুষগুলি দেহি দাঁত মানে দেহা যায় না বাইরের থিকা। কিন্তু ফ্রেডির সামনের উপরের দিকের দাঁতগুলা আছিলো একটু উঁচা আর বড়। তাই মানে দেখতে কটু লাগে।",ফরেডির সামনের দাঁতগুলা ছিল একটু বড়ো মানে আমরা যে স্বাভাবিক মানুষ িদাত দেহা যায় না বাড়ি থেকে কিন্তু ফেডির সামনের ওপরের দিকের দাঁত গোলাছুলেটু উঁচা আর বড় তাই মানে দেখতে কটো লাগে
test_tangail_0005.wav,tangail,মানে ভালোও দেহা যায় না। তাই অরা নিতে চাইছিলো না। কিন্তু এইডা ফ্রেডির মানে ফ্রেডির এইডা একটু আবার লাগে মানে সে একটু মন খারাপ করে। পরে সেও বুঝছে যে নিবো না। ও ঘুইরা যায় গা।,ভালো দেখা যায় না তাই অরা ধিনীতে চেয়েছিল না কিন্তু এটা ফ্রেডিট মান মানে ফ্রযডিরেড্যাক টু আবার লাগে মানে সে একটু মন খারাপ করে পরে সেও বুজছে যে নিবো না ও ঘুইরা জায়গা
test_tangail_0006.wav,tangail,"কিন্তু ঘুইরা যাওয়ার পরেও আবার আইসা, যারা ওইযে অরা ব্যান্ডের যারা ইয়া থাকে অরা বইসা আছে। অগো সামনে একটা গানের দুইডা লাইন শুনাইয়া যায়। পরে অরা তো পুরা অবাক হইয়া যায়। অরা ভাবতেও পারে নাই যে এই রকম একটা ভয়েস অরা পাবো।",কিন্তু ঘুইরে যাওয়ার পরেও আবার আইশা যারাও জরা ব্যান্ডের যারা ইয়া থাকে আরা বৈশা আছে অকস্বামনে একটা গানের দুটে লাইন শোনে যায় পরয়ার াতো পুড়া অবাক হয়ে যায় পরা ভাবতে ও পারে নাই তি এ রকম একটা ভয়েজ পড়া পাব
test_tangail_0007.wav,tangail,"আচ্ছা, তারপরে তো ও ব্যান্ডের সাথে যোগ দিলোই। আর ঠিক সময়েই ফ্রেডির সাথে আরেকজনের পরিচয় হয়, ম্যাডি।",তারপরে তো ব্র্যান্ডের থেজপ দিলই ঠিক এই সময়েই ফ্রযডিসাথে আরেকধরনের পরিচয় ম্যারি
test_tangail_0008.wav,tangail,ফ্রেডি আর ম্যাডি একে অপরের প্রেমে পড়ে। আর অগর আসলে একটা পুশাক নিয়া কনভার্সেশন অইতে থাকে ওই সময়ে। ফ্রেডি আর ম্যাডির একটা আর কি কনভার্সেশন থিকাই অরা একে অপরের আর কি প্রেমের পড়ে। এইভাবে অনেক দিন যায়। এইদিকে ফ্রেডির নতুন ব্যান্ড নিয়া আরকি।,ফিডিয়ার ম্যাডি াকে ও পরের প্রেমে পড়ে নয়গঞ্শল একটা পোশাক নিয় একনবার সেশনইতে থাকে ওই সময়ে ফেডিআর ম্যারির একটািকনধার সেশন থেকে প্রেমে পড়ে এভাবে অনেকদিন যায় এদিকে ফেডির নতুন ব্যানিয়াআর কি
test_tangail_0009.wav,tangail,"আগায় যাইতে থাকে, তারা বড় বড় ডিল করতে থাকে। নতুন নতুন এলব্লাম বাইর করতে থাকে। কুইন্সের একে একে পৃথিবীর কুইন্স ব্যান্ড যেডা থাকে একে একে পৃথিবীর বিভিন্ন দেশে কনসার্ট করতে থাকে।",আগায় যাইতে থাকে তারা বড় বড় ডিল করতে থাকে নতুন নতুন ন্যান বলম্বানি করতে থাকে কুইনসেট ১কএকএ পৃথিপীর কুইন্স ব্যান জেটা থাকে একে ক পৃথিবী বিভিন্ন দেশে কনসার্ট করতে থাকে
test_tangail_0010.wav,tangail,"এ তো আর কনসার্ট যে করে অরা এক দেশ থেকে আরেক দেশ বিভিন্ন দেশে এইডাই মানে, অগো যে মেইন যে খ্যাতি এইডাই, মানে যে যতো বেশি কান্ট্রি কভার দিতে পারবো, রিচ করতে পারবো তার খ্যাতি ততো বেশি। এই সময়ে তার ক্যারিয়ার আর লাভ দুইডাই একসাথে চলতে থাকে।",কনসার্ট যে করেরা একদেশ থিকে আরেক দেশ বিভিন্ন দেশে এরাই মানে অগোজেকট মেইন যে খেয়তে এটাই মানে যেহেত বেশি কান ফিকভার দিতে পারবো ভিজ করতে পারবো তাঁর খেরি তথ্বিশ এ সময় তাঁর ক্যাটিয়ার আর লাভ দূরে একসাথেই চলতে থাকে
test_tangail_0011.wav,tangail,"এই সময়ডা আসলে আমরা সবাই চাই এই রকম একটা সময় যে, আমাদের ক্যারিয়ারও ঠিক-ঠাক চলুক আবার আরেকদিকে লাভ লাইফটাও ঠিক-ঠাক চলুক। যাইহোক কুইন্স তখন একবারে জনপ্রিয়তার তুঙ্গে, কিন্তু 'ফ্রেডি মার্কিউরি' নিজে বুঝতে পারলো সে।",এই সময় ডাসুলে আমরা সবাই টা এই রকম একটা সময় যা আমাদের ক্যারিয়ারও ঠিকঠাক ঠিক ঠাকতলু কাবার লাভ লাইপটাও ঠিক থাক যাহেও কুইন্চ তখন একবারে জনপ্রিয়তার তুঙ্গে কিন্তু ফ্রেডি মার্কিউ র নিজে বুঝতে পারলো সে
test_tangail_0012.wav,tangail,"'ফ্রেডি মার্কিউরি' আছিলো ছিলো হোমোস্যাক্সুয়াল। তার সাথে অনেক ছেলের সম্পর্ক হয়। আর এই বিষয়টাই মানে ম্যারি যে থা ম্যারি ছিলো,অর ওইযে ম্যারির যে ছিলো অর সাথে আর কি ব্রেপ আপ হয়ে যায়।",ফেরিমার ক্রিরাসেলেস ছিল হোমো সেক্ুয়াল তার সাথে অনেক ছেলে সম্পর্ক হয় আর এই বিষয়টাই যে ম্যারিজে ছিল অ ম্যারিজ যে ছিল র ওয়ার সাথে আর কি ব্রেকআপ হয়ে যায়
test_tangail_0013.wav,tangail,পরে ফ্রেডি তখন পুরা ভাইঙ্গা পরে। আর ফ্রেডির সাথে আরো কিছু মানুষের পরিচয় হয়। যে যারা আসলে ওই যারা এলবাম রিলিজ দেয় ওই কোম্পানিগুলার আর কি। যারা আসলে ফ্রেডির এই জনপ্রিয়তাডা আসলে তারা পছন্দ করে নাই। তারা চাইছিলো ফ্রেডি জানি,র ফেরি দখন পুড়া ভেঙা পড়ে আর ফেডির সাথে আরো কিছু মানুষের পরিচয় হয় যে যারা আসলে ওই যারা অ্যালবাম মিলিস্ট দেয় ওই কোম পানি গুলাকারকি যারা আসলে ফেডির এই জনপ্রিয়তারাছুলে তারা পছন্দ করেনি তারাচাযইছিল ফেড জানি
test_tangail_0014.wav,tangail,"মার্কেট থিকা আউট হইয়া যায়। পরে, অরা আসলে এই রকম ষড়যন্ত্র থাকে, পরে ফ্রেডিরে আসলে অরা এক সময় কুইন্স থিকা আর কি আলাদা কইরা ফালায়। আর এইদিকে ফ্রেডিও মনে করো ফ্রেডিও একসময়",মার্কেট থেকে আউট হয়ে যাব পরে অরাসলে রকম ষড়তন্ত্র করতে থাকে পরে ফেডিয এঁটে আসলে রাসময় কুইন্চ থেগাআর কি আলাদা বেড়ে ফেলায় আরেদিকে ফেডিও মনে কর ফেডিও একসময়
test_tangail_0015.wav,tangail,এইডসে আক্রান্ত অইয়া যায়। পরে একদিন ম্যারির সাথে দেহা অয় ম্যারি পরে অরে বুঝায় সব মানে। ম্যারি অর সাথে অনেক কথা হয় পরে ও নিজেরে চেঞ্জ কইরা ফালাবা বইলা সিদ্ধান্ত নেয়। পরে আবার যায় কুইন ব্যান্ডসের সব সদস্যদের সাথে কথা-টথা কইয়া।,এইডসে আক্রান্ত হয়ে যায় পরে একদিন ম্যারির সাতে দেখা য় ম্যারি পরের বুঝায় সব মনে ম্যরি সাথে অনেক কথায় পরে ও নিজে চেন্স কুরে ফেলাব বলে সিদ্ধান্ত নেয় পরে আবার যায় কুইন্ ব্যান্ডসের সব সদস্যদের কাছে সাথে কথা টথাকুযইএ
test_tangail_0016.wav,tangail,আবার গান গাওয়া শুরু করে। পরে তার বিখ্যাত গান বোহেমিয়ান র‍্যাপসডি পুরা উনিশশো একাশি সালে মন্ট্রেলে পুরা স্টেডিয়ামে সবার সামনে গায়। আর,আার গানঘা শু ে পয়োতার বিখ্যাত গান বুখি মেনগ্রযাব সডিব পুরা ১৯৮১ সালে মন রেলে পুরা স্টেডিয়ামে সবার সামনে গায় ার
test_tangail_0017.wav,tangail,"ফান্ড রেইজ করে যে আফ্রিকার যারা দরিদ্র আছে, অসুস্থ এইডস আক্রান্ত তাদের জন্য। পুরা এইডা পুরা অনেক একটা হিট পুরা হইয়া যায় সারা দেশে এবং ইন্টারন্যাশনালি।",ফান রেস করে জা ফ্রিকার তারা দরিদ্র আছে অসুস্থ এইডস াকরান্ত তাদের জন্য পুরা এডা পুরা অনেক একটা হিটস পুরা হয়ে যায় সারা দেশে এবং ইন্টারন্যাশনালই
test_tangail_0018.wav,tangail,বোহেমিয়ান র‍্যাপসডি গানডা মানে জনপ্রিয়তা কারণ এই গানডা আসলে একেকজন একেকভাবে অনুধাবন করছে। কেউ মানে কারও সাথে কারও মিল নাই এই রকম ভাবে আর কি বুঝতে পারছে। এই গানডার একটার অর্থ মানে কেউ এহনও এর।,বইমানের থৈরি গান্ডা মানে জনপ্রিয়তা কারণ র গান্ডা আসলে খেকজনে খিকভাবে অনুধাপণ করছে কেউ মানে কারও সাথে কারও মিল না এ রকম ভাবে কি বুঝতে পারছে গানডাট একটা অর্থ মানে কেউ ব্যাহ নয়
test_tangail_0019.wav,tangail,"এইডার ই করতে পারে নাই, সঠিক ব্যাখ্যা দিতে পারে নাই। আর এই গানডা একই সাথে রক, অপেরা, পপসহ মনে করো মনে কর যে প্রগ্রেসিভ রক যেগলা থাকে সব মিশেলে একটা। এই গানটা আসলে একটা অন্য রকম একটা গান।",এটা রি করতে পারেন না সঠিক ব্যাখ্যা দিতে পারেনি আরেই গানডা এক সাথে ঢ কপেরা প সহ মনে কর মনে করে যে প্রোগ্রেসি গ্রব জেকলে থাকি সব মিলশ মিশেলে একটাই গানটা আসলে অন্যরকেম এ
test_tangail_0020.wav,tangail,"তারপরে আমি যেই মুভিডার স্টোরি শেয়ার করমু সেইডা হইছে 'সেরেনডিপিটি'। এই মুভিডা অনেকে দেখে নাই, কিন্তু এইডাও একটা সুন্দর মুভি। ঘুম আসতাছে।",তারপরে আমি যেই মুভিরার স্টোরিশযার কমন সেরে সেরেন ডিপিটি এই মুভিটা অনেক দেখে নাই কিন্তু এইডট সুন্দরমুভি
test_tangail_0021.wav,tangail,দুইহাজার একসালে রিজিল পায় সেরেনডিপিটি। আমার অন্যতম একটা ফেবারেট মুভি। কারণ এই মুভিডা একটা লাভ স্টোরি মুভি। আর ছবির নায়ক থাকে জোনাথান আর নায়িকা।,২০১ সালে রিলিস পায় সেরএনডিপিটি আমার অন্যতম একটা ফেব়ক মভি কারণে এই মুভিটা একটা লাল স্টুরি মুি আর ছবির নায়কথাকে জোনাথানার নায়িকা
test_tangail_0022.wav,tangail,"সারা, এ ওদের দুইজনের দিয়া থোয় নিউ ইয়ার ইভে কোন একটা মলে। ওরা যায়, ওরা দুইজনেই যায়। মানে, এই গ্লাভস কিনতে কারন বাইরে তহন মানে শীত। কানাডা ওইদিক মানে ওই।",অদেক দুজনের দেখা একটা নিউ ইয়র্কই বেকুন একটা মলে করা যায় করা দুজনেই যায় মানে ঘ্লাবস কিন দেখান বাইরে ধন মানে শিদ কানাডা ঐদিকে
test_tangail_0023.wav,tangail,"কান্ট্রিগুলায় অনেক শীত থাকে, ওই ক্রিসমাসের সময় অনেক মানে তারা ওই শপিংমলে যায় গ্লাভস কিনার জন্য। কিন্তু কেউ কারও তহনও চিনতো না। দুইজনেই পুরা কেউ কাওরে চিনতো না।",কানটিগুলো অনেক শিট থাকে ওই ্িক্রিসমাসের সময় অনেক মনে তারা ই শপিংমলে যায় গ্লাবস কিনার জন্য কিন্তু কেউ কারো দান ও চি্তনা দুই জনেই পুরা কেউ কার্ডের চিন্তনা
test_tangail_0024.wav,tangail,"তো আবার। দুইজনই আবার একইসাথে একই গ্লাভস পছন্দ করে যেইডার আর কোনো কপি নাই। মানে এই জোনাথান বলতাছে সারারে নিতে, আর সারা বলতাছে জোনাথানরে নিতে। কথা চলতে চলতে এই সময়ে",দুজনই আবার একইসাথে ক সম গ্লাবস পছন্দ করে জেডার আর কোনও কপি নাই জোনা থানবলতাছে সারা সারাদেনি তার সারা বলতে জনা থানে িনিতে কথা চুলতে চুলতে একসময়
test_tangail_0025.wav,tangail,লোক আইসা বলে যে এইডা আমি নিমু। পরে জুনায়েদ খান বাধ্য হইয়াই ওইডা সারার জন্য দিয়া দেয়। জুনায়েদ খান আসলে প্রথম দেখাতেই সারার প্রেমে পইড়া যায়।,লোকাইসা বলে যে দামিনী পরে জোনাথানবাধ্য় করে সাড়ার জন্য দিয়া দেয় জোনা থানা সুলে প্রথম দেখাতেই সারার প্রেমে পড়েয ়াযায়
test_tangail_0026.wav,tangail,"কিন্তু সারা এই রকম ভালোবাসায় বিশ্বাসী না। সে সোলমেট বা ডেসটিনিতে বিশ্বাস করে। সে মনে করে যে জুনায়েদ খান যদি তারই হইয়া থাকে তাহলে সে বারবার তার লাইফে বিভিন্ন সময় বিভিন্ন ভাবে আসবো। তাই সে বিভিন্ন এক্সপেরিমেন্ট করে, যেমনঃ জুনায়েদ খান সারারে",কিন্তু সারা এই রকম ভালোবাসা় বিশ্বাসী নয় সে সোলমেট বা ডেস্টি নিতে বিশ্বাস করে সে মনে করে যোজনাথান যদি তারী হয়ে থাকে তাহলে সে বারবার তার লাইপে বিভিন্ন সময় বিভিন্ন ভাবে আসব তাই সে বিভিন্ন এক্সপেরিমেন্ট করে যেমন জোনা থান ছাড়া দেব
test_tangail_0027.wav,tangail,যহন অর নাম্বারটা দেয় পাঁচ ডলারের একটা নোটে তহন সারা এইডা দিয়া এইডা দিয়া একটা বই কিনা ফেলে। বই কিনা ফেলে তহন ওই নোটটা মানে যেই দোকানদাররে দেয় এই দোকানদার থিকাও আরেকজনের কাছে আরেকজনের কাছে যে এই রকম ছড়ায় যাইতে থাকে। আর সারা বলে জোনাথানরে বলে এই নোট যদি আবার আমার কাছে আসে তাইলে ভাবমু।,নাম বাটা দেয় পচ ডলারের একটা নোটে তহন ছাড়া এটার দিয়ে এটার যে একটা বই কিনা ফেলে বই কিনা ফেলে তহ নোটা যে দোকানদারেরা এই দোকানদার থেকাও আরেক জনের কাছে আরেক জনেরে যে রকম ছড়ায় যেতে থাকে আর ছাড়া বলে জোনা থানডে বলে যে এই নোট যুদি আবার আমার কাছা আসি তাইলে ভাবমু
test_tangail_0028.wav,tangail,"তুমি আমার সোলমেট, ডেস্টিনি তুমি আমার মানে তুমি আমার ভাগ্যেই লেখা ছিলা। তারপরে এইরকম হয়। পরে আবার জোনাথান আর সারা দুইজন দুইটা ভিন্ন লিফটে উইঠা বলে যে আমরা যদি একৈ ফ্লোরে আবার প্রেস করি আমরা যদি আবার একৈ ফ্লোরে আসি।",তুমি আমার সলমেট দেশটিনি তুমি আার মানেতুমি আমার ভাগ্যেই লোতার পরে এরকম হয়পরে আবার জোনাথান র ছাড়া দু জন দুইটা ভিন্ন লিপটে উঠা বলে যে আমরা যদি একই ফোডে আবার আ অযপ্রেস করি আমরা যদি আবার একই ফ্লোরে আসি
test_tangail_0029.wav,tangail,তারমানে আমরা দুইজন সোলমেট। কিন্তু ঘটনাগুলা এমনভাবে হয় যেনো জোনাথান সবসময় ঠিকই করে কিন্তু মানে সো অন্যান্য পারিপার্শ্বিক যে ঘটনা আছে এইডার মানে সারা বুঝতে পারে না এই জিনিসটা। মানে,াে আকিন্তু ঘটনাগুলা এমনভাবে হয় যানে জোনাথান সব সময় ঠিকই করে কিন্তু মানে রা অন্যান্য পারিবার্ষিক যে ঘটনা ফযডার মানের সাড়ায় বুঝতে পারে না জ
test_tangail_0030.wav,tangail,জোনাথানের ওই লিফটের যে প্রেস করা ঠিকই ছিলো। কিন্তু আবার দেহা গেছে যে মাঝে হটাৎ অন্য লোক আইসা প্রেস কইরা মানে একটু এলোমেলো হইয়া যায় টাইমডা আরকি। এইদিকে আবার জোনাথানের আবার আরেকজনের সাথে এই এনগেজমেন্ট ছিলো। আর,জোনাথান কুনের ওই লিফটে পেস করা ঠিকই ছিল কিন্তু আবার দেখা হয়েছে যে মাে হঠাৎ অন্য লোক ইসা প্রেশ করে মানে একটু এযলুমেলো হয াইএদিকে আবার জোনাধানের আবার আরেক জনের সাথে ইঙ্গেজমেন্ট ছিল আ
test_tangail_0031.wav,tangail,অল্প কয়দিন পরেই বিয়ে কিন্তু জোনাথান তো সারারে অনেক ভালোবাসে। পরে এই সারা আবার অন্য মানে দেশ আসে থিকা জোনাথানের,অল্পকালিন পরি বিয়ে কিন্তু জনা থান তো সারাটো অনেক ভালোবাসে পরে এই ছা়া আবার অন অন্যমানে দেশ থেকে স জোনা থানের
test_tangail_0032.wav,tangail,শহরে আসছিলো। পরে যহন সারা যাইতে নেয় প্লেনে তহন ওই বিমানের ফ্লাইটে সারা ওই পাঁচ ডলারের ওই নোটটা দেখে যে জোনাথান যেইডায় নাম্বার দিছিলো ওই নোটটা আবার অর কাছেই ফিরা আসে। পরে সেই বিমান থিকা তাড়াতাড়ি নাইমা ওই নিউইয়র্স নিউইয়র্স ই বে,ন সারা যাইতে নাই প্লেনে তহন বিমানের ফ্লাইটে সাড়া ওই পচ ডলারের ই নোটা দেখোিা নাম বাডিই নোটা বারোয়ার কাছে ফিরে আসে পরে সে বিমান থেয়া তাড়াতাড়ি নাইমা ওই নিউার্ নিউার ইবেজ
test_tangail_0033.wav,tangail,"যেই জায়গায় দেখা হইছিলো ওই জায়গায় যায়। তারপাশে যে একটা আইস হকির মাঠ ছিলো, ওই জায়গায় জোনাথানরে আবার পায়। পরে তারা একে অপররে ভালোবাসে আর এইডার একটা পূর্নতা পায়। পুরা অসাধারণ একটা ছবি এইডা যুদি না দেখা হয় তাইলে আর কি বুঝা যাবো না যে মানে",দেখাহয়ছিলইতাকায় যায় তার পাশে যে একটা আই সকের মা্ঠ ছিল পরতাকায় দুনা থান্ডা বার পায় পরে তাজাএকভরে ভালোবাসে আর রেটার একটা পূর্ণতা পায় পুরা অস্বাধানীতে ছুবিরা যদি না দেখা হয় তারলে আরকি বূঝা দবনের জেমনে
test_tangail_0034.wav,tangail,আসলেই যার ভাগ্যে মানে ভাগ্যে যার সাথেই ওই লেখা থাকে তারসাথেই আবার ঘুইরা ফিরা একটা মিল হয়ই। আর আচ্ছা এখন আমি আরেকটা স্টোরি শেয়ার করবো সেইটা হইছে 'লাইফ অফ পাই'।,আসলেই গাটভাগ্যে মানভাইগ্য দার খাতে লেখা থাকে তার সাথেই আবার ঘুরে ফিরা একটা মীল হয়ই আর আছা এখন আমি এক আরেকটা স্োস্টোরি শেয়ার কর্ম সেরে হয়েছে লাইফ অপ পাই
test_tangail_0035.wav,tangail,লাইফ অফ লাই দুই হাজার সালে রিলিজ হয় আর এইডার ডিরেক্টর আছিলো 'এং লি'। এই ছবিডা যহন অস্কার পায় তারপরে আমি প্রথম এইডার নাম শুনছি যে লাইফ অফ পাই। প্রথমে ভাবছিলাম যে এইডা ম্যাথ মেটিকসের কোনো থিউরি-টিউরি নিয়া হবো যেহেতু পাই আছে। আমি ভাবছি পাই এর,ই ২০ সালে রিলিজয়কিন গারেডিমিটরছিল অ্যানডি এই ছবিটা যখন অস্কার পায় তার পরই আমি প্রথম এডের নাম শুনি লাই ফোঁ্ট পাই প্রথমে বাবছিলাম যেটা ম্যাটম্যাটিক্সের কোনো ঠিবিটিকনিয়া হব যেহেতু লাইভ পায় আছে অ্যামবাবশি পা়এর
test_tangail_0036.wav,tangail,মানে একটা মানে হিস্টরিকাল ছবি অবো। পরে দেখলাম যে না। যুদিও আমি অনেক পরে দেখছি এই ছবিডা। অসম্ভব একটা সুন্দর ছবি। যুদি এইডা যারা প্রথম ছবি দেহা শুরু করছে তাদের পক্ষে এইডা,হিস্টইটোকাল ছবিও পরে দেখলাম যেনা যদি এম অনেক পরে দেখেছি ছবিরা অসম্ভবেসুসুন্দর ছবি যদি এটা যারা প্রথম সুবিধা শুরু করছে তাদের পক্ষে
test_tangail_0037.wav,tangail,"বুঝা একটু কঠিন অইতে পারে। ছবিডা একটু লম্বা, স্লো মনে অইতে পারে। কিন্তু ছবির ভিজুয়াল, থিম সব সুন্দর। ছবিডা দেইখা ভাল্লাগবো। পুরা লাস্টের দিকে যাইয়া আপনি এইডার ইডা বুঝবেন মর্মডা বুঝবেন।",দুঝএকটুক কঠিন হইতে পারে বির একটু লম্বা স্লোমুন ইতে পারে কিন্তু ছবি ভিজুয়াল থিম সব সুন্দর ছবদেহা ভালো লাগব পুরার লাশ্টের দিকে যায় আপনি এার ঈদা বুঝে মর্মরা বুঝবে
test_tangail_0038.wav,tangail,"ছবির মেইন ক্যারেক্টার প্লে করছে 'ইরফান খান' আর একটা ক্যারেক্টার আছে, বাঘের নাম অইছে 'রিচার্ড পার্কার'। ছবিতে ইরাফান খানের নাম থাকে 'পাই প্যাটেল'। ওই যেহেতু পাই প্যাটেল আর এই ছবিটার কিছু অংশ ভারতে করা অইছে। আর কিছু অংশ অন্যান্য জায়গায় করা অইছে সমুদ্রেরও সিন আছে, মেক্সিকান দ্বীপের সিন আছে।",বি মেন ক্যারেক্টার প্লে কর্স্ত ই ফান খান আর একটা ক্যারেক্টার আছে বাঘের নাম য়েছে রিচার্ট পার্কার ছবিতেইর ফানখানের নাম থেকে পাইপ্যাটেল ওই যেহেতু পাইপাইপের এ ছবিতার কিছু অংশ ভারতেকর হয়েছে আর কিছু অংশ অন্যান্য জায়গায় করাহযেছে সমুদ্রের রেছিন াছে মেক্সিকান দ্বীপের ছিন
test_tangail_0039.wav,tangail,আচ্ছা তার পরিবার থাকে ইন্ডিয়াতে। এই পাই প্যাটেল যে ইরফান খানের পরিবার থাকতো ইন্ডিয়াতে। তাদের একটা নিজস্ব চিড়িয়াখানা আছিলো। ওই পশুপাখির সাথে ইরফান খানের একটা ইস্পিচুয়াল একটা কানেকশন ছিলো অন্যান্য পশুর সাথে কিন্তু,াঁর পরিবার থাকে ইন্ডিয়াতে পাইপ্যাটেল দেইফানখানের পরিবার থাকতে ইন্ডিয়াতে তাদের একটা নিজস্ব চিরিয়াখানা আছিল া ও পশুপাকির সাথে রিফানখানের একটা স্পিচুয়াল একটা কানেকশন ছিল
test_tangail_0040.wav,tangail,এ সে বুঝাইতে সে মানে বুঝতে পারতো যে মানে পশুপাখি গুলার মনের অবস্থা। সে ভাবতো বাঘও তার বন্ধু হইতে পারে। যুদিও অনেকসুম পশুপাখির সাথে তার একটা ই ছিলো। কিন্তু তার বাবা এইডা,ছেখ বুধবুধাইতে সে মানে বুঝতে পারতো যে ে পশুপাখি গুলার মনের অবস্থা সে ভাবতু ভাগও তার বন্ধু হইতে পারে যদিও অনেক সম পশুপাখির সাথে তারেকটাই ছিল কিন্তু তার বাবা এডা
test_tangail_0041.wav,tangail,"কহনোই মানতো না। সে বলতো একটা বাঘ কহনও মানুষের বন্ধু হইতে পারে না। আচ্ছা, এই রকমভাবে সবকিছু ভালোই চলতাছিলো কিন্তু প্রশাসন এক এনিমেল রাইটসের কারণে নাকি কি কারণে এই জুটা মানে বন্ধ করতে অইতাছিলো অগো।",একটা বাগ কহনো মানুষের বন্ধ হইতে পারেন সেই রকমভাবে সবকিছু ভালো চুলতা ছিল কিন্তু প্রশাসন এনিমেল রাইটসের কারণে নাকি কি কারণেই জুড়া মানে বন্ধ করতে হইতাছিল
test_tangail_0042.wav,tangail,"না কি ইকোনমির একটা ক্রাইসিস? আচ্ছা যাই হোক বন্ধ অইতে নিছিলো। পরে তার বাবা সিদ্ধান্ত নেয় যে, তার ফ্যামিলিরা মানে এই জুসহ অন্য একটা দেশে চইলা যাবো। মানে ওয়েস্টার্ন কান্ট্রি হয়তো বা কোনো এক জায়গায়। পরে তারা জাহাজে কইরা এইসব জু",কি ইকনমিক একটা ক্রাইস বাচ্ছে চাহও বন্ধ হতে হেছিল পরে তার বাবা সিদ্ধান্ত নেয় যে তাঁর ফ্যামিলিরা মনে এই জুসহ অন্য একটা দেশে চলে যাব মে ওয়েস্টান গানটি হত বা খোনোেক জায়গায় পরে তারা জাহাজে করে এইসব জু
test_tangail_0043.wav,tangail,পশুপাখি জু সব যত পশুপাখি আছে সব নিয়া অনেক মানে জাহাজে যাইতে তো অনেক টাইম লাগে। এর লিগা অনেক ফ্রুটস-ট্রুটস নিয়া উঠে কিন্তু ওই ইরফান খান মানে,পশু পাখি জুরশব্দ তো পশু পাখে তরে সব নিয়ে অনেক মানে জাহাজ দায়িতে অনেক টাইম লাগে লিগা অনেক ফ্রুটস্ট্রুটস নিয়ে ওঠে কিন্তু ওই ইফান খান মানে
test_tangail_0044.wav,tangail,"পাই যে প্যাটেল, পাই প্যাটেল ও আর কি কহনও এই ইন্ডিয়া ছাড়া যাইতে চাইতেছিলো না। পরে এ আর কি যাওয়া হয়। পরে রাতে জাহাজে একটা সাগরের মধ্যে ঝড় শুরু হয় আর পুরা জাহাজের যা কিছু আছে সব পুরা ভাসায় নিয়া যায় গা।",ই যে পযাটের পাই পেটে ও আর কি কনো এই ইন্ডিয়াছাড়াও গায়িতে চাইতেছিলেনা পরে নাকি যাওয়া হয় পরে রাতে জাহাজে একটা সাগরের মধ্যে ঝড় শুরুহয়ে আর পুডরা জাহাজের যাহা কিছ আছে সব পোরা ভাষায় নেয়া যায়গা
test_tangail_0045.wav,tangail,"পরে 'পাই' একটা বোট পায় মানে, ইরফান খান একটা বোট পায়। ওই বোটে কইরা কোনো রকম আর কি ওই রাইতটুক ভাসে। পরে সকালে উইঠা দেহে যে ওর সাথে এই ই বাঘটা যে আছে রিচার্ড পার্কার ও সাঁতার কাটতাছে। পরে",রে পাযই একটা ভোট পায় মানিরফানখানে একটা ভোট পায় ওই ভোটে করে কোনো রকম আর কিউই রাটুপ বাসে পরে সকালেইউ ঠেথে যে এ সাথে এই ই বাঘটা যাছে রিচাট পার্কার ও সাতার কাটতেআছে পরে
test_tangail_0046.wav,tangail,যেহেতু অর একটা আগেই স্রিচুয়াল একটা ই ছিলো পশু-পাখিদের প্রতি। পরে ও ওই বাঘটারে এই বৈঠার সাহায্যে যেমনেই হোক ওই নৌকায় উঠায় কিন্তু বাঘ তো হিংস্র প্রাণি। অর তো খিদা লাইগা গেছে মানে ও এহন চাইতাছে যে ইয়েরেই খাইতে।,যেহেতু আর একটা আগে স্পিচছল একটাই ছিল পশুবাকীদের প্রতি পরে ওই বই বাঘটারে বৈঠার সাহায্যে যেমনেও কই নৌকায় উঠায় কিন্তু ভাগ ত হিংস প্রাণী অর ধক্ষিরা লাইও চাইতাছি েগিয়ের ই খাইতে
test_tangail_0047.wav,tangail,ইরফান খানরে খাইতে। কিন পরে এইরকম করে খাইতে নেয় পরে ইরফান খান আবার লাফ দিয়া পানিতে যায়। ওর একটা আবার আলাদা ই আছে। আলাদা ভাসার ভাসে থাকার জন্য আরেকটা ই রাখছে যেহেতু ওউ বুঝতে পারছে যে বাঘ যেহেতু,পিফান খান রেখাইতে কিন্তু পরে এ রকম করখাইতে ন্যায় পরে লিফানখান আবার লাফ দেয়া পানিতে যায় অর একটা আবার আলাদা এয়ে ছে আলাদা ভাষার ভাসয় থাকার জন্য লের আরেকটাই রাখছে যেহেতু ওবুঝতে পারছে যে বাখ যেহেতু
test_tangail_0048.wav,tangail,"ও হয়তো, মানে ই ও করতে পারে হিংস্র হইয়ে যাইতে পারে। পরে এইরকম করতে করতে ইরফান খান বাঁইচা থাকার অনেক টেকনিক শিখে। ও মাছ নিয়া মানে সাগর থিকা মাছ ধরে ওই মাছ নিয়া",ইও করতে পারে হিংস হয়ে যেতে পার পরে এইরকম করতে করতে পিরফানখান বা়তা থাকা অনেক টেএকনিক শিখে ও মা্ছ নিয়ে মানে সাগর থেকে মাস ধরে ও মার্ছ নিয়ে
test_tangail_0049.wav,tangail,"অই বাঘরে খাইতে দেয়। পরে আস্তে আস্তে বাঘটারে বসে আনে। বাঘটারে বসে আনে, পরে বাঘও বুঝতে পারে যে, আমার মানে বাঁইচা থাকার জন্য ওই মানুষেরও দরকার আছে",ঘরে খাইতে দাই পরে পস্তাস্তে বাঘটারে বসে আনি বাঘতারে বসে আনে পরে বাগও বুঝতে পারে যে আমার মানে বাইচে থাকার জন্য ওই মানুষেরও দরকার আছে
test_tangail_0050.wav,tangail,পরে এইরকম দুইজনে অনেক সময় পাড়ি দেয়। দীর্ঘসময় পাড়ি দেয়। এইসময় তারা সাগরের বিভিন্ন ই দ্যাখে। পশু-পাখি দ্যাখে তারা বিভিন্ন পশু-পাখি,পরে এরকম দুজনে অনেক সময় পা়ি দেয় দীর্ঘ সময় পা়িরা এ সময় তারা সাগরের বিভিন্ন ীদেখে পশুপাখি দেখে তারা বিভিন্ন পশুপাখি
test_tangail_0051.wav,tangail,"দ্যাহে। পরে ওই মানে বন্ধুত্ব হইয়া যায় আর কি। এইসময় পরে অরা ভাসতে ভাসতে এই দুইজনে মেক্সিকোর একটা দ্বীপের, দ্বীপ নাকি তীরের আইসা পড়ে। মানে লোকালয় আছে এইরকম জায়গায় আবার বনও আছে।",রেমানে বন্ধুত হয়ে যায় এসময় পরে আ়া ভাসতে বাচতে দুজনে মযাক্সি কর একটা দ্বীপের দ্বীপনাকি তীরের আসে বড়ে মনে লোকালয় আছে এই রকম জায়গায় আবার বনও আছে
test_tangail_0052.wav,tangail,পরে রিচাড পার্কার যে বাঘটা ও বনে চইলা যায় গা। নাইমাই না নায়মাই বনে চইলা যায় গা। আর ইরফান খান ওই বাঘটারে চইলা যাইতে দ্যাহে কিন্তু বাঘটা মানে কহনো পিছনে ফিরা আর তাকায় না।,রিসার্ট পার্কার যে বাঘটা ও বরনে চলে যায় নাইমেনা নাইমাই বনে ের ইফারন খান ই বাঘ্টারে চলে যাইতে দেহে কিন্তু বাঘটা মানে কখনো পিছনে ফিরা র তাকাযইনা
test_tangail_0053.wav,tangail,এতে মনে করো কিন্তু ইরফান খান ভাবছিলো যে একবার হয়তো অর কাছে আইসা আবার চইলা যাবো। মানে আমরা অনেকসময় কুকুর বিড়ালরে যেইরকম আদর করি ওইরকম একটা আদর দিতে চাইছিলো ইরফান খান।,এতে মনে েকিন্তু ইফান খান ভাবছিল যে একবার হয়তো অরকাচাইশা আবার চলে যা মানে আমরা অনেক সময় কুকুরবিড়ালে যে বিরকম আদর করি ওই রকম একটা আদর দিতে চাইছি
test_tangail_0054.wav,tangail,"এই ছবির লাস্টের দিকের যে লাইনডা আছে। এই লাইনডা মানে আমার সবচেয়ে খুব টাচি একটা লাইন। যেনে বলা অইছে, ""আই সাপোজ ইন দা ইন্ড, দ্যা হোল অফ লাইফ বিকামস অ্যা এক্ট অফ লেটিং গো।",এই ছবির লাষ্টের দিকের যে লাইন্ডা আছে ইট লাইনডা মানে আমার সবচেয়ে খুব কাচই একটা লাইন জেনে বলা হয়েছে আই সাপুজ ইন্দাইন দ্য হোল অব লাইফ বিকামস এ ্যাকটফ লেটিং গো
test_tangail_0055.wav,tangail,"বাট হোয়াট হার্ট মোস্ট ইজ নট টেকিং এ মোমেন্ট টু সে গুড বায়""। মানে আমার আমি মনে আমার মনে মাঝেম আমার মনে হয় যে, আমার জীবনটাই একটা এ বিদাই দেওয়ার একটা",হাটসমোস্ট নট পেকিং এে মোমেন্ট টু আার আমি মনেও আমার মনে মাঝআমার মনে হয় যে আমার জীবনটাই একটা বিদায় দেওয়ার একটা
test_tangail_0056.wav,tangail,অভিনয় সবকিছু ছেড়ে দেওয়ার একটা অভিনয় কিন্তু যেটা সবচে বেশি আর কি পিড়া দেয় বা যন্ত্রণা দেয় সেটা হচ্ছে একটা মোমেন্ট এক যেটা মানে গুদবাই বলার একটা সময়।,অভিয় সব কিছু ছেড়ে দেয়ার একটা অভিনয় কিন্তু জেটা সবচেয়ে বেশি আর কি পীরাদাইস বা যন্ত্রণা দেয় সেটা হচ্ছে একটা মোমেন্ট জেটা গুধ বায় বলার একটা সময়
test_tangail_0057.wav,tangail,"যেটা আসলেও কেউ আসলে বইলা যায় না। অর্থাৎ মানে বুঝাইছে এইরকম যে, আপনার প্রিয় জিনিস অথবা প্রিয় মানুষ, যার সাথে আপনার অনেকদিনের সম্পর্ক সে হয়তো চইলা যাইতেছে কিন্তু একটা সুন্দর গুডবাইও হয়তো",ুলে কেউ আসলে বোইলা যায়ানি বুঝাই সেই রকম যে আপনার প্রি় জিনিস অথবা প্িড় মানুষ গাছাতে আপনার অনেক দিনের সম্পর্ক সে হয় তাপ চলে যেতেছে কিন্তু একটাসুন্দর গুটবায় হয়ত
test_tangail_0058.wav,tangail,"বলার টাইম নিয়া নেয় না আর কি এইরকম। অথচ আপনি আপনার সারাডা জীবন মানে, তারসাথে খুবই ই রাখছেন কিন্তু সে বিদায়ের সময় সে একটা গুডবাইও আর কি বললো না এইরকম। আই সাপোস ইন দা ইন্ড দ্যা হোল অফ লাইফ বিকামস এন এক্ট অফ লেটিং গো।",বলার টাইম নিয়া নেয় না ি এরকম অথচ আপনি আপনার সারাটা জীবন মানে তার সাথে খুবই রাখছেন কিন্তু সে বিদায় সময় সে একটা গুড ব্ায়োয়ার কি বলনা এরকম আইসাপোস ইন্দ্যা ইনদ্য হোল অফ ফ্লাইফ বিকামসার ন্যাকটাফ লেটিং গো
test_tangail_0059.wav,tangail,"বাট হোয়াট হার্টস মোস্ট ইজ নট টেকিং এ মোমেন্ট টু সে গুড বায়। আচ্ছা এরপরের ছবিডা হচ্ছে বলিউডের, আর তা অইছে অক্টোবর। এই ছবি রিলিজ হয় দুই হাজার আঠারো সালে, আর আইএমডিবি রেটিং সেভেন পয়েন্ট ফাইভ।",বাট হোয়াটহাডসমোস্ট ইজ নট টেকিং এ মোমেন টুেএর পরের ছুবিটা হচ্ছে বলিউডের তাে অক্টোবর এছবি রিলিজয় ২০১৮ সালে আর আইম ডিমিরেটিং ৭৫
test_tangail_0060.wav,tangail,এইডায় অভিনয় করছে বরুণ ধাওয়ান আর বানিতা সাধু। এই ছবি আমার পছন্দ হওয়ার এইডা একটা কারণ আছে। তা আর এইডা অইছে আমার মানে আমি যেই মাসে জন্ম হইছি ওইডাও অক্টোবর মাস আছিলো। অক্টোবর মাসটা ভালোই লাগে। একটু শীতশীত থাকে।,এটাই অভিনয় করছে বরুন ধওয়ার আর বানিতা সাধু এই ছবি আমার পছন্দ আ এরএকটা কারণ আছে তার র রেছে আমার মানে আমি যেই মাসের ধন হসি ওইডা অক্টোবর মাসে ছিল অক্টোবার মাসটা ভালোই লাগে পুশিতচিত থাকে
test_tangail_0061.wav,tangail,এ বরুণ ধাওয়ান এই ছবিতে মানে বরুণ ধাওয়ানের নাম ড্যান আর হইছে বানিতার নাম হইছে শিউলি। ওই অক্টোবরে যে শিউলি ফুল আছে না? ওই শিউলি ফুলের নামেই আর কি নাম শিউলি।,বরুন্দাযবানি ছবিতে মানে বোনধনের নাম ড্যান রয়েছে বানি তায়র নাম ছে শিউলি ঐ অক্টোবরের যে শিউরি ফুলাসেনা ও শুলি ফলের নামেই আরকি নামশু়ি
test_tangail_0062.wav,tangail,আর এই ছবিতে শিউলি ফুলের একটা ভুমিকা আছে যেইডা মানে গল্পের স্টোরির ভিল্ড অওয়ার সাথে সাথেই বুঝা যায়। বানিতা এর পছন্দের ফুল মানে যে নাইকা অর পছন্দের ফুল অইলো শিউলি।,এই ছবিতে সিরি ফুলের একটা ভূমিকা আছে জেটা মানে গল্পের স্টোরির বিল্ড র সাথে সাথেই বুঝবে বানি তার পছন্দের ফুলমানি যে নায়িকা আবর পছন্দের ফুল হল শিউলি
test_tangail_0063.wav,tangail,"আর বরুণ ধাওয়ান আর বানিতা দুইজনেই হচ্ছে, হোটেল ম্যানেজমেন আর ট্যুরিজমের মানে স্টুডেন। মানে অরা আর কি হোটেলে এহন আর জব করে। সম্ভবত মুম্বাইর কোনো একটা ফাইভ স্টার হোটেলে ম্যানেজমেন্টের কাজ করে। মানে কহনো",বলুন ধ রাবানীতা দুইজনএছে হোটেল ম্যানেজম্যান আর টুরিজমের মানে স্টুডেন্ট মানে মরা পিরি হোটেলে এখা জপ করে সম্ভবত মুম্বায়র কোনো একটা ৫াই িস্টার হোটেলে ম্যানেজমেন্টে কাজ ে কখন
test_tangail_0064.wav,tangail,"অরা কহনো শেফ, কহনো মানে যে যহন যে দায়িত্ব পরে কহনো শেফ, কহনো ওয়েটার। কহনো ক্লিনার, কহনো <> ডায়ার, কহনো ওয়াশার, কহন আবার দ্যাহা গেছে যে ম্যানেজার কোনো এক ফ্লোরের। তো এইরকম।",সে কন মানেজে যখন যেই দায়িত্ব পরে কখনো সেব কহনওয়এটার কহন ক্লিনা কনো ডায়ডায়ার কনোওযআসাদ গহনাবার দেখা গেছে ম্যানেজার কুনএক ফ্রোডে তৈরকম
test_tangail_0065.wav,tangail,"যহন নিউ ইয়ার, মানে এইরকম চলতে চলতে অয় ছবিতে দ্যাহায় যে একটা নিউ ইয়ারের সময় অইছে, মানে হোটেল জুইড়া পার্টি। স্টাফদের আলাদা পার্টির জায়গা আবার যারা কর্পোরেট ওদের একটা আলাদা পার্টির জায়গা আছে। মানে যারা স্টাফ অরা তো আর",খন নিউ ইয়র্ক মানে কম চলতে চলতে ছবিতে দেখায় যে একটা নিউ ইয়র্কের সময় এসে মানে হোটেল জুরাপার্টি িস্টাবদের আলাদা পার্টি জায়গা আবার যারা কর্পোরেট অদের একটা আলাদা পার্টির জায়গা আছে নে ধারা স্টা পরাত আর
test_tangail_0066.wav,tangail,কর্পোরেট পার্টিতে ঢুইকা পার্টি করতে পারবো না। অদের তো আলাদা একটা সাউড যারা স্টাফ আছে। ওইতো অরাও যেমন স্টাফ ওইরকমই। তো এই পার্টির মদ্যেই মানে শিউলি একদম মানে রেলিং এর কাছে যাইয়া,কর্পোরেট পার্টিতে ধুইকা পার্টি করতে পারব নহদের তা আলাদা এা তআরাযমনস্টাঐডমি তই পার্টির মধ্যেই ানেশিউলি একম নে রেলিংয়ের কাছা যা়াব
test_tangail_0067.wav,tangail,"মানে বসতে বসতে গেছিলো। ওইসময় ও মানে পিছলা যাইয়া নিচে পইড়া গেছিলো আর কি একদম। নিচে পইড়া যায়। কিন্তু মানে এই কত মানে পইড়া যাওয়ার ঠিক সময়েই বইলা গেছিলো যে, হয়ার ইজ ড্যান? মানে বরুণ ধাওয়ান কোথায়? মানে",সেল ওসময় অমানে পিথলে যায় নিচে পড়া গেছিনিেপড়ে যাযকিন্তু মানে কদমানে পড়ে যাওয়ার ঠিক সময়ই বলবলে গেছিল যে হয়েরিস ড্যান ােক বরুনধন কোথায়
test_tangail_0068.wav,tangail,"এইরকম একটা মানে অর নর অর যে ফ্রেন্ডসরা আছিলো, অয় অগো কাছে বলছিলো বরুণ ধাওয়ান কোথায়? পরে হাসপাতালে নেওয়া অয় কিন্তু মানে শিউলি মানে কোমায় চইলা যায় একদম। পরে বরুণ ধাওয়ান যখন জানে যে",এরকম একটা অর্নার অড্জের ফ্রিন্ড জা ছিল ব বরুন ধন কোথা় পরে হাসপাতালে নেয়ায় কিন্তু মে শিউলি মানে কুকুমাই ফেলা যায় পরে বরুন ধনধন জানিয়ে যে
test_tangail_0069.wav,tangail,"তহন মানে জানে তহন ওই যায় হাসপাতালে। আর অরা দুইজন দুইজনরে পছন্দ করতো মানে কিন্তু বরুণ ধাওয়ান অতো সিরিয়াস আছিলো না আর মেয়েডাও মানে যে নায়িকা অরা কেউ কা মানে দুইজনেই কেউ কাওরে বলে নাই। বরুণ ধাওয়ানও সিরিয়াস ছিলো না, মেয়েডাও",তওই যায় হাসপাতালে রদু জন দুজনকে পছন্দ করতো মানে কিন্তু বরুন ধরালনত সিরিয াতাছিল না আর মেয়েডাউ নাইকাকেউ দুজনে কেউ কাঠে বলে নাই পুরন ধরন সিরিয়াজছলামেয়ে
test_tangail_0070.wav,tangail,"হালকা একটু সিরিয়াস ছিলো। মানে শুরুডা অইতেছিলো কেবলই, এইসময়েই এইরকম একটা ঘটনা ঘটে। পরে বরুণ ধাওয়ান প্রত্যেকদিন যেহেতু মানে একটা এত্তো বড় এক্সিডেন্ট। তার লাস্টের ই ছিলো মানে হয়ার ইজ ড্যান মানে অরেই খুজতাছিলো।",শুরু বাহিতছিল এই সময় এ নমত্যার ঘটনা ঘটে পরে বুরুন ধামান প্রত্যেকদিন যেহেতু ানে একটা এক্টোবর অ্কসিডেন্টার লাষ্টের ই ফিল মানে হয়া রিসডাইন মানে অরেই খুচ্তা ছিল
test_tangail_0071.wav,tangail,"এইটা বরুণ ধাওয়ানের একটা মনে একটা জায়গা কইরা নেয়। পরে বরুণ ধাওয়ান ডেইলি কাজ শেষ কইরা হাসপাতালে যায়। শিউলির সাথে দ্যাহা করে, অর মানে ওইযে কোমায় যে গ্যাছে গা, মানে সেন্স যে নাই, পরে ওই সেন্স ফিরাইয়া আনার ট্রাই করতে থাকে।",এটা বরুন ধরনের একটা মনে একটা জায়গা করে নেয় পরে বরুন দাওয়ান ডেইলি কাজ শেষ করে হাসপাতালে যায় সিলির সাথে দেহা ঘরে পরমানে যে কুমায়জে গেছে গা মানে সেন্স যে নাই পরে ও সেন্স ফ্িরে আন ট্রাযই করতে থাকে
test_tangail_0072.wav,tangail,"এইরহম চলতে চলতে প্রায় একবছর, বরুণ ধাওয়ানের এহন আর চাকরির প্রতি অর হুশ নাই। মানে ও সবসময়ই ওই কেমনে ওই শিউলির কাছে যাবো? কেমনে অর সাথে কথা কবো? অর কেমনে সেন্স ফিরাইয়া আনবো? এইরকম ভাবে আর কি অর লাইফ চলতে থাকে।",রম চলতে চলতে প্রায় এক বছর বরুনধারনের নানার চাকরির প্রতির হুশ নায় মানেও সব সময় কেমনিওই শিউলির কাছে যাবো কেমনার সাথে কথা কবর কেমনেসিনস্পি়ান ব এ রকম ভাবে আর কি অনলাইট চলতে থাকে
test_tangail_0073.wav,tangail,"চাকরির মানে একদিন যায় তো আরেকদিন যায় না। অর যে বন্ধুরা আছে অরে সাহায্য করে, ধার-দ্যানা কইরা চলতাছে আর কি কিন্তু অর যে ফ্যামিলি আছে, বরুণ ধাওয়ানের ফ্যামিলি ওর ফ্যামিলি তো আর এইডা মানে মাইনা নিতে টলারেট করতাছে না। তো অর ফ্যামিলি",াির মানে একদিন যায়তো আরেকদিন যায় না অর্য্যেবন্দু রায়সওয়রের সাহায্য করে ধার্যানা করে চলতেছে কিন্তু অর্জেফ্যা মিলিয়াছে বুরুন ধরনের ফ্যামিলি ও ফ্যামিলিতো আর মানে মানে টলা় করতেছে পয়য়ার ফ্যামিলি
test_tangail_0074.wav,tangail,"ওই হাসপাতালে শিউলির আম্মার কাছে বলে যে, আপনি বরুণ মানে বরুণরেও একটু বুঝাইয়েন যে এইরকম তো আমার আর চলতাছে না। পরে ওই শিউলির যে আম্মা থাকে, সে বরুণ ধাওয়ানরে বুঝায় যে এখন তুমি ক্যারিয়ারে সময় দাউ।",ওই হাসপাতালে সিলিম আম্মার কাছে বলে যে আপনি বর মানে বরুনডেবোঝায়েন যে এরকম ত চলতেছে না পরে ও সিলির যে আম্মা থাকে সে বলুন দন্ডে বুঝায় য এখন তুমি ক্যারিয়ারের সময় দাউ
test_tangail_0075.wav,tangail,"এ শিউলির যা হওয়ার তা তো হইছেই। আমরা আশা করি ও সুস্থ হইয়া পড়বো এইরকম। পরে বরুণ ধাওয়ান যহন আইয়া মানে অফিসে আইসা পড়বো, ওইসময় আবার অক্টোবর ছিলো। ও শিউলি ফুল নিয়া",শিউলির যা হওয়ার তা তই েই আমরা আশা করিও অসুস্থ হয়ে ড় এরকম পরে বরুন্দায়ানজন আয়ামানে অে আইশা বলব ও সময় আবার অক্টোবর ছিল ও শিউলি ফুল নিয়া
test_tangail_0076.wav,tangail,"ওই শিউলির যে বেড, মানে বানিতার যে বেড, নায়িকার যে বেড ওই বেডের পাশে রাইখা আসে। পরে এই ফুলের অর তো আবার অর পছন্দ আছিলো আগে থিকাই। এই ফুলের বাসনা তো, মানে কথা না বলতে পারলেও অনেকসময় আছে না সেন্স কাজ করে? ওইতো ওইসময়ে অর এই সেন্সটা মানে",ঐ সিউলির যে বেড মানে বানিতার জেপেনা়িকারযে ে ও বিড়ের বাশে রাইখা আ পরেই ফুলর অতোআরবার অর পছন্দ এই ফুলের বাসনা ত কথা না বলতে পারলে অনেক সময় স না সেন্স কাজ করে ত্ত সময় ও এই সেন্স্টামানের
test_tangail_0077.wav,tangail,বুঝতে পারে পরে আস্তে আস্তে হালকা হালকা নাড়া-চাড়া করা শুরু করে। মানে সেন্স কাজ করা শুরু করে। পরে শিউলির মা কলেজের লেকচারার। অর তার পক্ষে আর হাসপাতালের খরচ চালানো আসলে সম্ভব হইতাছে না।,বুঝতে পারে পরে রাস্তাআস্তে হালকালকা না়াচড়া করা শুরু করে মানে সেন্স কাজ করা শুরু করে পরে শিউলিমা কলেজের লেকতারার র তার পক্ষের হাসপাতালের খরচ্ চালানো আসলে সম্ভব হইতাছে না
test_tangail_0078.wav,tangail,"সেও আসলে ধার-দ্যানা অনেক হইয়া গেছে। পরে এই সবাই সিদ্ধান্ত নেয় যে শিউলিরে, মানে নায়িকারে, মানে বানিতারে হাসপাতাল থিকা বাসায় স্থানান্তর করা অবো।",সেও আসলে ধারদে না অনেক হয়ে গেছে পরে ই সবাই সিদ্ধান্ত নেয় যে সিউলরি মানি নাইকার মানে বানি তারকে হাসপাতাল থেকে বাসায় স্থানান্তর করা হবে
test_tangail_0079.wav,tangail,পরে বাসায় স্থানান্তর করা হয়। বরুণ ধাওয়ান এইদিকে তার ফিউচার ক্যারিয়ার নিয়া ব্যস্ত অইয়া পড়ে। সে এহন আগের থিকা অনেক বেশি সিরিয়াস হইয়া গেছে। তারপরে হটাৎ একসময় ফোন আসে যে,পরে বাষা স্থানান্তর করা হয় পরুনধাওয়ান এদিকে তার ফিউচার ক্যারিয়ার নিয়ে ব্যস্ত হয়ে পড়ে সে হন আগের থেকে অনেক বেশি সিরিয় াসনে গেছে তারপরে হঠাৎ এক সময় ফোন আসে যে
test_tangail_0080.wav,tangail,এই শিউলি মারা গেছে বরুণ ধাওয়ানের ফোনে। পরে বরুণ ধাওয়ান পুরা ভাইঙ্গা পরে। পরে আবার শিউলির বাসায় যায়। যাইয়া শিউলিরে দ্যাহে। দেইখা আসে।,শিউলি মারা গেছে বরুণধরনের ফনি পরে বরুনধাওয়ান পুরাভেঙা পড়ে পড়ে আবার খিউলির বাসায় জায় দায়া ছিউলিরে দেহিদেইখা আসে
test_tangail_0081.wav,tangail,তারপরে আবার কাজে ফিরা আসে। যেহেতু সে অনেক এহন সিরিয়াস বেশি। এহন আরো অনেক বেশি সিরিয়াস। পুরা সে স্ট্রং ম্যানেজারের দায়িত্ব পালন করে। কোনো কিছু সে এহন আর টলারেট করে না।,তারপরে আবার কাঁজে ফিরা আসে যেহত সে অনেক এহন সরিয়াস বেশি এমন আরও অনেক বেশি সিরিয়াস পুরাসেই স্ট্রং ম্যানেজারের দায়িত্ব পালন করে কোন কিছু োর টলার করেনা
test_tangail_0082.wav,tangail,"আগে কাস্টমারদের সাথে যেমন ব্যবহার করতো এহন তার ব্যবহারডা চেঞ্জ অইছে। পরে একদিন শিউলির মা বরুণরে ডাকে, বাসায় আসতে বলে। পরে বরুণ যায় পরে দ্যাহে যে",আগে কাস্টমারদের সাথে যেমন ব্যবহার করতে হন তার ব্যবহারদাচেন রেছে পর একদিন সিউলিট মা বরুন ের ডাকে বাসায় আসতে বলে পরে বরুন যায় পরে দেখে যে
test_tangail_0083.wav,tangail,শিউলির ফ্যামিলি আসলে এই বাসা ছাইড়া অন্য জায়গায় চইলা যাইতাছে। এই বাসায় আসলে শিউলির অনেক স্মৃতি আছিলো। পরে শিউলির এই শিউলির মার সাথে বরুণের অনেকক্ষণ কথা হয়। পরে মানে শিউলির আম্মা বরুণরে বলে যে,শিউলির ফ্যামিলিশুলে এই বাসা ছেড়া অন্যদায় চলে যিতেআছে এই বাসায় আসিল শুলিয অনেক সিটিয়াছিল পরে ুলি ওসুলির সথে মারশাথে ভোরনে় অনেক ক্ন কথা হয় পরে মানেশুলিরাম্মা বরুন্ডে বলে যে
test_tangail_0084.wav,tangail,শিউলির পছন্দের ফুলগাছ ছিলো এই শিউলি। আমি এই গাছটা আসলে তুমার কাছে রাইখা যাইতে চাই। পরে বরুণ ধাওয়ান এই গাছটা নিয়া দ্যাহা যায় যে একটা এই ভ্যানে বরুণ ধাওয়ান এই গাছটারে নিয়া চইলা যাইতাছে।,ুলির পছন্দের ফুলগাছ ছিল এই শুল আমির গাছটা আসলে তোমার কাছে রাইখাযাইতে চাই পরে বরুনধাওয়ান এই গাছটা নিয়ে দেখাজায়িতে একটা এই ভ্যানে বরুন ধাওয়ানের গাছতাড়ে নিয়ে চলে যেতে
test_tangail_0085.wav,tangail,"মানে এল্লিগাই ছবিডা আসলে বেশি ভাল্লাগতাছে যে, আপনি যাকে ভালোবাসেন তার পছন্দের জিনিসগুলাও আপনার একসময় ভালোবাসা হইয়া যায়। তার পছন্দের জিনিসগুলার সাথে সাথে। এইডাও একটা আসলে ভালোবাসা প্রকাশের অন্যতম, মানে নিজের মধ্যে রাইখা দেওয়ার অন্যতম একটা ই।",মানে এলিগাই ছবিরা আসলে বেশি ভার লাগেছে যে আপনি তাকে ভালোবাসেন তার পছন্দের জিনিসগুলো আপনার একসময় ভালোবাসা হযে য় তার পছন্দের জিনি বিলার সাথে সাথে এদা কটা আসলে ভালোবাসা প্রকাশের অন্যতম মানে নিজের মধ্যেখা় খাতর একটা অন্যতম একটা
test_tangail_0086.wav,tangail,"সো ছবিটা আসলে দেখলে মানে ভাল্লাগবো অনেক। তারপরে আমি যেই মুভিডা শেয়ার করমু, সেইডা হইছে সাভারিয়া। এইডা দুই হাজার সাতের ছবি। এই গানগুলা আমি শুনছিলাম কিন্তু এর এই ছবিডা আমার কহোনোই আর কি দেহা",চোখ ছবিটা আসলে দেখলে মানি ভাল লাগবনা তারপর আমি যে মুহিরা শেযহার কর্ম সেখাছে সাভার২০৭ এর ছবি এইের গানগুল আমি শুনছিলাম কিন্তু এ ছবিডামানের কখনোই আজকি দেহল
test_tangail_0087.wav,tangail,"পরে ইদানীং আমার কেমনে জানি মনে অইলো যে এই ছবিডা দ্যাহি। এই ছবিডা দ্যাহা অয় নাই। পরে এই ছবিডা মানে ডাউনলোড কইরা দেখতে দ্যাহা শুরু করলাম। দুই হাজার সাত সালের ছবি এইডা অইছে এই দেবদাসের যে ডিরেক্টর আছে, পদ্মাবতের যে ডিরেক্টর আছে, এ",পরে ইরানিং া মার্কিন যদি মনেলেই ছবির দেখি িপরে ছবিটা মানে গানো করে দেখতে দেহা শুরু করলাম ২০৭ সালের সুবি এডাইসে ই দেবদাসের দে ডিরেক্টর আছে পদ দাওয়াতের যে ডিরেক্ট
test_tangail_0088.wav,tangail,"বলিউডের অন্যতম এক প্রভাবশালী ডিরেক্টর সঞ্জয় লীলা বানসালি, তার তৈরি। আর রনবীর কাপুর তহন, রনবীর কাপুরের ওইডা প্রথম ছবি। আর ছবিতে সালমান খান, সোনাম কাপুর, রাণী মুখার্জিও আছে। মেইন ক্যারেক্টার আছিলো এই চারজনেই।",বলিউডের অন্যতম এ প্রভাবশালী ডিরেক্টর সন্জয় লেলা বাংসালি তার তৈরি আরণবীর কাপুর তন রণবী কাপ় এটা প্রথম ছবি আরি ছবিতে সালমান খান সোনাম কাপুর রানি মুখার্জিও আছে মেইন ক্যারেক্টারআসুলে এই চারিজনেই
test_tangail_0089.wav,tangail,"<> মুটামুটি এই চারজন বাদে আর কেউ নেই। আর এই ছবিতে আরেকটা বিষয় অইছে, এই ছবিতে আসলে মানুষ তেমন নাই ই। খুব অল্প মানুষ নিয়ে এই ছবিডা মানে মেক করা অইছে। আপনি পুরা ছবি দেখলেও মানে হাতেগোণা মানে দশজনেরও মনে অয় কম মানুষ নিয়া এই ছবিডা বানানো।",দনারকেউ নেই এই ছবিতে আরেকটার বিষয় ছে এই ছবিতে আসলে মানুষ তেমন নাই খুব অল্প মানুষ নিয়ে সুবিধা রে আপনি পুরা ছবি দেখলে ওমানে হাতেগোণা বমানে দশ জনেরও মনয় কম মানুষ
test_tangail_0090.wav,tangail,"এই ছবির শুরুতে দ্যাহা যায় যে, রাণী মুখার্জি থাকে। সে একটা কাল্পনিক শহরে থাকে। সে ওই জাগার এক প্রোস্টিটিউট আর কি কিন্তু ওই শহরে একদিন রনবীর কাপুর আসে। রনবীর কাপুর আহে। ওই সিনেমায় যা অর নাম থাকে রাজ।",এস বিশ্বিদ্যা দেয়া যায় যে রানী মুখার্জি থাকে সে কাল্পনিক শহরে থাকে সে ঐই ধাকার এক প্রশ্নটিও টাকি কিন্তু ঐশহর একদিন রণবির কাপুর আসে রণবীর কাপড়াহে ওই সিনেমায় নযাঅর্ন্ান থাকে রাজ
test_tangail_0091.wav,tangail,"ওই রাজ মানে রনবীর অইলো এমন এক পুলা, যে ওই সবসময় খুব হাশিখুশি থাকে। মানে কহনো দুঃখ পায় নাই। সবাইরে হাসায় গিটার নিয়া ঘুইরা বেরায়। মানুষরে হেল্প করে। আস্তে আস্তে রাণী মুখার্জির ভালো বন্ধু হইয়া যায়।",াস মানে রণবি রইল এমন এক পোলা যে ঐ সব সময় খুব হাসি খুশি থাকে মানে কহনও দুঃখ পায়না এরকম একটা সবাইরে হাসায় গীতার নিয়ে ঘুরা বেড়ায় মানুষকে হেল্প করে মস্তারস্তে রাণী মুখার্জির ভালো বন্ধু হয়ে যায়
test_tangail_0092.wav,tangail,"ওই শহরে আর সবার সাথে অর একটা ভালো সম্পর্ক অইয়া যায়। সবার ভালো পুলা হিসাবে চিনে। ওই শহরে একদিন রনবীর কাপুর হাঁটতেছিলো রাইতে, ওইসময় দ্যাহে যে একটা মে আইয়া পড়ছে। সাকিনা মানে সোনাম কাপুর। সে লুকাইয়া লুকাইয়া হাঁটতাছে পরে রনবীর কাপুর মনে করে যে মেয়েডার আসলে বিপদ ইকটু সাহায্য করা",ঐ শহরে আর সবার সাথে অরোর একটা ভালো সম্পর্ক হয়ে যায় সবার ভালোপুলা হিসেবে চিনে ঐই ঝার একদিন ডনমীরকাপুর হাটতেছি লড়াইতে ও সময় দেহেজএকটা ময়ের সাকিামানে সোনাম কাপুড় সে লুকায় লুকা হাটতাছে পরে ভাণবিডরি কাপুর মনে করে যে মেয়েডারটা আসলে বিপদ িক্ট সাহায্য করা
test_tangail_0093.wav,tangail,"সাহায্য করতে যায় ও। পরে আস্তে আস্তে কথা-টথা হয়। পরে অদের মদ্যেও বন্ধুত্ব অয়। রনবীর কাপুর আস্তে আস্তে সকিনার প্রেমে পইড়া যায় কিন্তু সকিনা অরে ফ্রেন্ড হিসাবেই ভাবতে থাকে। সকিনা ভালোবাসে অইলো ইমান মানে সালমান খানরে, যে অদের বাসায় আর কি মেহমান হিসাবে ছিলো।",সাহায্য করতে াও পরে আস্তাআসতে কথারত হয় পরেবধ্ অধের মধ্যে বন্ধুত হয় গণবীর কাপুর আস্তাস্তে ছোকি নার প্রেমে পড়ে যায় কি কিন্তু ছোখি নারে ফেন হিসাবেই ভাবতে থাকে ছোকি না ভালোবাসা এল ইমান মানে সালমান খানকে যে র বাসায়ারকি মেহমান হিসেবে ছিল
test_tangail_0094.wav,tangail,কোনো একটা পরে ব্যবসার খাতিরে ও অনেক দূরে যায় গা। পরে কিন্তু সোনাম কাপুর আবার ইমানরে প্রথম দেহাতেই পছন্দ কইরা ফালায়। আর অর জন্য ও সারাজীবন অপেক্ষা করতেও রাজি কিন্তু ইমান তো ব্যবসার কাজে যে যায় অন্য শহরে অর আর কোনো খোঁজ নাই।,কোন একা পরে ব্যবসার খাতীরে ওনেক দূরে িনকিন্তু সোনাম কাপুর আবাট রিমান্ডের প্রথম ধেয়াতেই পছন্দ আরওয়াডজীবণ্য ও সারাজীবন অপেক্ষা করতেও রাজি কিন্তু ইমান্ত ব্যবসার কাজে দে যায় অন্য শহরে অরার কোনো খোঁজ নাই
test_tangail_0095.wav,tangail,অনেক বছর কিন্তু সাহিনা মনে ওই আশা নিয়াই থাকে যে ইমান আসবে। কিন্তু অনেক দিন যায় ইমান তো আসে না। রনবীর কাপুর সকিনার জন্য খোঁজ নিতে যায় ইমানের ওই শহরে কিন্তু কাউ মানে কেউ চিনে না এইরকম।,র কিন্তু সাহিনা মনেই আসা নিয়েই থাকে রেইমান আসবে কিন্তু অনেক দিন যায় ইমান তা আসেনা রণবীর কাপড় শুকিনার জন্য খোঁজ নিতে চায় বমানের ও শহরে কিন্তু কার মানে কেউ চীনে না এ রকম
test_tangail_0096.wav,tangail,"পরে আইসা আবার সকিনারে বলে যে, ইমানরে পাই নাই। তো এহন কি করবা? তোমার তো আ আমি তোমারে অনেক ভালোবাসি। এইরকম পরে কিন্তু ওই সাকিনা যে",পরে আ়সা আবার থাকিনারে বলে যে ইমারে পাই নাই ত এহন কি করবা তোমার ত রআমি তোমাকে অনেক ভালোবাসি এ রকম পরে কিন্তু ওই সাকিনা যে
test_tangail_0097.wav,tangail,এ সকিনা কহন সকিনা ওই রনবীর কাপুররে কহনো আর ফ্রেন্ড হিসাবেই দ্যাহে সবসময়। সকিনা তাও আশা ছাড়ে না। হটাৎ একদিন ইমান আসে। সকিনারে ইমান কথা দিছিলো যে এই ব্রিজের এইখানেই আসবো। ওইখানে একটা ব্রিজ আছে।,ছক না কোহন শোকি না় ঐভনবিড কাপুড়ে কহন নোয ়ট ফ্রেন হিসাবে ইরেহে সব সময় ছোকিনা তাও আশা ফেরে না হথাৎ একদিন রমান আসে ছকিনারে বিমানর কথা দিছিল যে এই বিজের এইখানেই আসবে ইখানে একটা বিজ আছে
test_tangail_0098.wav,tangail,সুন্দর একটা ছবিতে দেখলে দেখবেন। ওই ব্রিজে আসে ব্রিজের কাছে আসে তহন আর কি রাত। তহন সকিনারে সকিনারে নিয়া ও আস্তে আস্তে চইলা যায় অন্যদিকে। আর এইদিকে রনবীর কাপুর,ুছবিতে দেখলে দেখবেন ও ব্রজের আসে ্রিজের কাছে আসে তহনার কি গরাত তহন ছকি নারে থকিনারিনিয়া ও রস্তাআসতে চল়াযায় অে আরের দিকে রনবীর কাপুর
test_tangail_0099.wav,tangail,"একা পইড়া থাকে। রনবীর কাপুর এইডার লিগা অনেক কষ্ট পায়। যে একসময় সবাইরে হাসাইতো, আইজকা মানে ওই সবচেয়ে বেশি কষ্টে আছে। ছবিটা পুরাডা দেখলে আসলে বুঝা যায় যে, ওয়ান সাইডেড লাভের যে একটা ফিল।",কাপড়ে করণবীর কাপুর এইডার লিগে অনেক কষ্ট পায় যে একসময় সবাই দেহাচাইতো আজকে মানে ওই সবচেয়েবেশি কষ্টে আছে ছবিতা পুরাটা দেখলে আসলে বোঝা যায় র্য ওয়ানসাইটে লাভের যে একটা ফিল
test_tangail_0100.wav,tangail,"<> বুঝা যায়। মানে এইডা কি বলমু এইডা আসলে অনেক সুন্দর একটা লাভ, ওয়ান সাইডেড লাভ। তো এই ছবির একবারে লাস্টে দুইডা লাইন। মানে লাস্টের দুইডা লাইন আছে খুব",ে এডা কিভুল মইরা আসলে অনেক সুন্দর একটা লাভতই ছবির াকে লাক্টের দু়া লাইন মানে লাশ্টের ধরে লাইন আছে খুব
test_tangail_0101.wav,tangail,"পুরা ইমোশনাল কইরা দিবো শিউর। লাইনডা অইছে মানে হিন্দিতে, ক্যাহতে হ্যা মিল জায়ে তুমহে তুমহারি মোহাব্বাত, তো মানলো খুদা তুমপার মেহেরবান হো গায়া। অর আগার না মিলে, তো জানলো কি খুদা তুমসে এক জান হো গায়া।",ুব পুরাই মসুনয়কয়দিবস লাইন ডজে মানে হিন্দীতে কযাঁ তেখে মিল যায়ে তুমে তুমারই মুহাব্বৎ তো মানল ক্ষুধা তুমপার মেহরবান হো বেয়া অডাগার না মিলে তো জানল কি ক্ষুধা তুমসে এক জান হলে
test_tangail_0102.wav,tangail,"মানে বলা হয় যে, যদি তুমি তোমার ভালোবাসা পেয়ে যাও, তাহলে এটা মেনে নিও খুদা তোমার তোমারে মহব্বত করছে। আর যদি না মিলে তাইলে এইডা জাইনো যে খুদা তোমার সাথে এক জান হইয়ে গ্যাছে। <>",বলা হয় যে যদি তুমি তোমার ভালোবাসা পেয়ে যাও তাহলে এটা মেনে নিয়ো ক্ষুধা তোমার তোমারে মহাব্বত করছে আর যদি না মিলে তাইলে এটা জা়ন জে ক্ষুধা তোমার সাথে জান হয়ে গেছে ওয়া
test_tangail_0103.wav,tangail,"অস্থির একটা লাইন। আমার অন্যতম একটা ফেবারিট মুভি অর খালি লাইনডার যে লিগাই। দুই হাজার সাত সালের মুভি আমি মাত্র দেখলাম কয়েকদিন আগে। সো, সো আমি যেই মুভিগুলার রিভিউ রিভিউ মানে স্টোরি শেয়ার করলাম, এই মুভিগুলা আপনি চাইলে দেখতে পারেন।",াই আমার অন্যতম একটা ফ্েবারেট মুভি অর খালি লাইন্ডারজিনে াই ২০৭ সালে মুভি আমি মাত্র দেশঠঙ্কয়েকদিন আগে আনিজাই মুকিবিলার রিবিডিবি মানে স্টোরি শযার কুল্ামে ুির আপনি চাইলে দেখতে পারে
test_tangail_0104.wav,tangail,"সো আমি আবারও মানে নামগুলা উল্লেখ করতাছি। প্রথম প্রথমডা অইছে বোহেমিয়ান র‍্যাপসডি, তারপরে অইছে সেরেনডিপিটি, তারপরে হইছে লাইফ অফ পাই, তারপরে অইছে অক্টোবার, তারপরে হইছে সাবারিয়া।",সামি আবারও মানে নামগুলায় উল্লেখ করতেছি প্রথমছে প্রথম ডা়ছে বোহিমিয়ান র্রেপসডি তারপর ছে সেরেনডিপিটি তার পরে হয়েছে লাইঅব পাই তারপর ছে অক্টোবার তারপরে হয়েছে সাহবারিয়া
test_tangail_0105.wav,tangail,তো আমার মনে হয় এইটা একটা। মানে এই মুভিগুলা দেখতে দেখলে ভাল্লাগবে আশা করি। সো এইখানেই আমি রেকর্ডিং স্টপ করছি।,আর মনে হয় এটা একটা এই মুভিগুলা দেখতে দেখদেখলে ভালো লাগবে আশ করে সো এখানেই আমি রেকর্ডিংস্টপ করছি
test_tangail_0106.wav,tangail,"আসসালামু আলাইকুম, আমি জেরিন সুলতানা। আইডি টু ওয়ান টু থ্রি ফাইভ সেভেন ফোর টু। আজকে আমরা কারেন্ট অ্যাফেয়ার্স নিয়ে কথা বলবো। আমার সাথে স্পিকার হিসেবে থাকবে, আমার দুইজন বান্ধুবী সানজিদা আক্তার এবং এলিজা আক্তার। তাদের বয়স বাইশ বছর এবং তারা দুইজনই স্টুডেন্ট।",আমিেিন সুলতানা আইডি টু৩৫ ৭৪আজকে আমরা কারেন্ট অ্যাফেয়ার্স নিয়ে কথা বলব আমার সাথে স্পিকার হিসেবে থাকবে আমার দুজন বাধ্যবী সানজিদা আক্তার এবং এলিজা আক্তার তাদের বয়স ব২ বছর এবং তারা দুইজনই স্টুডেন্ট
test_tangail_0107.wav,tangail,"এই উর্মি, তুই দেখছোছ আজকের নিউজফিড বা আজকে পেপার পড়ছোছ? হ্যাঁ। এইযে সকালেই তো দেখলাম বঙ্গবাজারে নাকি কি হইছে রে এলিজা, জানোছ কিছু? তুই জানোস না? ওইখানে মোটামুটি তোর সাড়ে তিন হাজার না তিন হাজারের দোকান ছিলো, সবগুলা পুইড়া গেছে, একদম ছাই। কিচ্ছু নাই। সিরিয়াসলি?",এই উরমির তুইকে দেখসোস আজকের নিউ স্ফিড বাসকে পেপার বোরোস হ্যাঁ সকালে তো দেখল বঙ্গবাজার একে কেরিসের লেজা জানসনা ওইখানে মোটামুটি তোর সাড়ে তিন না তিন হাজারের মতো দোকান ছিল সবগুলো পুড়ে গেছে একদম ছাই
test_tangail_0108.wav,tangail,"হ্যাঁ একদম খালি ওইখানে। কীভাবে হইছে? কি জানি? সকালে হচ্ছে সকালের দিকে ছয়টার দিকে আগুন লাগছে ওইখানে। তো এইটা ভাগ্য ভালো যে হচ্ছে মানুষ কোনো মানুষ মারা যায় নাই। আচ্ছা, আমি তো শুনছি মানুষ মারা গেছে। শুধু জানমালের ক্ষতি হইছে। আমি মানুষ মারার কথা শুনি নাই। আমি শুনছি একটা ছেলে হইলো দোকানে নাকি কাজ করতো। কর্মচারী ছিলো। কর্মচারী ছিলো? হ্যাঁ হ্যাঁ।",একদম খাকি জা নি সকালে হচ্ছে সকালের দিকে ছয়টার দিকে আগন নএটা ভাগ্যভালো যে হচ্ছে মানুষ কোনো মানুষ মারা যায়নি া আদন জানছে মালুষ মারা মি াুআলুশমিচি একটা ছেলে হইলো দোকানে নাকি কারারি ধর্মে এরেছিল
test_tangail_0109.wav,tangail,"তার বোনের ল্যাহেঙ্গা চাইছিলো। ওস্তাদের কাছে। হ্যাঁ, ওর নাকি খোঁজ পাওয়া যায় নাই কিন্তু ওইটা খবরে দেখি নাই। এখন ওটা ফেসবুকে দেখছি, এখন ওটা বিশ্বাসযোগ্য ওটা বলতে পারি নাই। আচ্ছা, তদের কি মনে হয় যে ঈদের আগেই কেনো আগুন লাগে? সবসময় প্রত্যেকবারই? আমার তো মনে হয় চক্রা",বোনের লযাহাঙ্গা চাইছিল স তাদের কাছ যায়না কিন্তু এটা খবরে দেখিনা ওটা ফেসবুকে েকছেকতটুক বিশ্বাসযোগ্য া বলতে পারেনি তদের কি বোলা হয়যে ঈদের আগেই কেন আগুন লাগে সব সময় পদি চর
test_tangail_0110.wav,tangail,"একটা চক্র ঘুরে যারা এইচ কাপড়ের দাম বাড়াইতে চায়। আমার জানি কেন মনে হয়। এইটা পার্সোনালি আমার মনে হয় যে, একটা জায়গায় জাস্ট একটু দেখায় যে আগুন লাগছে। বাকি মার্কেট ধর চকবাজার, আমি বঙ্গবাজারের আগুন লাগার পরে যখন নিউমার্কেটে গেলাম। আমি একটা জিনিস ফেস করলাম যে, নিউমার্কেটে কাপড়ের দাম রাতারাতি বাইড়া গেছে।",চক্র ঘুরে যারা কাপড়ের দাম পা়েনর ে হযে একটা জায়গা যাসটিটু দেখায় যা গুর লাগছে বাকি মার্েটচকি বঙ্গবাজারের আগুন লাগার পরে যখনইউ মার্কেটে গেলাম আমে একটা জেশ ফেস করলাম যে নিউমার্কেটে কাপড় আতামর আতালাতী বাইরা গেছে
test_tangail_0111.wav,tangail,"তা আমার যেইডা মনে হইতেছে যে, এইটা একটা চক্র ঘুরে। বুঝতে পারছিস? না আমি আবার আরেকটা কথা শুনলাম। ওইখানে নাকি অরা বিল্ডিং করতে চাইছিলো, বঙ্গবাজার সড়াইয়া। হ্যাঁ এইটা শুনছি। সিটি করপোরেশনের কিছু একটা বলছিলো। তো ওইটা হইলো অরা বিল্ডিং কইরা বড় মার্কেট বানাইতে চাইছিলো কিন্তু এতে ব্যবসায়ীদের অনেক সমস্যা হইতো।",মার জেরা মনাহতা ছে যে এটা একটা চকর কুরে না আমি আবার আরেকটা কথা শুনলাম ওইখানে নাকি ওরা বিল্ডিং করতে চাইছি বঙ্গবাজার সরাযঅযার সিটি কর্পোরেশনের কেছু একটা ব্স্তিতওএটরা বিল্লিং করা বড় মার্কেট বানাতে চেইছিল কিন্তু এতে ব্যবসায়ীদের অনেক সমস্যা হয়তো
test_tangail_0112.wav,tangail,"তো আমার মনে হয় ওই বিল্ডিং করার জন্যই কেউ চক্রান্ত করে আগুন লাগায় দিছে। দেখ, আমাদের দেশে ব্যবসা হয় জাস্ট এই দুইটা ঈদ। দুইটা ঈদে হচ্ছে দেশে ব্যবসা হয়। তারা অনেকে আছে যে ঋণ-টিন করে",তারমার মনে হয়ওই বিল্ডিং করার জন্যই কেউ চক্রান্ত করে আগুন লাগায়ে দিসে দেখ আমাদের দেশে ব্যবসা হয় জাস্ট এই দুইটা ইঁদ ২ুইটা ঈদে হচ্ছে দেশে ব্যবসাময় তারা অনেকে আছে যে লিন টিন করে
test_tangail_0113.wav,tangail,"তারা মাল উঠাইছে দোকানে। এখন এই সবগুলা পড়ে গেছে। একদম নিঃস্ব হইয়া গেছে। সিরিয়াসলি? আসলেই, এইটা খুবই একটা খারাপ হইছে কিন্তু এই দুইমাসই তো ব্যবসা করে। রোজার দুইমাসই তো ব্যবসা করে। বাট একসুয়ালি যে মানুষটা প্রথমে দেখছে ওইটার কি অথেনটিফিকেশন আছে যে দেখছে আদৌ? শোন",তারা মাল উঠাইছে দোকানে এখন এই সব গুলা পড়ে গেছে একদম নিশময় েটা খুবই একটা খারাপ হোঁজে কিন তুই মাসত ব্যবসা করে প্রোজার দুইমাসেতো ব্যবসা ট্যাকচলি যে মানুষ্টার প্রথমের দেখছে বোটেরি কোনো অন্থেনটিফ্রিকেশন আছে
test_tangail_0114.wav,tangail,"ওরা দোকান খোলে হচ্ছে, তোর ছয়টার দিকে এবং আগুন আরো আগেই লেগে গেছে। তখন ওরা ছিলো না। সব তালা মারা ছিলো। কিন্তু আমি একটা বুঝি না, <> অরা ক্যাশ টাকা কেনো দোকানে রাখে? তদের কি এইসবের কোনো ধারণা আছে? সেটাই। রাতে চলে গেছো। আমার তো মনে হয় কোনো ক্যাশ টাকা পুড়েই নাই। না না, পুড়ছে। ওইযে",ওরার দোকান খোলে হচ্ছে তোর ৬যটা এবং আগুন আরো আগেই লেগে গেছে তখন ওরাচ্ছিল না সব তালা মারা ছিল কিন্তু আমি একলাজিনি বাছি না অরাক কযশ টাতা কেলো দোকানে রাখি তদের কে শুবে্র ধারণা াই রাতে চলে রতর কর কযাশ টাকা করে না না খুড়ছে জ
test_tangail_0115.wav,tangail,"ও কি? অনেকে কান্নাকাটি করছে না? সবাই কান্নাকাটি করছে। আমি আ এইটা তো দেখাইছে। পেপারেও দেখাইছে। আর একজন নেতা আছে না? সবাইকে ই করে? চট্রগ্রামের রাউজানের নেতা? কি জানি নাম ওইটার? ভাই, কি জানি? ফারাজ, ফারাজ, ফারাজ, ফারাজ কারিম।",কিআি তেতো দেখাইছে পেপারেও দেখাইসে আর একজন নেতা আসেনা সবাইকে করে চট্টগ্রামের রাউজানের নেতা পাড়ার াস্ফারাজকার
test_tangail_0116.wav,tangail,"তো সে তার কাছে নিয়া দেখাইছে। পাঁচ লাখ টাকার পোড়া ক্যাশ যে, পুড়ছে তার কাছে নিয়া গেছে। সে তারপরে হেল্প করছে মনে হয়। সে লাইভে দেখাইছিলো। কিন্তু দেখ? নরমাল মুদির দোকান ব্যবসায়ীরা কিন্তু বিজনেস শেষে টাকা বাসায় নিয়া যায়। হ্যাঁ। কিন্তু ওতো বড় বড়, এতো টাকা, হ্যাঁ এই কেনো দোকানে রাখছে? আমি জানি না। তবে একটা লোকরে দেখলাম যে সিন্ধুকের মদ্যে টাকা।",তো সে তার কাছে নিয়ে দেখেছে পাঁচ লাখ টাকার পোডরা গ্যাস যে পুরস তার কাছে নিয়ে গেছে সে তারপরেলাইেসে স দোকার ব্যবসায়ীরা কিন্তু বিজনেশেসে টাকা বাসায় নেয়া যায় কিন্তু এত বড় বড় এই কেন দোকানে রাখসামে জায়না তবে একটা লোকরা দেখলাম যে সিন্দুকের মধ্যে টাকা
test_tangail_0117.wav,tangail,"রাখছিলো। ওই লোকটার টাকা-পয়সা ইকটু মানে বাঁইচা গেছে, সেভ হইছে আর কি। মানে সবাই দেখি ডয়ারে-টয়ারে রাখে। কথা হইলো ডয়ারে রাইখা যাবে কেনো? আমি আমার বাসায় নিয়া যাবো। বাসায় নিয়া যাবো। এতো ক্যাশ যদি চুরি হয়? তখন কি হবে? সেটাই, সবার অসাবধানতা।",রাছিল ঐই লোকটার টাকা পয়সা একটুসবাই দেখি ডয়ারেটরে রাখে ো ডযরে রেখোএতো ক্যাশ যদি চুরি হয় তখন কিঅকিং সবার অসাবধানতা
test_tangail_0118.wav,tangail,সবকিছু মিলে। কিন্তু এখন একটা জিনিস ভালো যে শুধু প্রধানমন্ত্রীর উপর ডিপেন্ড কইরা নাই। দেশের সবাই যে যার জাগা থেকে আগায় আসছে হেল্প করার জন্য আগায় আসতেছে। এখন রিসেন্টলি দেখতেছি কিছু ব্লগার আ রাফসান দা ছোট ভাই,কিন্তু এখন একটা জিনিস ভালো যে শুধু প্রধানমন্ত্রীর উপর ডিফেন্ড কইরা নাই দেশের সবাই যে চার জায়গা থেকে হেলে কড়ার জন্য আগে আসতে এখন রিসেন্টলি দেখতেছি কিছু ব্লগার রাফসান্দা ছোটভাই
test_tangail_0119.wav,tangail,"তারপর বিদ্যা সিনহা মীম, তাহাসান। সবাই যার যার পক্ষ থেকে একেকটা কাপড় কিনতেছে, পোড়া কাপড় এবং এক লাখ টাকা করে দিতেছে, এক লাখ টাকা করে দিতেছে। এটা খুবই ভালো উদ্যোগ মানে সবার কন্ট্রিবিউশনে দেখা যাইতেছে ব্যবসায়ীরা আবার নতুন করে দাঁড়াইতে পারতেছে। বিদ্যানন্দ কি বিদ্যা সিনহা মীমের?",তারপর বিদ্যাসিন্না মিম তাহাসান সবাই যার্ যার পক্ষ থেকে এক একটা কাপ় কিনতেসটে পোড়া কাপড় এবং এলটাকা করে একলাকটার করে দিতেছ এটা খুবই ভালো উদ্যোগ পালে সবার কন্টিভিউশনে দেখা যাইতেছে ব্যবসায়ীরা আবার নতুন করে দাঁড়াইতে পারক বিদ্নাসিহা
test_tangail_0120.wav,tangail,"অনুষ্ঠান? না, না, না, না, না। আরে না। বিদ্যানন্দ তো একটা ফাউন্ডেশন ফাউন্ডেশন। ও আচ্ছা। যেখানে এইটা চ্যারিটি বেজ ওইখান থেকে হইতাছে সবাইকে সবাইকে সাহায্য করা হয়। তো এইটা একটা বাট ভালো আমার কাছে আসলে ব্যাপারটা ভালোই লাগলো। কিন্তু কথা হইতেছে যে, আজ",বিদ্যনিন্ধতো একটা ফাউন্ডেশন ফাউন্ডেশন পেইস ওইখান থেকে হইতেছে সবই বাহেল সাহায্য করা হয় আমার কাছে আসলে ্যাপারুপথই তেছে যে আ
test_tangail_0121.wav,tangail,"তো এই টাকাগুলো কতোগুলা মানুষের কাছে পৌঁছাইতে পারতেছে। যতোটুকু আমি হিসাব করে ধর যদি ক্যালকুলেশন নরমালি করি তাইলেও তো হইতাছে অনেক টাকা হইয়া যায় কিন্তু দেখ দিতেছে কতো লাখ ট্যাহা কইরা? একেকজনরে ব্যবসায়ীরে হায়েস্ট গেলে দুই থেকে আড়াই লাখ টাকা কইরা দিতাছে কিন্তু দুই লাখ আড়াই লাখই কি পাচ্ছে একেকজন ব্যবসায়ী? এইডাও তো কথা কিন্তু তারা তো বলতেছে, সবাইকে তো বলতেছে, তাদের লস হইছে এক কোটি, দেড় কোটি।",তই টাকাগুলো কতগুলো মানুষের কাছে পৌঁছাইতে পারযতটুকু আমী হিসাব করে যদি ক্যালুকুলেশন নরমালি করে তায়লেও তো হইতেছে অনেক টাকা হয়া যায় ো দেখ দিতেছে কত লাগতে ব্র্যাকেরজন ব্যবসায়ীরা হাইসগার দুই থেকে আড়েলাকারা করে দিতাদুই লাখ আড়াই লাখ কি পাচছে একএজন ব্যবসায়ী এডাও তো থািন সবার ত গুধে আেছে তাদের ল্চ হইছে এক কোটি দেড় কোটি
test_tangail_0122.wav,tangail,"তো দুই-তিন লাকে কি হবে? কিন্তু তারা উইঠা উঠার চেষ্টা করতেছে। তারা হইলো, হ্যাঁ ওইদিন দেখলাম খাটিয়া বিছাইয়া, খাটিয়া বিছাইয়া সবাই দোকান খুলছে, ব্যবসা করা শুরু করছে। ময়লা কাপড়গুলা সড়াইয়া। তো এটাও একটা ভালো উদ্যোগ কিন্তু তাদের আসলে অনেক বেশি লস হয়ে গেছে। আ",তো দুইদিন নাকে কি হবে কিন্তু তারা উইঠা ওঠার চেষ্টা করতে তারা দিন দেখলাম খাঁটিয়াবি ছা়া় সবাইতাবান খুলছে ব্যবসা করা শুরু করছে ময়লাকাপড় তইটামাকটা ভালো দক্ষিণ তাঁদেরা সূল অনেক বেশিল
test_tangail_0123.wav,tangail,"আরেকটা ভালো ব্যাপার দেখছিস? যে হিজরা সম্প্রদায় আছে, তারাও তাদেরকে মানুষ কতো ছোট করে কিন্তু তারাও এইখানে বিশ লাকের মতো টাকা দিছে। তারা তাদের হজের টাকাটা দিয়ে দিছে। তো এইটা খুবই একটা ভালো উদ্যোগ আমি দেখতেছি যে, দেশের সব মানুষ সেখানে কন্ট্রিবিউশন",আরেকটা ভালো ব্যাপার দেখছি যে হিজড়া সম্পাদায় আছে তারাও তাদেরকে মানুষ কত ছোটঘরে কিন্তু তারাও এখানে ২িশ লাখের মতো টাকা দিছে তারা তাদের হজের টাকাটা দিয়ে দিছে তইটা খুবই একটা ভালোউদ্বোগআমী দেখতেছি ে দেশের সব মানুষ সেখানে কন্টিবিউশন
test_tangail_0124.wav,tangail,"দিতেছে যে যতো পারে। হুম, দিতেছে কিন্তু তাদের লস এতো পরিমাণে বেশি হইছে যে, তাদের ওই টাকায় হচ্ছে না। এখন ওইদিন দেখলি না? নিউজফিডে তো দেখছিস যে সাকিব, সাকিব আল হাসান নাকি দিলো বিশ হাজার জাস্ট ইফতারি করার জন্য। ওর ফাউন্ডেশন পিছন দিয়ে আরো অনেক টাকা দিছে কিন্তু ইফ সামনে দিয়ে হচ্ছে ইফতারির জন্য বিশ হাজার টাকা দিছে. এই জন্য একটা এইডাই হাইলাইটেড বেশি হইছে।",দিতে সেকিন্দ তাদের লস এত পরিমাণে বেশি হয়েছে যে তাদের ওই টাকাই হচ্ছে না এখন ওইদিন দেখলি না নিউসফযিডে তো টেক্সিস সাকিব সাকিবাল হাসান নাকি দিলেও বিশ হাজার জাস্ট ইফতারি করার জন্য ওর ফাউন্ডেশন পিছন দি়ে আরো অনেক টাকা দিযছে কিন্তু ইফসামনে দিয়ে হচ্ছে ইফ্তারির জন্য বিশাজতা গাছে এজন্য যারে ডায়লেইটর বেশস
test_tangail_0125.wav,tangail,"হ্যাঁ। দেন ওই লোকটা ওইযে, ওইটা তো ভাইরাল হয়ে গেলো। ওই লোকটা কতো কী বললো? পরে তো ওই লোকটারে নাকি খুঁইজাই পাওয়া যায় না এখন? এইরকম বলতেছে যে, কে বলছে? কী বলছে? লোকটারে নাকি খুঁইজাই পাওয়া যায় না? ওই লোকটা, কে সাকিব আল হাসানকে নিয়ে কথা বলছে? হয়তো ভাইরাল হয়ে গেছে এখন তো সে পলাতকই থাকার কথা।",বেনইলোকটা ওইজে ওটা তো ভাইরাল হয়ে গেল কত কি বলখুইজেই পাওয়া যায় না এখন এরকম বলতে ছেকে বলোকটাই নাে খুঁইজাই পাওয়া ায় ভাইরাল হয়ে গেছে এখন তো সেই পলাতকই থাকার কথা
test_tangail_0126.wav,tangail,"লুকায়ই থাকবে। এতো বড় একটা কথা বলছে। ভাই একে তো গরম তার উপরে এই আগুন ধরছে। সব জায়গায় মানে, এখন গরমের তাপ শুরু হয়ে গেছে। কি গরমটা পড়ছে দেখছোছ? কথা হইলো গরমটা রোজার মধ্যে পড়ছে। ফাস্টের দিকে যে রোজা ছিলো, আমরা তো ভাবছিলাম খুব বিষ্টিতে ঠান্ডা ঠান্ডা রোজাটা শেষ হবে।",লুকাইয়েই থাকবে এত বড় একটা কথা বলছে ভাই একেত গরম তারোপ পরে আগুন ধরছে সব জায়গায় মানে এখন গরমের কাপ শুরু হয়ে গেছে কি গরমটা বোরসে লেক্স কথা হল গরমটা রোজার মধ্যে পড়ছে ফাঁস্টের দিকে য রুজাচ ছিল আমরা থে ভাব ছিলাম খুব বৃষ্টিতে ঠান্ডা ঠান্ডা আরোজাটা শেষ হবে
test_tangail_0127.wav,tangail,"কিন্তু সেটা আর হইলো না। মানে এখন তো মনে হয়, দাবানল এক চলতেছে। না? হ্যাঁ হ্যাঁ দাবানল এক নাম দিছে। এই দাবানলে কি এইরকম হইতে পারে আমাদের সুন্দরবনে আগুন লাইগা যাইতে পারে? এইটা হইতে পারে। না আমিতো দেখছি বড় বড় কান্ট্রিতে এইরকম হয়। হয় হ্যাঁ। অতিরিক্ত গরমের কারণে আগুন ধইরা যায় বিভিন্ন জাগায়।",কিন্তু সেটা আর হইল া ারে এখন তোখন হয় দাবানো ল্যাখ চলতেছএই দাবানলেকে এ রকম হইতে পারে আমাদের সুন্দরবনে আগুন লেগে যেতে পারে টা হইনা আমি তো দেখছি বড় বড় কানজিতে এ রকম হয়অতি গরমের কারণে বিভিন্ন জায়গায়
